,DE_LU_NUC,FR_NUC,ES_NUC
2019-01-01,672610.0,1264032.0,145741.0
2019-01-02,802634.0,1325711.0,145697.0
2019-01-03,910358.0,1341936.0,147561.0
2019-01-04,885415.0,1340824.0,150365.0
2019-01-05,878505.0,1294627.0,152049.0
2019-01-06,902024.0,1319053.0,169964.0
2019-01-07,890305.0,1339942.0,170724.0
2019-01-08,866031.0,1318678.0,170785.0
2019-01-09,890094.0,1326305.0,170780.0
2019-01-10,910321.0,1316817.0,170727.0
2019-01-11,875951.0,1312403.0,170419.0
2019-01-12,854589.0,1263823.0,170582.0
2019-01-13,830185.0,1212553.0,170275.0
2019-01-14,824917.0,1219146.0,170313.0
2019-01-15,866588.0,1247229.0,170683.0
2019-01-16,865061.0,1273918.0,170668.0
2019-01-17,869918.0,1275026.0,170707.0
2019-01-18,905157.0,1284049.0,165331.0
2019-01-19,911370.0,1187893.0,146211.0
2019-01-20,910704.0,1236474.0,145769.0
2019-01-21,910029.0,1262377.0,145832.0
2019-01-22,909417.0,1275610.0,146286.0
2019-01-23,911171.0,1300745.0,153448.0
2019-01-24,912553.0,1314087.0,165835.0
2019-01-25,909707.0,1311445.0,170492.0
2019-01-26,905677.0,1293651.0,170794.0
2019-01-27,892130.0,1272555.0,170740.0
2019-01-28,904945.0,1323938.0,170578.0
2019-01-29,908315.0,1325676.0,170798.0
2019-01-30,890457.0,1318729.0,170835.0
2019-01-31,908978.0,1309883.0,170725.0
2019-02-01,898409.0,1318117.0,170768.0
2019-02-02,907211.0,1324677.0,170829.0
2019-02-03,904717.0,1315683.0,170815.0
2019-02-04,858405.0,1331728.0,170839.0
2019-02-05,877471.0,1318202.0,163717.0
2019-02-06,908225.0,1324817.0,170830.0
2019-02-07,893722.0,1317041.0,170819.0
2019-02-08,871809.0,1312994.0,170813.0
2019-02-09,786688.0,1246077.0,170793.0
2019-02-10,793162.0,1241232.0,170777.0
2019-02-11,845684.0,1310778.0,170693.0
2019-02-12,895434.0,1324732.0,170717.0
2019-02-13,889299.0,1322125.0,170605.0
2019-02-14,906164.0,1289904.0,170724.0
2019-02-15,900592.0,1282425.0,170495.0
2019-02-16,882922.0,1228041.0,159113.0
2019-02-17,902629.0,1222154.0,165336.0
2019-02-18,903401.0,1267079.0,170646.0
2019-02-19,870852.0,1261855.0,170697.0
2019-02-20,900759.0,1265998.0,170750.0
2019-02-21,899185.0,1281816.0,170717.0
2019-02-22,902553.0,1281707.0,170686.0
2019-02-23,903803.0,1217738.0,170622.0
2019-02-24,886063.0,1242219.0,170647.0
2019-02-25,899708.0,1269582.0,170649.0
2019-02-26,902466.0,1277166.0,170486.0
2019-02-27,900186.0,1277813.0,170613.0
2019-02-28,894490.0,1266438.0,170138.0
2019-03-01,901454.0,1224457.0,170518.0
2019-03-02,900172.0,1197182.0,170471.0
2019-03-03,662250.0,950584.0,170442.0
2019-03-04,832209.0,1147776.0,170418.0
2019-03-05,870181.0,1206322.0,169805.0
2019-03-06,891493.0,1213586.0,170482.0
2019-03-07,853393.0,1207731.0,170443.0
2019-03-08,826634.0,1211259.0,170595.0
2019-03-09,752621.0,1060690.0,170492.0
2019-03-10,870106.0,1012290.0,170359.0
2019-03-11,896072.0,1185983.0,170381.0
2019-03-12,881398.0,1211003.0,170201.0
2019-03-13,877677.0,1198952.0,170157.0
2019-03-14,890905.0,1224201.0,170214.0
2019-03-15,881503.0,1167769.0,170051.0
2019-03-16,852733.0,1013493.0,170085.0
2019-03-17,773881.0,883289.0,170108.0
2019-03-18,855827.0,1104399.0,170250.0
2019-03-19,905261.0,1153204.0,170358.0
2019-03-20,899768.0,1162740.0,170395.0
2019-03-21,899672.0,1137535.0,170356.0
2019-03-22,900309.0,1139167.0,170352.0
2019-03-23,899091.0,1113358.0,170307.0
2019-03-24,896336.0,1124058.0,170338.0
2019-03-25,892788.0,1170746.0,170321.0
2019-03-26,867148.0,1205798.0,170353.0
2019-03-27,896016.0,1213295.0,170399.0
2019-03-28,900964.0,1197128.0,170429.0
2019-03-29,898630.0,1163083.0,170399.0
2019-03-30,896192.0,1139652.0,170426.0
2019-03-31,866079.0,1008948.0,170448.0
2019-04-01,897981.0,1100529.0,170117.0
2019-04-02,876871.0,1078707.0,170034.0
2019-04-03,897984.0,1074770.0,170208.0
2019-04-04,899025.0,1069110.0,158639.0
2019-04-05,903146.0,1095409.0,145187.0
2019-04-06,899112.0,1040974.0,138034.0
2019-04-07,895171.0,1086009.0,144712.0
2019-04-08,880547.0,1135959.0,145109.0
2019-04-09,890927.0,1148292.0,145154.0
2019-04-10,895513.0,1120185.0,145128.0
2019-04-11,900983.0,1115021.0,145102.0
2019-04-12,902766.0,1084494.0,144842.0
2019-04-13,831477.0,1035358.0,144883.0
2019-04-14,773119.0,1033526.0,144617.0
2019-04-15,765678.0,968870.0,144423.0
2019-04-16,766741.0,1078962.0,144894.0
2019-04-17,762418.0,1068150.0,144876.0
2019-04-18,745240.0,1062370.0,165676.0
2019-04-19,745765.0,1075566.0,168575.0
2019-04-20,727649.0,996328.0,168554.0
2019-04-21,516815.0,946208.0,168462.0
2019-04-22,403307.0,849183.0,168227.0
2019-04-23,556125.0,1010812.0,167917.0
2019-04-24,614757.0,1074252.0,167917.0
2019-04-25,635326.0,1077273.0,167642.0
2019-04-26,639733.0,1077996.0,160041.0
2019-04-27,606984.0,936785.0,146208.0
2019-04-28,637353.0,988763.0,146124.0
2019-04-29,642101.0,1076569.0,145976.0
2019-04-30,638276.0,1047988.0,145766.0
2019-05-01,611626.0,1012558.0,145646.0
2019-05-02,622638.0,1047296.0,145620.0
2019-05-03,631597.0,1075495.0,145623.0
2019-05-04,626991.0,1045562.0,145491.0
2019-05-05,636531.0,1037815.0,145389.0
2019-05-06,638682.0,1070647.0,145248.0
2019-05-07,639258.0,1056636.0,145125.0
2019-05-08,638361.0,1046692.0,144941.0
2019-05-09,637067.0,1034071.0,144967.0
2019-05-10,636920.0,1033836.0,125700.0
2019-05-11,633616.0,980881.0,121877.0
2019-05-12,606341.0,884931.0,121940.0
2019-05-13,632750.0,983304.0,121976.0
2019-05-14,634441.0,985987.0,121505.0
2019-05-15,635031.0,1034203.0,121325.0
2019-05-16,633554.0,1073670.0,121465.0
2019-05-17,591933.0,1082477.0,121854.0
2019-05-18,515057.0,1034905.0,121371.0
2019-05-19,513359.0,1019955.0,122125.0
2019-05-20,515328.0,1048803.0,122076.0
2019-05-21,513839.0,1060160.0,121941.0
2019-05-22,515858.0,1056583.0,121812.0
2019-05-23,517175.0,1050153.0,121376.0
2019-05-24,515886.0,1027010.0,121552.0
2019-05-25,514600.0,945386.0,121634.0
2019-05-26,466569.0,870553.0,121635.0
2019-05-27,560468.0,998010.0,121507.0
2019-05-28,638805.0,1019282.0,121425.0
2019-05-29,675908.0,1025273.0,121451.0
2019-05-30,631360.0,919969.0,121430.0
2019-05-31,667897.0,988449.0,121433.0
2019-06-01,717602.0,895770.0,121211.0
2019-06-02,722472.0,789646.0,120974.0
2019-06-03,742543.0,949911.0,120888.0
2019-06-04,749628.0,967507.0,120789.0
2019-06-05,668509.0,987828.0,123681.0
2019-06-06,626606.0,1004748.0,128497.0
2019-06-07,623026.0,872577.0,134291.0
2019-06-08,477016.0,721020.0,142739.0
2019-06-09,493776.0,842132.0,157297.0
2019-06-10,501369.0,937947.0,165543.0
2019-06-11,503344.0,986629.0,167274.0
2019-06-12,503038.0,978018.0,168004.0
2019-06-13,503388.0,979440.0,167904.0
2019-06-14,499375.0,1002555.0,167578.0
2019-06-15,493714.0,955572.0,166043.0
2019-06-16,502929.0,919853.0,167722.0
2019-06-17,552471.0,1004448.0,167764.0
2019-06-18,565576.0,1004608.0,167820.0
2019-06-19,584823.0,983341.0,167693.0
2019-06-20,606003.0,990036.0,167615.0
2019-06-21,613153.0,979203.0,167927.0
2019-06-22,620172.0,955385.0,167790.0
2019-06-23,612427.0,889446.0,167450.0
2019-06-24,617373.0,1019428.0,167447.0
2019-06-25,611378.0,1037520.0,167277.0
2019-06-26,675668.0,981481.0,166966.0
2019-06-27,713356.0,1002534.0,156279.0
2019-06-28,739081.0,998917.0,162788.0
2019-06-29,734489.0,969466.0,166667.0
2019-06-30,717022.0,835586.0,166683.0
2019-07-01,723803.0,971335.0,151217.0
2019-07-02,724760.0,992044.0,156582.0
2019-07-03,735540.0,988495.0,166744.0
2019-07-04,726784.0,987172.0,167089.0
2019-07-05,731849.0,1006850.0,166286.0
2019-07-06,729003.0,937257.0,165863.0
2019-07-07,723924.0,902285.0,166017.0
2019-07-08,733128.0,974356.0,166853.0
2019-07-09,780028.0,964661.0,167798.0
2019-07-10,851226.0,971938.0,168012.0
2019-07-11,853161.0,984487.0,166698.0
2019-07-12,798143.0,988082.0,165299.0
2019-07-13,728980.0,955962.0,165339.0
2019-07-14,729517.0,930023.0,167046.0
2019-07-15,714664.0,965048.0,167057.0
2019-07-16,715732.0,966878.0,166665.0
2019-07-17,720381.0,969467.0,166818.0
2019-07-18,720703.0,971901.0,166410.0
2019-07-19,650122.0,953287.0,166261.0
2019-07-20,599416.0,903867.0,166069.0
2019-07-21,598451.0,898961.0,166089.0
2019-07-22,602107.0,944647.0,165632.0
2019-07-23,598907.0,944212.0,165909.0
2019-07-24,594292.0,886598.0,165558.0
2019-07-25,591715.0,667833.0,165245.0
2019-07-26,580071.0,837678.0,165978.0
2019-07-27,608820.0,843605.0,167276.0
2019-07-28,710837.0,844046.0,167568.0
2019-07-29,728943.0,932278.0,167631.0
2019-07-30,726279.0,940246.0,167418.0
2019-07-31,726145.0,894044.0,167174.0
2019-08-01,730198.0,910464.0,166626.0
2019-08-02,729439.0,932063.0,166774.0
2019-08-03,729537.0,920300.0,165876.0
2019-08-04,703475.0,916192.0,165556.0
2019-08-05,722489.0,924136.0,165135.0
2019-08-06,723010.0,931326.0,165279.0
2019-08-07,722436.0,916802.0,165612.0
2019-08-08,707795.0,936626.0,165451.0
2019-08-09,639873.0,923131.0,163737.0
2019-08-10,552934.0,728618.0,165378.0
2019-08-11,554101.0,774615.0,166245.0
2019-08-12,628232.0,886501.0,167196.0
2019-08-13,613754.0,925146.0,167154.0
2019-08-14,623523.0,926502.0,166969.0
2019-08-15,721006.0,847256.0,166224.0
2019-08-16,746283.0,867682.0,165960.0
2019-08-17,736703.0,821287.0,165543.0
2019-08-18,727907.0,821374.0,154518.0
2019-08-19,724176.0,889170.0,165353.0
2019-08-20,741369.0,916617.0,167198.0
2019-08-21,750295.0,906270.0,167227.0
2019-08-22,739096.0,903966.0,167035.0
2019-08-23,732435.0,896304.0,167317.0
2019-08-24,738419.0,884947.0,167194.0
2019-08-25,737236.0,856316.0,166739.0
2019-08-26,739481.0,901165.0,167096.0
2019-08-27,737298.0,933828.0,157491.0
2019-08-28,741660.0,953565.0,142795.0
2019-08-29,742687.0,922524.0,146024.0
2019-08-30,735831.0,903632.0,164476.0
2019-08-31,736175.0,875948.0,164740.0
2019-09-01,728841.0,889101.0,166733.0
2019-09-02,741181.0,917929.0,166939.0
2019-09-03,745145.0,933593.0,166387.0
2019-09-04,748387.0,936878.0,166600.0
2019-09-05,739094.0,919966.0,166972.0
2019-09-06,750222.0,936925.0,167475.0
2019-09-07,745797.0,895760.0,167627.0
2019-09-08,751209.0,931049.0,167330.0
2019-09-09,756981.0,987731.0,167530.0
2019-09-10,739813.0,997280.0,167911.0
2019-09-11,743810.0,994015.0,167984.0
2019-09-12,748693.0,998607.0,167775.0
2019-09-13,739204.0,987119.0,167738.0
2019-09-14,745641.0,945602.0,165914.0
2019-09-15,691944.0,900239.0,167706.0
2019-09-16,753879.0,952479.0,167810.0
2019-09-17,738721.0,937190.0,167904.0
2019-09-18,747762.0,891021.0,167837.0
2019-09-19,753165.0,831561.0,167482.0
2019-09-20,754112.0,898964.0,167518.0
2019-09-21,751047.0,873032.0,165681.0
2019-09-22,758737.0,879853.0,167333.0
2019-09-23,868153.0,882093.0,166477.0
2019-09-24,867875.0,863466.0,166197.0
2019-09-25,879448.0,910179.0,166298.0
2019-09-26,875816.0,923428.0,166358.0
2019-09-27,878462.0,930682.0,165772.0
2019-09-28,829014.0,848201.0,163842.0
2019-09-29,766305.0,733107.0,165383.0
2019-09-30,820377.0,912995.0,165485.0
2019-10-01,880061.0,944485.0,165395.0
2019-10-02,875576.0,973909.0,165538.0
2019-10-03,887271.0,992635.0,165706.0
2019-10-04,889860.0,982582.0,164477.0
2019-10-05,887332.0,939762.0,158191.0
2019-10-06,883091.0,922386.0,142668.0
2019-10-07,886444.0,948143.0,142899.0
2019-10-08,866106.0,909126.0,142861.0
2019-10-09,865777.0,933871.0,142771.0
2019-10-10,838399.0,948468.0,142860.0
2019-10-11,798957.0,943625.0,142877.0
2019-10-12,797877.0,935255.0,142914.0
2019-10-13,858866.0,910091.0,142869.0
2019-10-14,871014.0,941965.0,142852.0
2019-10-15,875822.0,930266.0,143259.0
2019-10-16,885659.0,923790.0,143034.0
2019-10-17,885447.0,889899.0,143288.0
2019-10-18,869506.0,924399.0,143335.0
2019-10-19,876159.0,925355.0,143349.0
2019-10-20,883456.0,916086.0,143447.0
2019-10-21,884261.0,949542.0,143534.0
2019-10-22,885102.0,968135.0,143466.0
2019-10-23,881449.0,964519.0,142438.0
2019-10-24,883409.0,955914.0,141705.0
2019-10-25,869739.0,924082.0,142304.0
2019-10-26,824082.0,830777.0,143506.0
2019-10-27,795339.0,808326.0,143552.0
2019-10-28,888004.0,941204.0,143533.0
2019-10-29,893234.0,957779.0,143492.0
2019-10-30,896276.0,958075.0,139836.0
2019-10-31,894559.0,943201.0,135387.0
2019-11-01,891760.0,885845.0,135212.0
2019-11-02,862858.0,846582.0,129240.0
2019-11-03,864244.0,842277.0,118493.0
2019-11-04,880824.0,923952.0,120853.0
2019-11-05,887393.0,933252.0,120966.0
2019-11-06,891191.0,944498.0,121069.0
2019-11-07,890671.0,933658.0,121135.0
2019-11-08,889888.0,963212.0,113633.0
2019-11-09,891879.0,974637.0,96440.0
2019-11-10,892250.0,975402.0,96442.0
2019-11-11,891094.0,987233.0,96457.0
2019-11-12,886950.0,952476.0,96365.0
2019-11-13,891418.0,959476.0,96370.0
2019-11-14,891513.0,967092.0,98145.0
2019-11-15,887821.0,968983.0,104268.0
2019-11-16,884698.0,983282.0,111329.0
2019-11-17,861391.0,972684.0,119439.0
2019-11-18,759133.0,963699.0,120087.0
2019-11-19,742007.0,962920.0,120136.0
2019-11-20,765566.0,967218.0,120116.0
2019-11-21,763828.0,994537.0,120122.0
2019-11-22,775600.0,998342.0,120618.0
2019-11-23,877449.0,949727.0,120855.0
2019-11-24,881545.0,982779.0,120922.0
2019-11-25,888526.0,1033133.0,120684.0
2019-11-26,883510.0,1030311.0,120535.0
2019-11-27,875551.0,1021149.0,120679.0
2019-11-28,857964.0,1022460.0,119782.0
2019-11-29,847362.0,1032262.0,120478.0
2019-11-30,884287.0,1021311.0,120711.0
2019-12-01,849628.0,998279.0,120782.0
2019-12-02,859369.0,1000879.0,120801.0
2019-12-03,874845.0,1039219.0,120844.0
2019-12-04,885019.0,1048712.0,120894.0
2019-12-05,871803.0,1039895.0,120873.0
2019-12-06,848445.0,1046961.0,121146.0
2019-12-07,800960.0,1051249.0,125426.0
2019-12-08,731400.0,1013674.0,130476.0
2019-12-09,816595.0,1064353.0,141713.0
2019-12-10,851572.0,1043000.0,144428.0
2019-12-11,852765.0,1109961.0,145172.0
2019-12-12,875742.0,1095801.0,145161.0
2019-12-13,854436.0,1012844.0,145258.0
2019-12-14,781834.0,1024702.0,142132.0
2019-12-15,736719.0,974145.0,145365.0
2019-12-16,841507.0,980422.0,145411.0
2019-12-17,867528.0,979581.0,145397.0
2019-12-18,859385.0,1053241.0,145397.0
2019-12-19,854465.0,1069275.0,145335.0
2019-12-20,842931.0,1055154.0,142979.0
2019-12-21,851434.0,1058997.0,105230.0
2019-12-22,856921.0,974836.0,105335.0
2019-12-23,819761.0,1038950.0,128883.0
2019-12-24,839404.0,1048507.0,120826.0
2019-12-25,861462.0,1026134.0,156380.0
2019-12-26,871270.0,1123577.0,157287.0
2019-12-27,872531.0,1154758.0,164374.0
2019-12-28,872893.0,1172258.0,169746.0
2019-12-29,865962.0,1174391.0,170388.0
2019-12-30,823395.0,1183314.0,170343.0
2019-12-31,799034.0,1194121.0,170281.0
2020-01-01,772444.0,1186895.0,170284.0
2020-01-02,767626.0,1202109.0,170313.0
2020-01-03,735456.0,1171099.0,170368.0
2020-01-04,723896.0,1156015.0,170384.0
2020-01-05,765381.0,1197603.0,170388.0
2020-01-06,761645.0,1244528.0,170422.0
2020-01-07,754974.0,1246314.0,170386.0
2020-01-08,753145.0,1235730.0,170349.0
2020-01-09,761723.0,1104379.0,170360.0
2020-01-10,744150.0,1191846.0,170439.0
2020-01-11,744665.0,1263096.0,170406.0
2020-01-12,718787.0,1259893.0,170399.0
2020-01-13,769492.0,1285450.0,170450.0
2020-01-14,737385.0,1182094.0,170576.0
2020-01-15,750485.0,1175226.0,170515.0
2020-01-16,748402.0,1190592.0,170517.0
2020-01-17,746113.0,1201265.0,170538.0
2020-01-18,741440.0,1161588.0,170516.0
2020-01-19,772867.0,1188653.0,170483.0
2020-01-20,766274.0,1196387.0,167693.0
2020-01-21,772259.0,1235755.0,170567.0
2020-01-22,770455.0,1250914.0,170617.0
2020-01-23,776610.0,1231500.0,170537.0
2020-01-24,776231.0,1219246.0,170453.0
2020-01-25,776080.0,1185217.0,170525.0
2020-01-26,773933.0,1157508.0,170622.0
2020-01-27,760238.0,1166259.0,170619.0
2020-01-28,714730.0,1195270.0,170518.0
2020-01-29,721475.0,1142050.0,170509.0
2020-01-30,696453.0,1193096.0,170528.0
2020-01-31,664463.0,1161638.0,170466.0
2020-02-01,657660.0,1086170.0,165387.0
2020-02-02,716372.0,1092627.0,166018.0
2020-02-03,737957.0,1195741.0,170212.0
2020-02-04,735582.0,1232395.0,170125.0
2020-02-05,766160.0,1266595.0,170361.0
2020-02-06,772912.0,1222619.0,170434.0
2020-02-07,769710.0,1248338.0,170451.0
2020-02-08,761045.0,1236726.0,170429.0
2020-02-09,559802.0,1060210.0,170452.0
2020-02-10,680493.0,1130542.0,168421.0
2020-02-11,693393.0,1159920.0,166961.0
2020-02-12,709725.0,1195761.0,170115.0
2020-02-13,758893.0,1167706.0,170034.0
2020-02-14,770160.0,1198265.0,170203.0
2020-02-15,683993.0,1130316.0,170211.0
2020-02-16,527793.0,949154.0,170236.0
2020-02-17,692075.0,1157856.0,170225.0
2020-02-18,730493.0,1197814.0,170232.0
2020-02-19,739685.0,1177946.0,170220.0
2020-02-20,749827.0,1089855.0,170184.0
2020-02-21,741433.0,1153932.0,170259.0
2020-02-22,589244.0,1051696.0,170238.0
2020-02-23,678404.0,1029776.0,170241.0
2020-02-24,739642.0,1129085.0,170158.0
2020-02-25,704534.0,1109907.0,170151.0
2020-02-26,772049.0,1130391.0,170246.0
2020-02-27,774574.0,1091382.0,170271.0
2020-02-28,735340.0,1125438.0,169457.0
2020-02-29,710965.0,1039504.0,123199.0
2020-03-01,699884.0,998313.0,122220.0
2020-03-02,767984.0,1134404.0,144458.0
2020-03-03,773320.0,1131941.0,170032.0
2020-03-04,772883.0,1129495.0,170319.0
2020-03-05,770975.0,1089558.0,170377.0
2020-03-06,757079.0,1104562.0,170442.0
2020-03-07,768289.0,1075266.0,170476.0
2020-03-08,733620.0,1008000.0,170449.0
2020-03-09,764871.0,1078971.0,170361.0
2020-03-10,701462.0,1059274.0,170289.0
2020-03-11,716292.0,1034916.0,170212.0
2020-03-12,680053.0,985743.0,170116.0
2020-03-13,736295.0,1003902.0,170019.0
2020-03-14,772323.0,1000217.0,170015.0
2020-03-15,693334.0,876420.0,169979.0
2020-03-16,769106.0,1020633.0,170100.0
2020-03-17,763418.0,1022559.0,170117.0
2020-03-18,762123.0,985948.0,170207.0
2020-03-19,767499.0,981122.0,170212.0
2020-03-20,680416.0,964357.0,170304.0
2020-03-21,611383.0,815167.0,170312.0
2020-03-22,535083.0,769197.0,170296.0
2020-03-23,627624.0,928248.0,170146.0
2020-03-24,634553.0,974432.0,169845.0
2020-03-25,633078.0,988371.0,169107.0
2020-03-26,628587.0,965407.0,168227.0
2020-03-27,616992.0,949993.0,168122.0
2020-03-28,604216.0,863768.0,167917.0
2020-03-29,600850.0,709690.0,158779.0
2020-03-30,640007.0,944298.0,160977.0
2020-03-31,643881.0,951760.0,167795.0
2020-04-01,635727.0,994470.0,167504.0
2020-04-02,615415.0,1026097.0,167150.0
2020-04-03,630866.0,1009462.0,165111.0
2020-04-04,626886.0,952590.0,124249.0
2020-04-05,527213.0,722068.0,122305.0
2020-04-06,653986.0,942661.0,134790.0
2020-04-07,722902.0,1032067.0,137851.0
2020-04-08,721995.0,1022893.0,138385.0
2020-04-09,718147.0,968402.0,137983.0
2020-04-10,744620.0,937014.0,137597.0
2020-04-11,723993.0,858501.0,137275.0
2020-04-12,611024.0,802837.0,136846.0
2020-04-13,516703.0,657858.0,152337.0
2020-04-14,624267.0,914461.0,153669.0
2020-04-15,632679.0,965036.0,141905.0
2020-04-16,600053.0,948516.0,141798.0
2020-04-17,613712.0,948040.0,141763.0
2020-04-18,621042.0,907463.0,141498.0
2020-04-19,587858.0,756448.0,141450.0
2020-04-20,587910.0,785727.0,141247.0
2020-04-21,587807.0,815825.0,141132.0
2020-04-22,612092.0,871858.0,140890.0
2020-04-23,626969.0,934859.0,139981.0
2020-04-24,620715.0,894156.0,132496.0
2020-04-25,617993.0,834343.0,132406.0
2020-04-26,626663.0,814234.0,131675.0
2020-04-27,625664.0,860611.0,117872.0
2020-04-28,628154.0,872732.0,105304.0
2020-04-29,624879.0,855757.0,90707.0
2020-04-30,612561.0,812551.0,90450.0
2020-05-01,592744.0,700867.0,90392.0
2020-05-02,617768.0,760698.0,90115.0
2020-05-03,619639.0,807284.0,89448.0
2020-05-04,624940.0,875284.0,98065.0
2020-05-05,629184.0,868360.0,104263.0
2020-05-06,620119.0,840084.0,104284.0
2020-05-07,620764.0,820400.0,104337.0
2020-05-08,572484.0,863817.0,104152.0
2020-05-09,494404.0,795665.0,104097.0
2020-05-10,484698.0,750149.0,104224.0
2020-05-11,489540.0,788184.0,104340.0
2020-05-12,500796.0,866359.0,104372.0
2020-05-13,501489.0,865014.0,104235.0
2020-05-14,501021.0,864919.0,104267.0
2020-05-15,496964.0,849838.0,104361.0
2020-05-16,493994.0,737621.0,104474.0
2020-05-17,481418.0,687277.0,105400.0
2020-05-18,489065.0,861096.0,94911.0
2020-05-19,494143.0,875765.0,93385.0
2020-05-20,502750.0,851720.0,97418.0
2020-05-21,490770.0,785450.0,97379.0
2020-05-22,490199.0,779439.0,97332.0
2020-05-23,476426.0,663063.0,97347.0
2020-05-24,519255.0,614125.0,97331.0
2020-05-25,617708.0,797124.0,97340.0
2020-05-26,633191.0,829184.0,97255.0
2020-05-27,620720.0,822409.0,97148.0
2020-05-28,622153.0,809940.0,97160.0
2020-05-29,603594.0,822904.0,97198.0
2020-05-30,607107.0,733887.0,97180.0
2020-05-31,644139.0,646259.0,93978.0
2020-06-01,722641.0,748550.0,95104.0
2020-06-02,749536.0,831514.0,98297.0
2020-06-03,749237.0,827648.0,103622.0
2020-06-04,754809.0,842468.0,114682.0
2020-06-05,747851.0,798345.0,120499.0
2020-06-06,714191.0,637340.0,121234.0
2020-06-07,747717.0,680923.0,121252.0
2020-06-08,756577.0,744830.0,121356.0
2020-06-09,756269.0,758970.0,121395.0
2020-06-10,752808.0,764946.0,121159.0
2020-06-11,745074.0,739623.0,115881.0
2020-06-12,702112.0,723548.0,115494.0
2020-06-13,602725.0,667971.0,115898.0
2020-06-14,615799.0,665195.0,115949.0
2020-06-15,624418.0,707274.0,115608.0
2020-06-16,625842.0,679140.0,116872.0
2020-06-17,622587.0,710089.0,121433.0
2020-06-18,620540.0,724434.0,121310.0
2020-06-19,539375.0,728733.0,121330.0
2020-06-20,500227.0,699471.0,127127.0
2020-06-21,490552.0,654774.0,137913.0
2020-06-22,508076.0,698498.0,125402.0
2020-06-23,508039.0,661649.0,120312.0
2020-06-24,504566.0,648514.0,120287.0
2020-06-25,505231.0,681794.0,120319.0
2020-06-26,504822.0,674495.0,121006.0
2020-06-27,503845.0,668610.0,117086.0
2020-06-28,485926.0,614774.0,135779.0
2020-06-29,482916.0,634415.0,152526.0
2020-06-30,473279.0,621766.0,165999.0
2020-07-01,506716.0,638500.0,166942.0
2020-07-02,509107.0,659730.0,167217.0
2020-07-03,508857.0,693517.0,167986.0
2020-07-04,446272.0,611558.0,168404.0
2020-07-05,399663.0,529442.0,168203.0
2020-07-06,472417.0,664918.0,167895.0
2020-07-07,511926.0,709393.0,165698.0
2020-07-08,512187.0,704602.0,167035.0
2020-07-09,508900.0,704371.0,168028.0
2020-07-10,457355.0,701938.0,167812.0
2020-07-11,418492.0,684687.0,157781.0
2020-07-12,463295.0,648226.0,161606.0
2020-07-13,473294.0,722105.0,166968.0
2020-07-14,469901.0,740404.0,167389.0
2020-07-15,487108.0,768592.0,167599.0
2020-07-16,558595.0,776976.0,167624.0
2020-07-17,624902.0,785214.0,167646.0
2020-07-18,584398.0,763668.0,167615.0
2020-07-19,613623.0,759405.0,167517.0
2020-07-20,617974.0,791275.0,167523.0
2020-07-21,619233.0,790527.0,167318.0
2020-07-22,624512.0,788161.0,167411.0
2020-07-23,621225.0,782877.0,167442.0
2020-07-24,621720.0,801295.0,166740.0
2020-07-25,620112.0,750542.0,167247.0
2020-07-26,611316.0,705525.0,167030.0
2020-07-27,615588.0,732007.0,166999.0
2020-07-28,598692.0,749030.0,166451.0
2020-07-29,611447.0,768771.0,167078.0
2020-07-30,620974.0,761802.0,167028.0
2020-07-31,619131.0,744543.0,166920.0
2020-08-01,615548.0,719958.0,166463.0
2020-08-02,577924.0,727787.0,166946.0
2020-08-03,570529.0,751325.0,167278.0
2020-08-04,605209.0,749317.0,167392.0
2020-08-05,717278.0,748954.0,167327.0
2020-08-06,747638.0,736463.0,167234.0
2020-08-07,747740.0,749907.0,167185.0
2020-08-08,742775.0,741361.0,167064.0
2020-08-09,740297.0,755024.0,166889.0
2020-08-10,743377.0,757701.0,166995.0
2020-08-11,740092.0,780603.0,167016.0
2020-08-12,731173.0,774564.0,167275.0
2020-08-13,743264.0,788552.0,167044.0
2020-08-14,746933.0,778834.0,167098.0
2020-08-15,747423.0,709438.0,167058.0
2020-08-16,743103.0,722478.0,167392.0
2020-08-17,748298.0,742054.0,166843.0
2020-08-18,747716.0,760344.0,167181.0
2020-08-19,749857.0,768246.0,167178.0
2020-08-20,743944.0,766535.0,166737.0
2020-08-21,727368.0,761674.0,161943.0
2020-08-22,740137.0,697398.0,160237.0
2020-08-23,711137.0,672623.0,166958.0
2020-08-24,755390.0,741907.0,167206.0
2020-08-25,743607.0,704905.0,167011.0
2020-08-26,677031.0,708840.0,166807.0
2020-08-27,755491.0,715817.0,166056.0
2020-08-28,753680.0,712934.0,166410.0
2020-08-29,757349.0,681150.0,167198.0
2020-08-30,756245.0,676938.0,167722.0
2020-08-31,759445.0,696720.0,166866.0
2020-09-01,760015.0,679344.0,156040.0
2020-09-02,761360.0,685476.0,141202.0
2020-09-03,757821.0,696491.0,152385.0
2020-09-04,752820.0,687934.0,161675.0
2020-09-05,754437.0,670058.0,141418.0
2020-09-06,759785.0,651217.0,143533.0
2020-09-07,760381.0,693995.0,144100.0
2020-09-08,758016.0,715477.0,160198.0
2020-09-09,754450.0,707158.0,167658.0
2020-09-10,758274.0,703585.0,167661.0
2020-09-11,757004.0,703075.0,167625.0
2020-09-12,735842.0,686365.0,167383.0
2020-09-13,729500.0,706197.0,167337.0
2020-09-14,752156.0,694564.0,167265.0
2020-09-15,750874.0,695547.0,167263.0
2020-09-16,745973.0,704196.0,167312.0
2020-09-17,752789.0,655436.0,167154.0
2020-09-18,756429.0,704667.0,167483.0
2020-09-19,639914.0,696279.0,167410.0
2020-09-20,634149.0,690839.0,167877.0
2020-09-21,634399.0,753558.0,168053.0
2020-09-22,631851.0,751643.0,167659.0
2020-09-23,631275.0,758082.0,167631.0
2020-09-24,623870.0,759463.0,167110.0
2020-09-25,623202.0,765494.0,167719.0
2020-09-26,640360.0,737485.0,167945.0
2020-09-27,637634.0,741913.0,168169.0
2020-09-28,640635.0,820653.0,168126.0
2020-09-29,638872.0,848500.0,167833.0
2020-09-30,637026.0,846650.0,166863.0
2020-10-01,636565.0,847382.0,160601.0
2020-10-02,632079.0,832472.0,156838.0
2020-10-03,630182.0,767976.0,145396.0
2020-10-04,592694.0,728680.0,135840.0
2020-10-05,635473.0,844555.0,142509.0
2020-10-06,635053.0,865625.0,145510.0
2020-10-07,637666.0,883960.0,145382.0
2020-10-08,627551.0,889809.0,145417.0
2020-10-09,635845.0,896601.0,145018.0
2020-10-10,639215.0,884853.0,145185.0
2020-10-11,641876.0,890988.0,145445.0
2020-10-12,642205.0,919059.0,145622.0
2020-10-13,643710.0,938030.0,145644.0
2020-10-14,642166.0,944329.0,145680.0
2020-10-15,642441.0,956360.0,145756.0
2020-10-16,643192.0,964714.0,145815.0
2020-10-17,641627.0,965876.0,145594.0
2020-10-18,640060.0,961421.0,145727.0
2020-10-19,643200.0,961607.0,145709.0
2020-10-20,641606.0,930982.0,145706.0
2020-10-21,619028.0,926176.0,145684.0
2020-10-22,623922.0,917989.0,145725.0
2020-10-23,714773.0,918461.0,145667.0
2020-10-24,753270.0,880423.0,145670.0
2020-10-25,710458.0,804475.0,145644.0
2020-10-26,764846.0,967254.0,145763.0
2020-10-27,765752.0,960990.0,145942.0
2020-10-28,757752.0,956110.0,145971.0
2020-10-29,755032.0,954462.0,145905.0
2020-10-30,681385.0,966716.0,145828.0
2020-10-31,643706.0,937144.0,145787.0
2020-11-01,625443.0,883403.0,145777.0
2020-11-02,579278.0,916660.0,145686.0
2020-11-03,623949.0,1013925.0,145624.0
2020-11-04,637855.0,1023305.0,145593.0
2020-11-05,643508.0,1017924.0,145719.0
2020-11-06,651870.0,1001287.0,145696.0
2020-11-07,653419.0,1021559.0,145779.0
2020-11-08,653611.0,1031890.0,145826.0
2020-11-09,654587.0,1068303.0,145725.0
2020-11-10,655731.0,1077282.0,145776.0
2020-11-11,653466.0,1056387.0,145781.0
2020-11-12,651374.0,1053903.0,145801.0
2020-11-13,651286.0,1068934.0,145748.0
2020-11-14,642100.0,1003371.0,145745.0
2020-11-15,601919.0,900672.0,145689.0
2020-11-16,618699.0,1024331.0,145458.0
2020-11-17,619874.0,1069801.0,145030.0
2020-11-18,621825.0,1062032.0,150674.0
2020-11-19,610234.0,1056834.0,159126.0
2020-11-20,646235.0,1055656.0,164567.0
2020-11-21,600893.0,1098049.0,170071.0
2020-11-22,603341.0,1086012.0,170275.0
2020-11-23,631517.0,1111132.0,170312.0
2020-11-24,610841.0,1124316.0,170447.0
2020-11-25,626596.0,1114017.0,170222.0
2020-11-26,653724.0,1039876.0,169610.0
2020-11-27,657680.0,1109040.0,170151.0
2020-11-28,658270.0,1095307.0,169891.0
2020-11-29,678849.0,1091562.0,170175.0
2020-11-30,711903.0,1129393.0,169841.0
2020-12-01,735880.0,1116870.0,168988.0
2020-12-02,761630.0,1105065.0,167473.0
2020-12-03,726514.0,1087314.0,170366.0
2020-12-04,716662.0,1066265.0,170680.0
2020-12-05,779580.0,1061183.0,170858.0
2020-12-06,761018.0,1073966.0,170759.0
2020-12-07,745551.0,1025156.0,161154.0
2020-12-08,782864.0,1081416.0,167520.0
2020-12-09,783217.0,1107814.0,170698.0
2020-12-10,782940.0,1089494.0,171061.0
2020-12-11,756530.0,1071474.0,171081.0
2020-12-12,766099.0,1084068.0,171193.0
2020-12-13,779493.0,1089387.0,171211.0
2020-12-14,743107.0,1071817.0,171168.0
2020-12-15,764635.0,1109827.0,170794.0
2020-12-16,774888.0,1092007.0,171118.0
2020-12-17,733442.0,981891.0,170604.0
2020-12-18,751741.0,1132646.0,170234.0
2020-12-19,744737.0,1087064.0,170600.0
2020-12-20,765182.0,1122046.0,170529.0
2020-12-21,761092.0,1139837.0,170561.0
2020-12-22,715565.0,1135014.0,170549.0
2020-12-23,771795.0,1171349.0,170621.0
2020-12-24,752582.0,1140500.0,170596.0
2020-12-25,778651.0,1129757.0,170616.0
2020-12-26,750297.0,1139881.0,170636.0
2020-12-27,651010.0,1061293.0,170659.0
2020-12-28,775742.0,1135139.0,170679.0
2020-12-29,732436.0,1182612.0,170725.0
2020-12-30,753642.0,1188741.0,170765.0
2020-12-31,768073.0,1191670.0,170812.0
2021-01-01,782459.0,1199777.0,170802.0
2021-01-02,780403.0,1219277.0,170817.0
2021-01-03,728566.0,1162829.0,170840.0
2021-01-04,726541.0,1229075.0,170810.0
2021-01-05,750363.0,1228123.0,170910.0
2021-01-06,780335.0,1236977.0,170900.0
2021-01-07,783606.0,1241080.0,170917.0
2021-01-08,782771.0,1240320.0,170944.0
2021-01-09,774475.0,1237733.0,160771.0
2021-01-10,764693.0,1236931.0,167769.0
2021-01-11,736115.0,1240920.0,170778.0
2021-01-12,735243.0,1220349.0,170774.0
2021-01-13,724587.0,1198996.0,170765.0
2021-01-14,779289.0,1219388.0,170809.0
2021-01-15,785901.0,1226980.0,170887.0
2021-01-16,782580.0,1183867.0,170911.0
2021-01-17,782621.0,1197095.0,170865.0
2021-01-18,773303.0,1201943.0,170925.0
2021-01-19,764149.0,1151179.0,170337.0
2021-01-20,718147.0,1161536.0,170163.0
2021-01-21,722818.0,1135241.0,170838.0
2021-01-22,728284.0,1160688.0,170717.0
2021-01-23,776908.0,1194699.0,170803.0
2021-01-24,765264.0,1213918.0,170782.0
2021-01-25,781059.0,1186849.0,170725.0
2021-01-26,782987.0,1186596.0,170739.0
2021-01-27,783225.0,1197516.0,170616.0
2021-01-28,781192.0,1158081.0,170591.0
2021-01-29,775927.0,1109030.0,170374.0
2021-01-30,783395.0,1093914.0,131919.0
2021-01-31,784410.0,1130060.0,122612.0
2021-02-01,782729.0,1170076.0,128651.0
2021-02-02,779863.0,1157608.0,168863.0
2021-02-03,773833.0,1151048.0,170556.0
2021-02-04,710147.0,1181704.0,170638.0
2021-02-05,729544.0,1181237.0,170629.0
2021-02-06,745313.0,1124739.0,170671.0
2021-02-07,705726.0,1093209.0,170598.0
2021-02-08,755219.0,1131354.0,158097.0
2021-02-09,778549.0,1151841.0,148308.0
2021-02-10,784335.0,1142279.0,160425.0
2021-02-11,784336.0,1149189.0,170530.0
2021-02-12,784583.0,1138268.0,170624.0
2021-02-13,785422.0,1097500.0,170612.0
2021-02-14,781433.0,1075243.0,170604.0
2021-02-15,759494.0,1066890.0,170617.0
2021-02-16,768880.0,1071567.0,161280.0
2021-02-17,773642.0,1061376.0,146825.0
2021-02-18,758690.0,1053437.0,146815.0
2021-02-19,732888.0,1041327.0,146286.0
2021-02-20,758291.0,983992.0,115929.0
2021-02-21,762860.0,967458.0,115341.0
2021-02-22,775408.0,1021541.0,138705.0
2021-02-23,769736.0,1005808.0,146864.0
2021-02-24,746909.0,1016882.0,146918.0
2021-02-25,760299.0,1036699.0,146885.0
2021-02-26,771935.0,1032740.0,146930.0
2021-02-27,778935.0,978140.0,160902.0
2021-02-28,774988.0,936256.0,170595.0
2021-03-01,779255.0,942296.0,170620.0
2021-03-02,778110.0,961741.0,170606.0
2021-03-03,777674.0,996227.0,170587.0
2021-03-04,777475.0,1020108.0,170722.0
2021-03-05,781026.0,1013386.0,170768.0
2021-03-06,765821.0,1021516.0,170722.0
2021-03-07,767256.0,1041513.0,170745.0
2021-03-08,782803.0,1046623.0,170760.0
2021-03-09,782728.0,1043516.0,170751.0
2021-03-10,769055.0,1044676.0,170732.0
2021-03-11,728862.0,1030503.0,170592.0
2021-03-12,727993.0,1040397.0,170557.0
2021-03-13,644546.0,984818.0,161323.0
2021-03-14,739210.0,1014176.0,139463.0
2021-03-15,757240.0,1066339.0,145204.0
2021-03-16,775444.0,1072110.0,146204.0
2021-03-17,782188.0,1070697.0,146235.0
2021-03-18,783368.0,1083069.0,146414.0
2021-03-19,765816.0,1079942.0,146420.0
2021-03-20,641588.0,1033600.0,146411.0
2021-03-21,611292.0,1005554.0,146408.0
2021-03-22,649225.0,1056358.0,146344.0
2021-03-23,648559.0,1064189.0,146335.0
2021-03-24,639736.0,1064494.0,146248.0
2021-03-25,647818.0,1053348.0,146310.0
2021-03-26,634513.0,1045938.0,146049.0
2021-03-27,587369.0,922373.0,146286.0
2021-03-28,589487.0,888182.0,146303.0
2021-03-29,631272.0,951785.0,146264.0
2021-03-30,641247.0,980687.0,146266.0
2021-03-31,641234.0,970558.0,146064.0
2021-04-01,634516.0,955782.0,145928.0
2021-04-02,623942.0,953853.0,145918.0
2021-04-03,640176.0,928595.0,145887.0
2021-04-04,633019.0,888158.0,146033.0
2021-04-05,570171.0,861576.0,145973.0
2021-04-06,631790.0,923934.0,145926.0
2021-04-07,636236.0,933747.0,146141.0
2021-04-08,637195.0,890898.0,146092.0
2021-04-09,636360.0,914444.0,146134.0
2021-04-10,637927.0,883241.0,146112.0
2021-04-11,621599.0,887705.0,146020.0
2021-04-12,621160.0,901608.0,146143.0
2021-04-13,621188.0,892108.0,146050.0
2021-04-14,625688.0,909548.0,144255.0
2021-04-15,653715.0,936508.0,121650.0
2021-04-16,751752.0,929459.0,135252.0
2021-04-17,751054.0,860458.0,138580.0
2021-04-18,754353.0,865415.0,145939.0
2021-04-19,763717.0,887731.0,145948.0
2021-04-20,750357.0,906435.0,146002.0
2021-04-21,743248.0,905804.0,145913.0
2021-04-22,732622.0,905045.0,146030.0
2021-04-23,741136.0,902286.0,132323.0
2021-04-24,741701.0,872586.0,122031.0
2021-04-25,748993.0,842065.0,127371.0
2021-04-26,744698.0,915979.0,133871.0
2021-04-27,749187.0,908892.0,139282.0
2021-04-28,738193.0,915439.0,135132.0
2021-04-29,728221.0,921433.0,114725.0
2021-04-30,718420.0,909768.0,132759.0
2021-05-01,643929.0,917623.0,145395.0
2021-05-02,630302.0,841216.0,160790.0
2021-05-03,621140.0,857078.0,165334.0
2021-05-04,605509.0,873842.0,169013.0
2021-05-05,604750.0,899381.0,168879.0
2021-05-06,614655.0,896825.0,167831.0
2021-05-07,629503.0,888701.0,169159.0
2021-05-08,633388.0,787153.0,169037.0
2021-05-09,582382.0,676772.0,169373.0
2021-05-10,618826.0,862275.0,169581.0
2021-05-11,633952.0,891750.0,169911.0
2021-05-12,639462.0,902816.0,169808.0
2021-05-13,634207.0,914130.0,168558.0
2021-05-14,639576.0,934744.0,159723.0
2021-05-15,638956.0,896010.0,142951.0
2021-05-16,628609.0,862458.0,120548.0
2021-05-17,689116.0,918123.0,121012.0
2021-05-18,766517.0,947719.0,120931.0
2021-05-19,762018.0,980926.0,120920.0
2021-05-20,755769.0,941313.0,121017.0
2021-05-21,722011.0,893677.0,120842.0
2021-05-22,709329.0,806105.0,120962.0
2021-05-23,723789.0,797743.0,121096.0
2021-05-24,738734.0,880109.0,120650.0
2021-05-25,764668.0,910696.0,120739.0
2021-05-26,727759.0,934893.0,120453.0
2021-05-27,754438.0,948350.0,120351.0
2021-05-28,758285.0,933881.0,119846.0
2021-05-29,760162.0,905506.0,117067.0
2021-05-30,729123.0,842885.0,119755.0
2021-05-31,757344.0,918165.0,119942.0
2021-06-01,755680.0,938203.0,119927.0
2021-06-02,739046.0,947680.0,119853.0
2021-06-03,723841.0,936159.0,120040.0
2021-06-04,738082.0,942571.0,120041.0
2021-06-05,742490.0,908973.0,120143.0
2021-06-06,711968.0,901807.0,120262.0
2021-06-07,725677.0,929568.0,119280.0
2021-06-08,739135.0,948804.0,119649.0
2021-06-09,737839.0,945828.0,119251.0
2021-06-10,738066.0,944640.0,96477.0
2021-06-11,657195.0,937946.0,96278.0
2021-06-12,600438.0,887911.0,97251.0
2021-06-13,582018.0,812006.0,115116.0
2021-06-14,607273.0,912361.0,119280.0
2021-06-15,625054.0,911186.0,119292.0
2021-06-16,619006.0,906667.0,119289.0
2021-06-17,607287.0,886849.0,119351.0
2021-06-18,614398.0,860128.0,119922.0
2021-06-19,608589.0,848287.0,119560.0
2021-06-20,610246.0,864398.0,119677.0
2021-06-21,624282.0,922937.0,106577.0
2021-06-22,633618.0,921332.0,96359.0
2021-06-23,634191.0,959204.0,102732.0
2021-06-24,635019.0,955963.0,119684.0
2021-06-25,635287.0,953799.0,147883.0
2021-06-26,629501.0,932591.0,162320.0
2021-06-27,626464.0,912988.0,166867.0
2021-06-28,619510.0,968136.0,167665.0
2021-06-29,622486.0,971552.0,167830.0
2021-06-30,626881.0,939780.0,167656.0
2021-07-01,635316.0,911987.0,167154.0
2021-07-02,635524.0,910419.0,167506.0
2021-07-03,628658.0,893301.0,167266.0
2021-07-04,629120.0,850894.0,167203.0
2021-07-05,633905.0,905968.0,167044.0
2021-07-06,617565.0,923531.0,167349.0
2021-07-07,622033.0,939515.0,167767.0
2021-07-08,630890.0,946857.0,152373.0
2021-07-09,670444.0,910061.0,146216.0
2021-07-10,751327.0,821506.0,153513.0
2021-07-11,758070.0,826852.0,167122.0
2021-07-12,751885.0,858029.0,167306.0
2021-07-13,755044.0,893333.0,168435.0
2021-07-14,755705.0,898632.0,168384.0
2021-07-15,758742.0,895799.0,167679.0
2021-07-16,755227.0,927768.0,167219.0
2021-07-17,735138.0,904049.0,167482.0
2021-07-18,718276.0,830600.0,167257.0
2021-07-19,753680.0,919899.0,167364.0
2021-07-20,759563.0,947176.0,167377.0
2021-07-21,759330.0,947909.0,167071.0
2021-07-22,756907.0,932449.0,167101.0
2021-07-23,757236.0,960306.0,167089.0
2021-07-24,753913.0,907452.0,167216.0
2021-07-25,744319.0,900462.0,167419.0
2021-07-26,755877.0,978851.0,167388.0
2021-07-27,754829.0,979377.0,167143.0
2021-07-28,748426.0,983382.0,167019.0
2021-07-29,682417.0,984391.0,166961.0
2021-07-30,721295.0,970495.0,166814.0
2021-07-31,684214.0,925424.0,164863.0
2021-08-01,745998.0,926426.0,167968.0
2021-08-02,755913.0,964393.0,167450.0
2021-08-03,762085.0,960207.0,167284.0
2021-08-04,760391.0,946728.0,167231.0
2021-08-05,759725.0,920720.0,167052.0
2021-08-06,756284.0,857237.0,167330.0
2021-08-07,752757.0,811489.0,167480.0
2021-08-08,673264.0,729744.0,167679.0
2021-08-09,748406.0,888443.0,167211.0
2021-08-10,758040.0,904715.0,166978.0
2021-08-11,756612.0,893384.0,166588.0
2021-08-12,753831.0,897213.0,165964.0
2021-08-13,748586.0,864014.0,165968.0
2021-08-14,725994.0,864996.0,165711.0
2021-08-15,739706.0,875832.0,165628.0
2021-08-16,743020.0,911201.0,166259.0
2021-08-17,682438.0,977866.0,166870.0
2021-08-18,734039.0,983973.0,166869.0
2021-08-19,753814.0,998997.0,166853.0
2021-08-20,755017.0,987585.0,166491.0
2021-08-21,753760.0,934459.0,166372.0
2021-08-22,752273.0,943176.0,165442.0
2021-08-23,755358.0,980385.0,166637.0
2021-08-24,755526.0,975487.0,166908.0
2021-08-25,743463.0,982077.0,166708.0
2021-08-26,753933.0,994971.0,166826.0
2021-08-27,753539.0,988964.0,166692.0
2021-08-28,760745.0,961956.0,166648.0
2021-08-29,761122.0,963058.0,166842.0
2021-08-30,758702.0,1019432.0,166949.0
2021-08-31,759496.0,1031767.0,166956.0
2021-09-01,760878.0,1032343.0,166960.0
2021-09-02,758707.0,1035882.0,167160.0
2021-09-03,749690.0,1029065.0,166727.0
2021-09-04,757729.0,972649.0,165368.0
2021-09-05,742234.0,959807.0,166739.0
2021-09-06,758451.0,1018031.0,166646.0
2021-09-07,760345.0,1035786.0,166712.0
2021-09-08,757838.0,1021539.0,166931.0
2021-09-09,756127.0,1009620.0,151122.0
2021-09-10,754369.0,977694.0,142940.0
2021-09-11,756007.0,931471.0,142923.0
2021-09-12,757188.0,949302.0,150243.0
2021-09-13,759575.0,985563.0,162354.0
2021-09-14,758085.0,966453.0,165673.0
2021-09-15,755768.0,976391.0,165442.0
2021-09-16,757846.0,994007.0,165421.0
2021-09-17,762825.0,955865.0,165761.0
2021-09-18,762510.0,872468.0,165810.0
2021-09-19,754618.0,871616.0,166534.0
2021-09-20,767979.0,941035.0,167682.0
2021-09-21,767234.0,977600.0,167906.0
2021-09-22,765377.0,970859.0,167944.0
2021-09-23,727768.0,951704.0,167799.0
2021-09-24,701890.0,928594.0,166475.0
2021-09-25,622398.0,886527.0,166041.0
2021-09-26,624530.0,881498.0,165595.0
2021-09-27,619676.0,914647.0,166069.0
2021-09-28,629225.0,941083.0,165923.0
2021-09-29,615534.0,950525.0,166109.0
2021-09-30,589029.0,968951.0,166339.0
2021-10-01,567620.0,972097.0,166335.0
2021-10-02,576130.0,880589.0,165961.0
2021-10-03,521820.0,844672.0,166050.0
2021-10-04,601920.0,954440.0,166859.0
2021-10-05,630576.0,926669.0,166880.0
2021-10-06,629907.0,954798.0,166699.0
2021-10-07,633361.0,963732.0,166791.0
2021-10-08,632872.0,969169.0,166425.0
2021-10-09,624897.0,986425.0,166694.0
2021-10-10,626230.0,997023.0,166824.0
2021-10-11,617161.0,1032737.0,166800.0
2021-10-12,630837.0,1048286.0,166517.0
2021-10-13,638742.0,1050901.0,159254.0
2021-10-14,727752.0,1054743.0,158559.0
2021-10-15,741535.0,1030759.0,153934.0
2021-10-16,752857.0,1025318.0,142666.0
2021-10-17,761620.0,1019150.0,142530.0
2021-10-18,760788.0,1027487.0,142539.0
2021-10-19,751284.0,985141.0,142569.0
2021-10-20,725719.0,980094.0,142580.0
2021-10-21,667860.0,967063.0,142542.0
2021-10-22,666419.0,957921.0,142498.0
2021-10-23,740682.0,922444.0,142222.0
2021-10-24,735739.0,953399.0,142682.0
2021-10-25,759207.0,975151.0,142668.0
2021-10-26,757919.0,1002164.0,142661.0
2021-10-27,740685.0,1031618.0,142506.0
2021-10-28,757011.0,1051364.0,142643.0
2021-10-29,739911.0,1024210.0,142744.0
2021-10-30,751147.0,1003656.0,142590.0
2021-10-31,715563.0,833918.0,142544.0
2021-11-01,736628.0,932085.0,142673.0
2021-11-02,768969.0,1004548.0,142931.0
2021-11-03,768842.0,1006821.0,142551.0
2021-11-04,749299.0,1016016.0,142938.0
2021-11-05,764958.0,987918.0,142953.0
2021-11-06,722622.0,946267.0,142583.0
2021-11-07,682325.0,946153.0,142469.0
2021-11-08,741770.0,987223.0,142180.0
2021-11-09,744396.0,1017948.0,141965.0
2021-11-10,771668.0,1018212.0,141694.0
2021-11-11,771857.0,998401.0,137009.0
2021-11-12,761840.0,1009907.0,119519.0
2021-11-13,758946.0,1002216.0,119031.0
2021-11-14,766499.0,985431.0,119272.0
2021-11-15,768200.0,988946.0,118851.0
2021-11-16,770223.0,1055351.0,118746.0
2021-11-17,765783.0,1061144.0,118682.0
2021-11-18,738696.0,1059029.0,118591.0
2021-11-19,710024.0,1058984.0,118416.0
2021-11-20,730829.0,1040796.0,118313.0
2021-11-21,747088.0,1019220.0,113008.0
2021-11-22,766717.0,1027563.0,96340.0
2021-11-23,751656.0,1030610.0,94925.0
2021-11-24,762982.0,990766.0,92882.0
2021-11-25,733640.0,1006124.0,92974.0
2021-11-26,740780.0,1007537.0,92832.0
2021-11-27,733902.0,1002410.0,93157.0
2021-11-28,728735.0,1007049.0,93260.0
2021-11-29,752069.0,1030057.0,92665.0
2021-11-30,696064.0,1057453.0,92446.0
2021-12-01,700254.0,1026541.0,93308.0
2021-12-02,730221.0,1018259.0,93392.0
2021-12-03,731453.0,1008228.0,96838.0
2021-12-04,742528.0,970926.0,97263.0
2021-12-05,737819.0,970523.0,100631.0
2021-12-06,739391.0,998576.0,105459.0
2021-12-07,726906.0,1002916.0,113260.0
2021-12-08,718869.0,1005129.0,120403.0
2021-12-09,749798.0,1018433.0,121370.0
2021-12-10,737531.0,1022832.0,120560.0
2021-12-11,754605.0,1027803.0,120354.0
2021-12-12,739802.0,1013366.0,120838.0
2021-12-13,738385.0,1036057.0,120646.0
2021-12-14,747788.0,1033495.0,121397.0
2021-12-15,740109.0,1041734.0,122228.0
2021-12-16,752314.0,1061759.0,111428.0
2021-12-17,743174.0,1032534.0,137600.0
2021-12-18,717508.0,1039178.0,145380.0
2021-12-19,661934.0,1024736.0,126126.0
2021-12-20,720353.0,1010048.0,134814.0
2021-12-21,757412.0,1019199.0,138888.0
2021-12-22,756238.0,1051131.0,145410.0
2021-12-23,739709.0,1028141.0,145821.0
2021-12-24,676950.0,993531.0,146168.0
2021-12-25,725765.0,997528.0,146199.0
2021-12-26,705866.0,1010214.0,146163.0
2021-12-27,716277.0,1030343.0,146027.0
2021-12-28,702253.0,997496.0,146099.0
2021-12-29,723111.0,999640.0,146090.0
2021-12-30,657377.0,943583.0,146090.0
2021-12-31,583044.0,973392.0,146166.0
2022-01-01,320925.0,956207.0,140067.0
2022-01-02,320023.0,941986.0,146072.0
2022-01-03,354964.0,1009890.0,146202.0
2022-01-04,390471.0,1076936.0,146181.0
2022-01-05,392686.0,1098732.0,146199.0
2022-01-06,388863.0,1137492.0,146226.0
2022-01-07,391980.0,1130721.0,146231.0
2022-01-08,391867.0,1092673.0,145562.0
2022-01-09,276420.0,1105145.0,149566.0
2022-01-10,267793.0,1113781.0,157792.0
2022-01-11,387653.0,1135961.0,164127.0
2022-01-12,383388.0,1139967.0,169734.0
2022-01-13,393783.0,1247344.0,170501.0
2022-01-14,390119.0,1158975.0,170531.0
2022-01-15,383678.0,1161660.0,170607.0
2022-01-16,393238.0,1164305.0,167639.0
2022-01-17,387202.0,1117849.0,170477.0
2022-01-18,378132.0,1161799.0,170444.0
2022-01-19,392497.0,1065456.0,170493.0
2022-01-20,392561.0,1155431.0,170429.0
2022-01-21,392992.0,1170337.0,170410.0
2022-01-22,386589.0,1182900.0,170444.0
2022-01-23,381126.0,1159667.0,170483.0
2022-01-24,390235.0,1177717.0,170495.0
2022-01-25,394493.0,1176236.0,170524.0
2022-01-26,394068.0,1183414.0,170578.0
2022-01-27,392591.0,1175108.0,170496.0
2022-01-28,391323.0,1180060.0,170515.0
2022-01-29,380843.0,1149368.0,170099.0
2022-01-30,355038.0,1165318.0,170626.0
2022-01-31,392366.0,1142244.0,170546.0
2022-02-01,388838.0,1139839.0,163483.0
2022-02-02,388203.0,1144750.0,170499.0
2022-02-03,385980.0,1154282.0,170485.0
2022-02-04,391093.0,1144526.0,170496.0
2022-02-05,382766.0,1072492.0,170498.0
2022-02-06,354248.0,1025858.0,170479.0
2022-02-07,387533.0,1076176.0,170474.0
2022-02-08,390804.0,1091888.0,170436.0
2022-02-09,390335.0,1092365.0,170461.0
2022-02-10,390734.0,1099032.0,170425.0
2022-02-11,390089.0,1105167.0,149112.0
2022-02-12,390525.0,1046699.0,120659.0
2022-02-13,386588.0,997185.0,170147.0
2022-02-14,387880.0,1028365.0,163216.0
2022-02-15,391177.0,1056724.0,134981.0
2022-02-16,388452.0,1003268.0,170456.0
2022-02-17,383859.0,1022060.0,170221.0
2022-02-18,387864.0,1038675.0,170348.0
2022-02-19,366707.0,977147.0,170436.0
2022-02-20,382867.0,900086.0,170467.0
2022-02-21,380747.0,992215.0,170303.0
2022-02-22,391392.0,1031667.0,163212.0
2022-02-23,382623.0,1050226.0,170219.0
2022-02-24,390825.0,1041859.0,170223.0
2022-02-25,385894.0,1048514.0,170244.0
2022-02-26,385275.0,1021221.0,142003.0
2022-02-27,374220.0,979845.0,170296.0
2022-02-28,384359.0,1013135.0,170275.0
2022-03-01,386800.0,1029062.0,170353.0
2022-03-02,388125.0,1023615.0,170230.0
2022-03-03,389130.0,1018909.0,170162.0
2022-03-04,393969.0,1025764.0,170293.0
2022-03-05,394194.0,1024326.0,164172.0
2022-03-06,391687.0,1008922.0,168477.0
2022-03-07,390627.0,1010876.0,170177.0
2022-03-08,376960.0,975854.0,156086.0
