,DE_LU_HYDRORIVER,FR_HYDRORIVER,IT_NORD_HYDRORIVER,ES_HYDRORIVER
2019-01-01,133424.0,80664.0,35338.0,22546.0
2019-01-02,128797.0,90396.0,37696.0,21946.0
2019-01-03,128454.0,97230.0,39914.0,21600.0
2019-01-04,128700.0,101808.0,43825.0,21477.0
2019-01-05,127278.0,81129.0,40203.0,18282.0
2019-01-06,127301.0,68896.0,33590.0,16816.0
2019-01-07,136273.0,85900.0,50317.0,17758.0
2019-01-08,142493.0,88768.0,54748.0,17203.0
2019-01-09,140427.0,88175.0,44218.0,17371.0
2019-01-10,142949.0,103838.0,47053.0,18005.0
2019-01-11,142550.0,95849.0,45199.0,18847.0
2019-01-12,132090.0,73160.0,35016.0,16933.0
2019-01-13,136523.0,67924.0,33972.0,17255.0
2019-01-14,162761.0,99834.0,48683.0,17510.0
2019-01-15,156204.0,107880.0,49151.0,18500.0
2019-01-16,145155.0,109434.0,49769.0,18576.0
2019-01-17,140071.0,108551.0,48946.0,18372.0
2019-01-18,144946.0,111335.0,48943.0,18348.0
2019-01-19,147624.0,96705.0,40524.0,16821.0
2019-01-20,137470.0,83595.0,34014.0,20196.0
2019-01-21,141386.0,106179.0,47322.0,23208.0
2019-01-22,149750.0,106746.0,49908.0,24007.0
2019-01-23,147487.0,113140.0,55198.0,26612.0
2019-01-24,148713.0,119398.0,61397.0,28946.0
2019-01-25,146389.0,110691.0,45481.0,28425.0
2019-01-26,131575.0,76550.0,33914.0,28074.0
2019-01-27,117727.0,67537.0,30491.0,25554.0
2019-01-28,118170.0,91130.0,41465.0,29423.0
2019-01-29,132770.0,104185.0,43154.0,30307.0
2019-01-30,128850.0,110241.0,42501.0,31667.0
2019-01-31,130339.0,122733.0,46435.0,35697.0
2019-02-01,126976.0,131418.0,49262.0,38512.0
2019-02-02,127660.0,120252.0,44856.0,36386.0
2019-02-03,122009.0,113776.0,42354.0,34965.0
2019-02-04,119010.0,130463.0,50029.0,33913.0
2019-02-05,127119.0,132213.0,44092.0,32479.0
2019-02-06,124382.0,125323.0,47562.0,34754.0
2019-02-07,123997.0,119313.0,46933.0,36275.0
2019-02-08,127485.0,115750.0,47199.0,36207.0
2019-02-09,121549.0,98187.0,40290.0,34997.0
2019-02-10,123376.0,98331.0,37237.0,34409.0
2019-02-11,142497.0,130016.0,44894.0,36658.0
2019-02-12,142047.0,126735.0,50461.0,35164.0
2019-02-13,138918.0,126369.0,47467.0,34809.0
2019-02-14,139452.0,127344.0,43954.0,32360.0
2019-02-15,142989.0,125021.0,43254.0,32178.0
2019-02-16,135872.0,106886.0,35704.0,29815.0
2019-02-17,126634.0,97159.0,36045.0,28645.0
2019-02-18,131341.0,117649.0,45820.0,30316.0
2019-02-19,134739.0,124333.0,37910.0,30902.0
2019-02-20,138113.0,123095.0,40277.0,31065.0
2019-02-21,142209.0,118977.0,38448.0,29200.0
2019-02-22,153935.0,118717.0,40447.0,27532.0
2019-02-23,156647.0,96915.0,35372.0,25428.0
2019-02-24,141982.0,89623.0,29545.0,24749.0
2019-02-25,140604.0,106678.0,38617.0,26597.0
2019-02-26,146218.0,110202.0,43623.0,27247.0
2019-02-27,149734.0,109662.0,38014.0,27235.0
2019-02-28,152848.0,105249.0,40136.0,27180.0
2019-03-01,167009.0,122563.0,38222.0,27080.0
2019-03-02,174902.0,116616.0,33076.0,25958.0
2019-03-03,150971.0,94728.0,33102.0,23882.0
2019-03-04,152987.0,105706.0,31692.0,26983.0
2019-03-05,160582.0,113364.0,40451.0,26661.0
2019-03-06,159157.0,115312.0,39688.0,30484.0
2019-03-07,161425.0,114969.0,40999.0,32584.0
2019-03-08,166173.0,126707.0,41709.0,33282.0
2019-03-09,158273.0,105064.0,31180.0,31050.0
2019-03-10,164212.0,107311.0,32187.0,28408.0
2019-03-11,175008.0,132261.0,35904.0,30594.0
2019-03-12,172000.0,130379.0,43310.0,29448.0
2019-03-13,161078.0,122941.0,40734.0,28096.0
2019-03-14,157609.0,130385.0,36731.0,28658.0
2019-03-15,168839.0,138225.0,35021.0,30247.0
2019-03-16,176449.0,131818.0,27066.0,27224.0
2019-03-17,169908.0,126153.0,28221.0,24441.0
2019-03-18,173149.0,144615.0,37391.0,25931.0
2019-03-19,174126.0,145182.0,38481.0,24510.0
2019-03-20,172110.0,138959.0,32203.0,25347.0
2019-03-21,167903.0,137528.0,32456.0,26222.0
2019-03-22,168430.0,137531.0,34659.0,27481.0
2019-03-23,167106.0,115089.0,30773.0,22996.0
2019-03-24,164517.0,98280.0,29350.0,21370.0
2019-03-25,166540.0,108321.0,34939.0,21990.0
2019-03-26,164797.0,110365.0,35648.0,21004.0
2019-03-27,159539.0,107564.0,34274.0,20751.0
2019-03-28,154016.0,109109.0,36215.0,19969.0
2019-03-29,152325.0,101943.0,37036.0,20371.0
2019-03-30,148843.0,93427.0,34117.0,18918.0
2019-03-31,149359.0,79196.0,31628.0,19677.0
2019-04-01,150569.0,103373.0,38976.0,19884.0
2019-04-02,156917.0,104062.0,40833.0,19671.0
2019-04-03,163295.0,117014.0,47229.0,19590.0
2019-04-04,170160.0,121556.0,55005.0,19601.0
2019-04-05,174837.0,122594.0,58497.0,20335.0
2019-04-06,166778.0,113525.0,53853.0,20902.0
2019-04-07,160519.0,104978.0,53586.0,21423.0
2019-04-08,166483.0,113071.0,62861.0,24096.0
2019-04-09,163501.0,109351.0,61415.0,25271.0
2019-04-10,168199.0,106280.0,63551.0,26188.0
2019-04-11,167598.0,109574.0,65771.0,26318.0
2019-04-12,164443.0,105899.0,63775.0,27098.0
2019-04-13,158476.0,89559.0,55865.0,24086.0
2019-04-14,147702.0,83750.0,54101.0,24026.0
2019-04-15,143846.0,90979.0,59589.0,26996.0
2019-04-16,146729.0,104532.0,57034.0,29990.0
2019-04-17,154646.0,102739.0,58186.0,27805.0
2019-04-18,155608.0,100997.0,55001.0,27624.0
2019-04-19,156423.0,100113.0,58162.0,28105.0
2019-04-20,157340.0,100617.0,55357.0,27353.0
2019-04-21,159715.0,94229.0,54622.0,27495.0
2019-04-22,154501.0,87875.0,58126.0,26512.0
2019-04-23,162843.0,103123.0,80733.0,27893.0
2019-04-24,171755.0,106217.0,91546.0,28320.0
2019-04-25,178317.0,115629.0,94328.0,31306.0
2019-04-26,191670.0,136188.0,101932.0,35363.0
2019-04-27,191049.0,120101.0,100150.0,32370.0
2019-04-28,185273.0,117868.0,91317.0,30733.0
2019-04-29,181956.0,131685.0,94090.0,31643.0
2019-04-30,184495.0,134226.0,93342.0,31397.0
2019-05-01,171863.0,111287.0,83658.0,27671.0
2019-05-02,162162.0,121983.0,89902.0,28014.0
2019-05-03,181596.0,127473.0,93409.0,28443.0
2019-05-04,178985.0,112568.0,86527.0,26837.0
2019-05-05,171283.0,104999.0,81186.0,26129.0
2019-05-06,169138.0,119040.0,82421.0,27356.0
2019-05-07,176895.0,119240.0,79430.0,26040.0
2019-05-08,176662.0,116287.0,81460.0,26393.0
2019-05-09,174811.0,144485.0,81958.0,27992.0
2019-05-10,180732.0,153097.0,85129.0,30057.0
2019-05-11,183825.0,147167.0,82818.0,28763.0
2019-05-12,193596.0,135242.0,84372.0,26942.0
2019-05-13,186637.0,135967.0,93355.0,26458.0
2019-05-14,184308.0,129143.0,85709.0,26151.0
2019-05-15,172577.0,129429.0,93282.0,25408.0
2019-05-16,165007.0,125999.0,84403.0,24859.0
2019-05-17,172079.0,129128.0,83292.0,28391.0
2019-05-18,171948.0,123812.0,77646.0,28829.0
2019-05-19,170745.0,114050.0,84009.0,28380.0
2019-05-20,193641.0,142424.0,94472.0,29472.0
2019-05-21,179092.0,143518.0,100498.0,29725.0
2019-05-22,184149.0,140838.0,99140.0,29402.0
2019-05-23,190709.0,143565.0,105889.0,27902.0
2019-05-24,194719.0,152777.0,110522.0,28158.0
2019-05-25,201238.0,148532.0,107739.0,27337.0
2019-05-26,200377.0,136556.0,114950.0,26943.0
2019-05-27,204317.0,146265.0,120379.0,26515.0
2019-05-28,201004.0,149082.0,117573.0,26595.0
2019-05-29,192597.0,148200.0,120538.0,25953.0
2019-05-30,200835.0,125488.0,117158.0,25526.0
2019-05-31,205378.0,135124.0,117349.0,25916.0
2019-06-01,205877.0,132706.0,112640.0,24703.0
2019-06-02,205837.0,124392.0,117199.0,24203.0
2019-06-03,204060.0,136359.0,126978.0,24899.0
2019-06-04,191516.0,139516.0,134696.0,24428.0
2019-06-05,194982.0,142168.0,135663.0,25329.0
2019-06-06,189315.0,138412.0,137300.0,26693.0
2019-06-07,190358.0,140256.0,133432.0,25745.0
2019-06-08,174604.0,127916.0,125755.0,23567.0
2019-06-09,197944.0,134529.0,130690.0,21898.0
2019-06-10,193662.0,141837.0,135049.0,22726.0
2019-06-11,164941.0,151797.0,131441.0,23296.0
2019-06-12,150191.0,151743.0,134734.0,22732.0
2019-06-13,151156.0,154580.0,136185.0,21793.0
2019-06-14,167727.0,157401.0,140338.0,20689.0
2019-06-15,176182.0,155296.0,135216.0,18807.0
2019-06-16,177151.0,152784.0,136019.0,19268.0
2019-06-17,185703.0,154017.0,141875.0,20614.0
2019-06-18,184858.0,147947.0,144127.0,20346.0
2019-06-19,183452.0,150701.0,140955.0,21099.0
2019-06-20,185083.0,150396.0,139127.0,22357.0
2019-06-21,187409.0,149246.0,134747.0,23345.0
2019-06-22,190187.0,141568.0,130732.0,20466.0
2019-06-23,197887.0,137137.0,126658.0,20394.0
2019-06-24,199188.0,140624.0,130955.0,21880.0
2019-06-25,191770.0,139474.0,135672.0,21033.0
2019-06-26,186237.0,138334.0,139851.0,20143.0
2019-06-27,183157.0,139696.0,133312.0,19556.0
2019-06-28,178294.0,142074.0,137156.0,20917.0
2019-06-29,182684.0,134746.0,127438.0,19613.0
2019-06-30,183893.0,127633.0,123794.0,19235.0
2019-07-01,185626.0,128160.0,141989.0,19185.0
2019-07-02,184214.0,126654.0,140151.0,19580.0
2019-07-03,189523.0,121358.0,132755.0,19955.0
2019-07-04,190630.0,118584.0,136579.0,20348.0
2019-07-05,190521.0,120905.0,130687.0,21203.0
2019-07-06,190017.0,114646.0,123932.0,18664.0
2019-07-07,192750.0,110076.0,117668.0,17641.0
2019-07-08,193024.0,111779.0,128626.0,18564.0
2019-07-09,189358.0,109153.0,126792.0,20376.0
2019-07-10,186007.0,103009.0,121786.0,19497.0
2019-07-11,185915.0,93936.0,120366.0,19157.0
2019-07-12,184742.0,96252.0,117714.0,19202.0
2019-07-13,192742.0,93443.0,101211.0,16256.0
2019-07-14,189074.0,83619.0,87899.0,16310.0
2019-07-15,181785.0,90469.0,115291.0,18095.0
2019-07-16,176928.0,87808.0,104813.0,18467.0
2019-07-17,174535.0,85582.0,106474.0,18232.0
2019-07-18,173649.0,86573.0,108112.0,17965.0
2019-07-19,169100.0,90707.0,117931.0,17543.0
2019-07-20,165671.0,75131.0,87774.0,16294.0
2019-07-21,165420.0,73296.0,85494.0,15704.0
2019-07-22,157718.0,88242.0,108788.0,17326.0
2019-07-23,168091.0,91737.0,109353.0,17323.0
2019-07-24,167362.0,91585.0,110628.0,18057.0
2019-07-25,170025.0,76480.0,111116.0,17155.0
2019-07-26,173937.0,86848.0,110678.0,17087.0
2019-07-27,173149.0,84616.0,105915.0,15781.0
2019-07-28,176312.0,99065.0,97035.0,16049.0
2019-07-29,178757.0,105136.0,105633.0,16102.0
2019-07-30,188565.0,95387.0,104075.0,15993.0
2019-07-31,189449.0,93115.0,114194.0,15465.0
2019-08-01,181892.0,88725.0,100562.0,16023.0
2019-08-02,182130.0,80113.0,105647.0,16235.0
2019-08-03,183231.0,70160.0,81452.0,15149.0
2019-08-04,172875.0,66849.0,79443.0,15234.0
2019-08-05,167247.0,73384.0,95419.0,16107.0
2019-08-06,175724.0,85004.0,94603.0,16068.0
2019-08-07,183052.0,89561.0,107506.0,17022.0
2019-08-08,188779.0,89058.0,103565.0,16041.0
2019-08-09,185684.0,84164.0,102192.0,16364.0
2019-08-10,181075.0,80435.0,91684.0,14536.0
2019-08-11,171805.0,81063.0,92846.0,13596.0
2019-08-12,179372.0,93095.0,101961.0,15422.0
2019-08-13,196170.0,85236.0,93616.0,15998.0
2019-08-14,196479.0,81448.0,86580.0,15997.0
2019-08-15,188610.0,71113.0,78230.0,13900.0
2019-08-16,185392.0,77846.0,83227.0,15119.0
2019-08-17,181986.0,69818.0,77733.0,13477.0
2019-08-18,174549.0,67059.0,77362.0,13440.0
2019-08-19,176790.0,80375.0,92305.0,16314.0
2019-08-20,191521.0,98809.0,93456.0,16990.0
2019-08-21,193388.0,100729.0,96571.0,16388.0
2019-08-22,201766.0,99245.0,97382.0,15479.0
2019-08-23,198969.0,94832.0,96177.0,14985.0
2019-08-24,190960.0,88197.0,83370.0,14092.0
2019-08-25,183744.0,84789.0,80757.0,13572.0
2019-08-26,181767.0,86058.0,100833.0,15648.0
2019-08-27,183289.0,83193.0,99848.0,15329.0
2019-08-28,177210.0,82288.0,95616.0,15676.0
2019-08-29,176937.0,83004.0,93188.0,15814.0
2019-08-30,175048.0,83342.0,94380.0,16615.0
2019-08-31,168728.0,78803.0,82219.0,13738.0
2019-09-01,160747.0,75589.0,80852.0,13288.0
2019-09-02,178592.0,73720.0,93150.0,13834.0
2019-09-03,184493.0,67258.0,79907.0,15322.0
2019-09-04,172529.0,66077.0,75277.0,14953.0
2019-09-05,166377.0,64295.0,80208.0,13131.0
2019-09-06,172670.0,61581.0,86645.0,12880.0
2019-09-07,173401.0,55287.0,73996.0,11696.0
2019-09-08,180343.0,54804.0,74683.0,11599.0
2019-09-09,190746.0,66882.0,83382.0,12627.0
2019-09-10,184004.0,67032.0,81464.0,12196.0
2019-09-11,175539.0,62604.0,74457.0,13362.0
2019-09-12,169547.0,61477.0,73448.0,12545.0
2019-09-13,165839.0,59899.0,70637.0,12265.0
2019-09-14,159492.0,54968.0,67088.0,11185.0
2019-09-15,148194.0,53681.0,65360.0,11493.0
2019-09-16,150596.0,61222.0,82923.0,12299.0
2019-09-17,151864.0,56292.0,74891.0,12603.0
2019-09-18,139593.0,52706.0,85546.0,13169.0
2019-09-19,136093.0,51775.0,79485.0,13400.0
2019-09-20,131622.0,49893.0,72025.0,12835.0
2019-09-21,122470.0,45650.0,54966.0,12909.0
2019-09-22,114950.0,46400.0,52978.0,12660.0
2019-09-23,113632.0,62373.0,75937.0,14081.0
2019-09-24,139174.0,55379.0,71986.0,13198.0
2019-09-25,135856.0,58112.0,68542.0,13533.0
2019-09-26,132816.0,58892.0,67910.0,14317.0
2019-09-27,128522.0,57599.0,72804.0,13712.0
2019-09-28,127927.0,51202.0,53852.0,11261.0
2019-09-29,120188.0,46159.0,42476.0,10757.0
2019-09-30,114131.0,57011.0,63556.0,11834.0
2019-10-01,117370.0,56069.0,65131.0,12225.0
2019-10-02,129327.0,60597.0,67999.0,10837.0
2019-10-03,148071.0,64039.0,57994.0,11170.0
2019-10-04,137930.0,58599.0,67370.0,11669.0
2019-10-05,149862.0,55519.0,39064.0,9670.0
2019-10-06,161267.0,51796.0,33485.0,9711.0
2019-10-07,167914.0,69877.0,51527.0,10743.0
2019-10-08,158667.0,68469.0,54920.0,10203.0
2019-10-09,164336.0,71247.0,48827.0,10301.0
2019-10-10,171559.0,77306.0,46087.0,10913.0
2019-10-11,166814.0,69921.0,51241.0,10129.0
2019-10-12,153248.0,61968.0,34323.0,8984.0
2019-10-13,145001.0,58788.0,32878.0,8987.0
2019-10-14,140949.0,65727.0,46920.0,11619.0
2019-10-15,141741.0,82359.0,60530.0,13621.0
2019-10-16,148546.0,87275.0,66814.0,14498.0
2019-10-17,143464.0,85320.0,58717.0,16583.0
2019-10-18,139350.0,84833.0,63787.0,16687.0
2019-10-19,136574.0,90175.0,55568.0,15636.0
2019-10-20,133965.0,97572.0,70305.0,21426.0
2019-10-21,136311.0,112866.0,84242.0,22340.0
2019-10-22,150720.0,115665.0,82120.0,18995.0
2019-10-23,154081.0,122279.0,83260.0,24442.0
2019-10-24,142829.0,121428.0,86776.0,25534.0
2019-10-25,132917.0,120192.0,86334.0,25676.0
2019-10-26,128648.0,103674.0,73469.0,21394.0
2019-10-27,121606.0,87739.0,67484.0,19561.0
2019-10-28,126397.0,97122.0,82200.0,19556.0
2019-10-29,138829.0,105379.0,80660.0,18113.0
2019-10-30,139868.0,106073.0,77263.0,18028.0
2019-10-31,154039.0,108627.0,73336.0,18856.0
2019-11-01,149507.0,101782.0,60559.0,17238.0
2019-11-02,140164.0,111927.0,62998.0,22349.0
2019-11-03,132947.0,135951.0,79062.0,23019.0
2019-11-04,137933.0,148101.0,94206.0,26312.0
2019-11-05,154906.0,150610.0,105218.0,28212.0
2019-11-06,168103.0,155644.0,111361.0,29793.0
2019-11-07,158407.0,154831.0,105317.0,30186.0
2019-11-08,153909.0,158778.0,109287.0,30702.0
2019-11-09,153213.0,147681.0,97413.0,29680.0
2019-11-10,142926.0,133381.0,84850.0,29877.0
2019-11-11,132920.0,130299.0,96720.0,30782.0
2019-11-12,137919.0,132355.0,99557.0,31515.0
2019-11-13,144130.0,130406.0,97991.0,33121.0
2019-11-14,143753.0,127818.0,99138.0,32036.0
2019-11-15,132778.0,139591.0,102549.0,29995.0
2019-11-16,148383.0,125529.0,98011.0,29595.0
2019-11-17,145560.0,111614.0,92731.0,29713.0
2019-11-18,156251.0,126751.0,105569.0,33471.0
2019-11-19,154140.0,128940.0,110694.0,33132.0
2019-11-20,153831.0,132347.0,105015.0,32956.0
2019-11-21,150100.0,131776.0,108491.0,32191.0
2019-11-22,140462.0,125006.0,105270.0,32735.0
2019-11-23,128469.0,118482.0,96885.0,35506.0
2019-11-24,123830.0,118059.0,95473.0,35988.0
2019-11-25,134919.0,132022.0,107905.0,36484.0
2019-11-26,137840.0,129558.0,101982.0,36886.0
2019-11-27,131385.0,130045.0,102131.0,39061.0
2019-11-28,128219.0,138786.0,105615.0,39762.0
2019-11-29,132699.0,152849.0,103524.0,41091.0
2019-11-30,140719.0,151254.0,90524.0,39827.0
2019-12-01,132775.0,148541.0,81284.0,41212.0
2019-12-02,134464.0,153667.0,92146.0,40566.0
2019-12-03,144865.0,155363.0,92809.0,39913.0
2019-12-04,142524.0,156169.0,88710.0,39120.0
2019-12-05,137677.0,156977.0,86638.0,38681.0
2019-12-06,128990.0,144638.0,80744.0,37667.0
2019-12-07,121689.0,127057.0,73901.0,35335.0
2019-12-08,113334.0,110654.0,62487.0,34187.0
2019-12-09,117440.0,122763.0,74791.0,34209.0
2019-12-10,131771.0,142673.0,71407.0,34084.0
2019-12-11,130554.0,142016.0,81078.0,34273.0
2019-12-12,135455.0,149963.0,80961.0,35110.0
2019-12-13,138876.0,158988.0,77676.0,36827.0
2019-12-14,133746.0,155309.0,66526.0,36771.0
2019-12-15,122949.0,157697.0,61769.0,37178.0
2019-12-16,129049.0,166268.0,78186.0,40597.0
2019-12-17,135203.0,168434.0,77768.0,40520.0
2019-12-18,135922.0,165463.0,87642.0,41641.0
2019-12-19,123370.0,162791.0,92904.0,40646.0
2019-12-20,119036.0,168869.0,92544.0,41763.0
2019-12-21,124020.0,166750.0,86711.0,41800.0
2019-12-22,130540.0,168493.0,78877.0,41325.0
2019-12-23,132916.0,169037.0,81532.0,43532.0
2019-12-24,140563.0,170301.0,75167.0,35637.0
2019-12-25,150178.0,168795.0,71259.0,43130.0
2019-12-26,154374.0,169673.0,74320.0,42713.0
2019-12-27,149390.0,169810.0,82665.0,43162.0
2019-12-28,147775.0,162668.0,70887.0,39779.0
2019-12-29,139176.0,155176.0,68935.0,37805.0
2019-12-30,132110.0,157053.0,77638.0,40007.0
2019-12-31,125603.0,153208.0,73461.0,37306.0
2020-01-01,125570.0,136696.0,55838.0,35233.0
2020-01-02,123049.0,143389.0,67781.0,37070.0
2020-01-03,127058.0,135261.0,65866.0,35389.0
2020-01-04,129923.0,121992.0,59295.0,31108.0
2020-01-05,124541.0,114263.0,53434.0,30367.0
2020-01-06,119629.0,121143.0,67206.0,30491.0
2020-01-07,124579.0,128567.0,82971.0,33405.0
2020-01-08,132902.0,128564.0,73820.0,31826.0
2020-01-09,132344.0,121203.0,81505.0,29850.0
2020-01-10,131786.0,120228.0,80626.0,29638.0
2020-01-11,128932.0,98246.0,54704.0,30053.0
2020-01-12,114718.0,82796.0,53808.0,27904.0
2020-01-13,118618.0,114305.0,80547.0,30634.0
2020-01-14,128187.0,104617.0,77118.0,29528.0
2020-01-15,128245.0,104728.0,77524.0,29688.0
2020-01-16,126670.0,107310.0,68696.0,30849.0
2020-01-17,122168.0,110875.0,68692.0,32379.0
2020-01-18,115863.0,103104.0,61734.0,30379.0
2020-01-19,114637.0,87350.0,41670.0,30949.0
2020-01-20,113189.0,121032.0,60971.0,31581.0
2020-01-21,122843.0,126979.0,67125.0,30415.0
2020-01-22,124122.0,125543.0,74856.0,30372.0
2020-01-23,126400.0,126241.0,75784.0,32199.0
2020-01-24,126709.0,133072.0,74615.0,33426.0
2020-01-25,122197.0,119877.0,52042.0,33658.0
2020-01-26,114324.0,94946.0,42958.0,30935.0
2020-01-27,113285.0,109846.0,67555.0,33900.0
2020-01-28,125639.0,108963.0,60693.0,35490.0
2020-01-29,128552.0,122414.0,59724.0,36441.0
2020-01-30,129252.0,123632.0,59299.0,38595.0
2020-01-31,126625.0,128977.0,59611.0,38446.0
2020-02-01,131280.0,122901.0,44447.0,39797.0
2020-02-02,136444.0,125897.0,41087.0,40371.0
2020-02-03,180268.0,137431.0,55727.0,39381.0
2020-02-04,172785.0,139203.0,68360.0,37726.0
2020-02-05,177938.0,152823.0,67878.0,37129.0
2020-02-06,175131.0,156848.0,68607.0,36878.0
2020-02-07,170748.0,154518.0,72423.0,36003.0
2020-02-08,165336.0,133222.0,52753.0,33894.0
2020-02-09,151386.0,120882.0,44381.0,31327.0
2020-02-10,156554.0,129373.0,66691.0,34331.0
2020-02-11,173648.0,134514.0,63632.0,34039.0
2020-02-12,171632.0,135974.0,58012.0,33896.0
2020-02-13,167464.0,137835.0,55615.0,33034.0
2020-02-14,172724.0,145470.0,60269.0,32534.0
2020-02-15,169977.0,133179.0,48962.0,27663.0
2020-02-16,143302.0,116048.0,39382.0,27595.0
2020-02-17,154562.0,129746.0,60328.0,30813.0
2020-02-18,165900.0,135011.0,55251.0,30190.0
2020-02-19,162372.0,139411.0,58725.0,29469.0
2020-02-20,162408.0,142308.0,59233.0,27971.0
2020-02-21,160032.0,145706.0,57359.0,27612.0
2020-02-22,154076.0,124180.0,46056.0,25954.0
2020-02-23,144405.0,108477.0,35521.0,23935.0
2020-02-24,164141.0,125444.0,56941.0,26650.0
2020-02-25,168355.0,131132.0,55709.0,24640.0
2020-02-26,166973.0,145508.0,56479.0,24801.0
2020-02-27,168972.0,157227.0,61627.0,24461.0
2020-02-28,169253.0,158809.0,53750.0,26184.0
2020-02-29,159436.0,133326.0,37804.0,24017.0
2020-03-01,156491.0,138024.0,36094.0,25044.0
2020-03-02,157386.0,159667.0,58535.0,34755.0
2020-03-03,167811.0,159428.0,59131.0,37850.0
2020-03-04,167742.0,164460.0,60920.0,39468.0
2020-03-05,164595.0,165391.0,67089.0,41157.0
2020-03-06,162445.0,166316.0,54403.0,41600.0
2020-03-07,158932.0,165406.0,45647.0,41275.0
2020-03-08,150733.0,159223.0,40732.0,40494.0
2020-03-09,153874.0,170027.0,53565.0,39938.0
2020-03-10,162918.0,160910.0,47258.0,39958.0
2020-03-11,173412.0,160788.0,48357.0,38498.0
2020-03-12,175695.0,165334.0,46783.0,39262.0
2020-03-13,174605.0,173304.0,51873.0,39032.0
2020-03-14,171212.0,170876.0,48986.0,37110.0
2020-03-15,154268.0,156980.0,43366.0,34374.0
2020-03-16,152703.0,168172.0,51746.0,37528.0
2020-03-17,157002.0,167427.0,45703.0,39095.0
2020-03-18,156367.0,164741.0,45291.0,40879.0
2020-03-19,155553.0,161925.0,49844.0,41205.0
2020-03-20,163999.0,159008.0,51961.0,39952.0
2020-03-21,168690.0,138814.0,48108.0,39734.0
2020-03-22,147334.0,127353.0,48458.0,37730.0
2020-03-23,147399.0,133685.0,53726.0,37375.0
2020-03-24,150700.0,136859.0,57317.0,36882.0
2020-03-25,147421.0,132938.0,53551.0,38589.0
2020-03-26,146428.0,128980.0,55000.0,35138.0
2020-03-27,146453.0,134046.0,63718.0,35895.0
2020-03-28,144042.0,113960.0,55458.0,34053.0
2020-03-29,132152.0,95382.0,51943.0,28897.0
2020-03-30,133619.0,123039.0,57509.0,30460.0
2020-03-31,143764.0,120371.0,53224.0,30405.0
2020-04-01,143664.0,119993.0,52926.0,33147.0
2020-04-02,141088.0,118359.0,52362.0,31929.0
2020-04-03,137312.0,121647.0,52373.0,32335.0
2020-04-04,135638.0,101604.0,46956.0,28334.0
2020-04-05,123452.0,82152.0,46133.0,27257.0
2020-04-06,123737.0,101290.0,54413.0,32644.0
2020-04-07,124752.0,107356.0,62396.0,33348.0
2020-04-08,126348.0,109210.0,59989.0,32694.0
2020-04-09,132552.0,113929.0,64621.0,32074.0
2020-04-10,133644.0,102013.0,68416.0,34172.0
2020-04-11,134513.0,102933.0,71729.0,34415.0
2020-04-12,132188.0,95862.0,70908.0,34628.0
2020-04-13,123481.0,83036.0,71812.0,35810.0
2020-04-14,136377.0,107398.0,80840.0,37508.0
2020-04-15,136358.0,110255.0,81365.0,37352.0
2020-04-16,137139.0,113436.0,82904.0,38112.0
2020-04-17,140076.0,114254.0,95443.0,40771.0
2020-04-18,142879.0,113002.0,91561.0,42005.0
2020-04-19,139120.0,100916.0,85687.0,40832.0
2020-04-20,139985.0,112009.0,108244.0,40893.0
2020-04-21,140332.0,114345.0,106677.0,40723.0
2020-04-22,148077.0,118100.0,105512.0,40813.0
2020-04-23,150537.0,128584.0,99837.0,40826.0
2020-04-24,160101.0,121818.0,105278.0,39683.0
2020-04-25,153450.0,110455.0,94853.0,39068.0
2020-04-26,145765.0,109013.0,94886.0,39549.0
2020-04-27,146713.0,126830.0,106841.0,42462.0
2020-04-28,154636.0,131661.0,105981.0,40916.0
2020-04-29,166240.0,131483.0,103625.0,39993.0
2020-04-30,162277.0,127236.0,110130.0,39668.0
2020-05-01,162178.0,129589.0,99700.0,40115.0
2020-05-02,163112.0,151615.0,103467.0,41905.0
2020-05-03,162549.0,155454.0,95580.0,40602.0
2020-05-04,156557.0,155712.0,104397.0,40147.0
2020-05-05,158303.0,152431.0,99686.0,41598.0
2020-05-06,174802.0,160725.0,100200.0,41177.0
2020-05-07,167841.0,161473.0,101736.0,38380.0
2020-05-08,166016.0,153520.0,112150.0,38223.0
2020-05-09,166478.0,152623.0,108378.0,36837.0
2020-05-10,169534.0,140003.0,110755.0,38441.0
2020-05-11,180548.0,157617.0,122105.0,38205.0
2020-05-12,192713.0,173408.0,131456.0,39692.0
2020-05-13,189044.0,173867.0,136555.0,40563.0
2020-05-14,189614.0,175413.0,134495.0,38579.0
2020-05-15,189772.0,173836.0,137540.0,38097.0
2020-05-16,185139.0,162909.0,142338.0,37228.0
2020-05-17,173987.0,145253.0,135524.0,35992.0
2020-05-18,167262.0,158206.0,147635.0,36328.0
2020-05-19,172103.0,153114.0,150667.0,33830.0
2020-05-20,175881.0,149486.0,152610.0,35073.0
2020-05-21,174340.0,136180.0,144869.0,34590.0
2020-05-22,170759.0,137799.0,144252.0,33718.0
2020-05-23,174331.0,128607.0,144551.0,31181.0
2020-05-24,157341.0,119437.0,136267.0,30442.0
2020-05-25,179998.0,138210.0,145920.0,31406.0
2020-05-26,177541.0,134572.0,153136.0,30966.0
2020-05-27,170124.0,129248.0,145166.0,30698.0
2020-05-28,164552.0,126640.0,138313.0,30713.0
2020-05-29,163558.0,126054.0,134332.0,31815.0
2020-05-30,151753.0,112254.0,121457.0,30299.0
2020-05-31,135444.0,97339.0,111902.0,29466.0
2020-06-01,125968.0,93576.0,116915.0,32022.0
2020-06-02,136090.0,114543.0,115745.0,30767.0
2020-06-03,152831.0,120164.0,127069.0,29568.0
2020-06-04,164403.0,126327.0,134419.0,29414.0
2020-06-05,175005.0,130728.0,137927.0,31005.0
2020-06-06,160300.0,118455.0,124396.0,29153.0
2020-06-07,159150.0,135602.0,128772.0,29208.0
2020-06-08,180953.0,136445.0,153463.0,30620.0
2020-06-09,186205.0,139277.0,153300.0,30672.0
2020-06-10,193236.0,147287.0,154651.0,31376.0
2020-06-11,203685.0,145246.0,145952.0,29779.0
2020-06-12,199990.0,147524.0,148189.0,30144.0
2020-06-13,191505.0,145582.0,136574.0,29555.0
2020-06-14,196986.0,140905.0,132560.0,29421.0
2020-06-15,196819.0,145460.0,156466.0,31511.0
2020-06-16,187636.0,148462.0,151124.0,29893.0
2020-06-17,203428.0,151159.0,149502.0,29987.0
2020-06-18,210894.0,153224.0,139268.0,29819.0
2020-06-19,213759.0,148631.0,133586.0,29646.0
2020-06-20,210231.0,138187.0,123028.0,27030.0
2020-06-21,204048.0,118597.0,117320.0,25908.0
2020-06-22,200137.0,131365.0,129759.0,25474.0
2020-06-23,198126.0,128174.0,130687.0,25583.0
2020-06-24,195876.0,132751.0,135834.0,25798.0
2020-06-25,194580.0,129176.0,134495.0,26833.0
2020-06-26,192243.0,134770.0,129085.0,27807.0
2020-06-27,193952.0,126950.0,113314.0,27191.0
2020-06-28,192968.0,117240.0,109511.0,26581.0
2020-06-29,194324.0,127527.0,126545.0,26134.0
2020-06-30,199872.0,121116.0,135550.0,26271.0
2020-07-01,202413.0,134517.0,126759.0,25759.0
2020-07-02,200444.0,130325.0,136242.0,25935.0
2020-07-03,189536.0,129223.0,132694.0,24915.0
2020-07-04,197872.0,110506.0,116002.0,22919.0
2020-07-05,176422.0,92751.0,104579.0,22730.0
2020-07-06,193803.0,110549.0,123388.0,22980.0
2020-07-07,192399.0,112525.0,131356.0,23885.0
2020-07-08,188774.0,111921.0,130868.0,23754.0
2020-07-09,186663.0,112861.0,128914.0,23534.0
2020-07-10,184987.0,105396.0,121844.0,23208.0
2020-07-11,192738.0,97409.0,100867.0,22031.0
2020-07-12,190318.0,91177.0,89509.0,21451.0
2020-07-13,179396.0,102652.0,105132.0,22413.0
2020-07-14,179670.0,96580.0,114241.0,21964.0
2020-07-15,181352.0,99139.0,119475.0,20954.0
2020-07-16,187151.0,96669.0,117596.0,20309.0
2020-07-17,195778.0,98731.0,106751.0,19985.0
2020-07-18,192509.0,79686.0,81205.0,19537.0
2020-07-19,182013.0,72801.0,76789.0,19157.0
2020-07-20,175053.0,89351.0,94775.0,20231.0
2020-07-21,175595.0,87940.0,102909.0,19621.0
2020-07-22,176542.0,94623.0,105004.0,19426.0
2020-07-23,179281.0,96949.0,103964.0,19445.0
2020-07-24,179648.0,101722.0,96268.0,19335.0
2020-07-25,173042.0,85489.0,80587.0,18034.0
2020-07-26,153953.0,75749.0,74499.0,18174.0
2020-07-27,159573.0,85770.0,97699.0,19102.0
2020-07-28,162230.0,85401.0,102654.0,18825.0
2020-07-29,166241.0,90168.0,96587.0,19235.0
2020-07-30,165927.0,89988.0,99973.0,18956.0
2020-07-31,165538.0,93106.0,106966.0,20313.0
2020-08-01,160196.0,90050.0,85989.0,17763.0
2020-08-02,157064.0,82118.0,81643.0,16789.0
2020-08-03,179818.0,89133.0,106106.0,17828.0
2020-08-04,157349.0,93956.0,107899.0,18337.0
2020-08-05,176028.0,90421.0,102554.0,18559.0
2020-08-06,188421.0,91055.0,100378.0,18623.0
2020-08-07,190819.0,91516.0,105427.0,19127.0
2020-08-08,183593.0,90263.0,87545.0,17002.0
2020-08-09,173115.0,83004.0,87198.0,17014.0
2020-08-10,175242.0,88198.0,107150.0,18580.0
2020-08-11,183582.0,86647.0,107532.0,18487.0
2020-08-12,178478.0,80708.0,102900.0,18856.0
2020-08-13,175638.0,78735.0,106831.0,19134.0
2020-08-14,177339.0,82860.0,101176.0,17831.0
2020-08-15,177278.0,70583.0,86901.0,16222.0
2020-08-16,163962.0,64667.0,78647.0,16521.0
2020-08-17,174983.0,79638.0,102946.0,18081.0
2020-08-18,179722.0,82422.0,91342.0,18252.0
2020-08-19,173852.0,79237.0,81130.0,17790.0
2020-08-20,166300.0,79745.0,82884.0,18044.0
2020-08-21,162019.0,79174.0,83756.0,17729.0
2020-08-22,158619.0,66591.0,80065.0,15783.0
2020-08-23,160314.0,62098.0,70728.0,14835.0
2020-08-24,150045.0,69774.0,95440.0,16932.0
2020-08-25,153513.0,62871.0,87399.0,17156.0
2020-08-26,143587.0,61032.0,91234.0,17476.0
2020-08-27,142897.0,62148.0,95424.0,17731.0
2020-08-28,149872.0,62814.0,87063.0,16216.0
2020-08-29,166976.0,66225.0,100298.0,15975.0
2020-08-30,166203.0,74697.0,107620.0,16862.0
2020-08-31,189828.0,85783.0,115641.0,17609.0
2020-09-01,198219.0,85582.0,116476.0,18031.0
2020-09-02,201850.0,86470.0,121266.0,17778.0
2020-09-03,197316.0,81606.0,120094.0,17824.0
2020-09-04,184580.0,75700.0,111901.0,17144.0
2020-09-05,175359.0,71083.0,104586.0,15695.0
2020-09-06,169928.0,67297.0,105280.0,14807.0
2020-09-07,184306.0,69747.0,115979.0,16613.0
2020-09-08,182537.0,67618.0,97867.0,15825.0
2020-09-09,177762.0,67205.0,103135.0,16126.0
2020-09-10,176313.0,67545.0,99738.0,15612.0
2020-09-11,174163.0,65025.0,101498.0,16135.0
2020-09-12,164405.0,59474.0,84266.0,13969.0
2020-09-13,153929.0,56725.0,77378.0,13122.0
2020-09-14,156128.0,64271.0,96622.0,14631.0
2020-09-15,162131.0,71919.0,96675.0,15052.0
2020-09-16,162237.0,70259.0,92922.0,15383.0
2020-09-17,159224.0,58450.0,89786.0,15201.0
2020-09-18,146570.0,63357.0,81583.0,14800.0
2020-09-19,134270.0,56711.0,68385.0,14708.0
2020-09-20,127855.0,58511.0,61282.0,13752.0
2020-09-21,133714.0,67615.0,88372.0,15233.0
2020-09-22,149507.0,70515.0,88542.0,14297.0
2020-09-23,155837.0,69283.0,85510.0,13542.0
2020-09-24,146684.0,67010.0,85518.0,13233.0
2020-09-25,164316.0,76172.0,95936.0,13528.0
2020-09-26,183198.0,83208.0,83273.0,14626.0
2020-09-27,176791.0,84696.0,72418.0,16353.0
2020-09-28,172479.0,86691.0,89442.0,14841.0
2020-09-29,174958.0,88218.0,83027.0,14443.0
2020-09-30,172156.0,81076.0,76033.0,13878.0
2020-10-01,170010.0,83516.0,76693.0,13373.0
2020-10-02,163243.0,92182.0,93316.0,18420.0
2020-10-03,171227.0,112017.0,99005.0,20291.0
2020-10-04,174600.0,116881.0,96978.0,19531.0
2020-10-05,177477.0,115143.0,109109.0,19118.0
2020-10-06,177126.0,110796.0,108055.0,19902.0
2020-10-07,181443.0,117666.0,106099.0,19955.0
2020-10-08,178400.0,111097.0,102674.0,19244.0
2020-10-09,172507.0,109492.0,109725.0,18706.0
2020-10-10,165899.0,92848.0,92039.0,16268.0
2020-10-11,165834.0,86197.0,94283.0,15822.0
2020-10-12,169271.0,98404.0,104674.0,16352.0
2020-10-13,166911.0,98618.0,101739.0,19207.0
2020-10-14,159672.0,95750.0,97971.0,19967.0
2020-10-15,156046.0,96277.0,98190.0,21579.0
2020-10-16,162323.0,106843.0,105991.0,22075.0
2020-10-17,165165.0,101213.0,94970.0,21226.0
2020-10-18,155574.0,88202.0,89370.0,19518.0
2020-10-19,146129.0,100485.0,95668.0,17749.0
2020-10-20,143502.0,94373.0,87365.0,17147.0
2020-10-21,139296.0,87994.0,84952.0,21588.0
2020-10-22,140024.0,92472.0,91928.0,24356.0
2020-10-23,146005.0,111255.0,93464.0,26007.0
2020-10-24,158844.0,114753.0,92011.0,24894.0
2020-10-25,150433.0,100760.0,79092.0,27732.0
2020-10-26,151463.0,118867.0,100406.0,28750.0
2020-10-27,174988.0,127710.0,103355.0,27706.0
2020-10-28,172426.0,126753.0,99991.0,27954.0
2020-10-29,171834.0,129229.0,98894.0,25964.0
2020-10-30,183349.0,128632.0,100201.0,23964.0
2020-10-31,176454.0,121663.0,92014.0,21504.0
2020-11-01,169518.0,106051.0,81856.0,20807.0
2020-11-02,160165.0,105463.0,99203.0,22588.0
2020-11-03,168467.0,105172.0,93395.0,21956.0
2020-11-04,172218.0,106105.0,93246.0,21170.0
2020-11-05,167187.0,102367.0,91286.0,20423.0
2020-11-06,161348.0,97811.0,94129.0,21210.0
2020-11-07,154151.0,90292.0,77614.0,24735.0
2020-11-08,147188.0,86644.0,71991.0,28303.0
2020-11-09,147938.0,104225.0,85260.0,27821.0
2020-11-10,153738.0,111241.0,85570.0,27019.0
2020-11-11,152014.0,97384.0,85027.0,27414.0
2020-11-12,145085.0,93885.0,84686.0,26980.0
2020-11-13,140987.0,90870.0,85347.0,25207.0
2020-11-14,134430.0,75203.0,70309.0,21369.0
2020-11-15,126004.0,64841.0,61342.0,22225.0
2020-11-16,128848.0,93245.0,77983.0,23765.0
2020-11-17,137470.0,98146.0,78703.0,23078.0
2020-11-18,129039.0,91424.0,73194.0,23073.0
2020-11-19,128228.0,87058.0,76280.0,21321.0
2020-11-20,134223.0,89916.0,82561.0,20825.0
2020-11-21,127964.0,72754.0,62148.0,19626.0
2020-11-22,113879.0,65854.0,51012.0,18171.0
2020-11-23,123912.0,91078.0,74450.0,20589.0
2020-11-24,132385.0,88054.0,68760.0,20202.0
2020-11-25,131629.0,84803.0,63990.0,20683.0
2020-11-26,132909.0,97023.0,73443.0,20811.0
2020-11-27,128431.0,100654.0,75936.0,22023.0
2020-11-28,122523.0,74465.0,50945.0,20237.0
2020-11-29,113301.0,67827.0,44827.0,18531.0
2020-11-30,116915.0,88715.0,58972.0,20237.0
2020-12-01,122007.0,89832.0,64254.0,18738.0
2020-12-02,128636.0,104981.0,74564.0,18594.0
2020-12-03,129816.0,89008.0,72803.0,19423.0
2020-12-04,122672.0,93330.0,70048.0,18484.0
2020-12-05,115857.0,86242.0,61415.0,19017.0
2020-12-06,127120.0,72620.0,66016.0,19660.0
2020-12-07,125940.0,95606.0,85610.0,23460.0
2020-12-08,125457.0,106001.0,79843.0,25656.0
2020-12-09,128281.0,111322.0,82237.0,28851.0
2020-12-10,131263.0,118018.0,77742.0,33100.0
2020-12-11,127389.0,107802.0,74441.0,34291.0
2020-12-12,122718.0,104692.0,58728.0,34085.0
2020-12-13,113814.0,119052.0,49608.0,34607.0
2020-12-14,113543.0,130833.0,67102.0,37096.0
2020-12-15,117721.0,136472.0,72854.0,37519.0
2020-12-16,123727.0,143186.0,76931.0,38637.0
2020-12-17,129025.0,144123.0,77676.0,38722.0
2020-12-18,125803.0,132678.0,76152.0,37647.0
2020-12-19,114623.0,118668.0,55451.0,37011.0
2020-12-20,108918.0,113452.0,48123.0,35816.0
2020-12-21,104558.0,117916.0,66512.0,36587.0
2020-12-22,116775.0,122777.0,59055.0,37360.0
2020-12-23,120467.0,132886.0,65825.0,37164.0
2020-12-24,130247.0,128111.0,50283.0,35427.0
2020-12-25,136379.0,128782.0,50562.0,33017.0
2020-12-26,131179.0,119473.0,45432.0,33113.0
2020-12-27,117897.0,113128.0,43344.0,31526.0
2020-12-28,125176.0,135509.0,57357.0,33027.0
2020-12-29,126671.0,132516.0,56134.0,35857.0
2020-12-30,118533.0,121995.0,57154.0,35530.0
2020-12-31,112677.0,116957.0,50346.0,35519.0
2021-01-01,109040.0,112972.0,48080.0,33923.0
2021-01-02,105594.0,115827.0,52480.0,33867.0
2021-01-03,103817.0,100896.0,48306.0,32600.0
2021-01-04,106080.0,121427.0,66912.0,34010.0
2021-01-05,116035.0,132440.0,69783.0,33724.0
2021-01-06,115613.0,132841.0,57131.0,33073.0
2021-01-07,117670.0,134135.0,76532.0,31981.0
2021-01-08,122374.0,140570.0,73038.0,31953.0
2021-01-09,115486.0,113098.0,58068.0,30623.0
2021-01-10,105875.0,94275.0,43702.0,28902.0
2021-01-11,100731.0,121516.0,61480.0,29164.0
2021-01-12,106808.0,124333.0,61130.0,28903.0
2021-01-13,114861.0,132338.0,67396.0,28958.0
2021-01-14,126872.0,143951.0,67638.0,29344.0
2021-01-15,129931.0,161983.0,66606.0,29628.0
2021-01-16,124694.0,137248.0,54923.0,28256.0
2021-01-17,109840.0,129260.0,45845.0,28343.0
2021-01-18,112918.0,146479.0,66860.0,29804.0
2021-01-19,123811.0,144219.0,61496.0,29622.0
2021-01-20,116256.0,128408.0,57651.0,32387.0
2021-01-21,104657.0,132725.0,59895.0,36487.0
2021-01-22,113639.0,148703.0,62569.0,37549.0
2021-01-23,123518.0,149936.0,56414.0,35047.0
2021-01-24,120186.0,144980.0,48143.0,36221.0
2021-01-25,122001.0,162398.0,69055.0,38495.0
2021-01-26,130287.0,162371.0,64734.0,39933.0
2021-01-27,134394.0,159180.0,64527.0,41768.0
2021-01-28,135069.0,159540.0,65998.0,42466.0
2021-01-29,153439.0,158079.0,63101.0,42348.0
2021-01-30,144448.0,153478.0,49871.0,39726.0
2021-01-31,138581.0,151151.0,46455.0,39186.0
2021-02-01,134826.0,161077.0,68068.0,41508.0
2021-02-02,139524.0,155406.0,61556.0,42122.0
2021-02-03,144669.0,155844.0,64970.0,43812.0
2021-02-04,142604.0,163009.0,65299.0,45217.0
2021-02-05,140576.0,155269.0,70764.0,46028.0
2021-02-06,140838.0,161340.0,54475.0,43727.0
2021-02-07,145247.0,157404.0,44564.0,41327.0
2021-02-08,161951.0,166104.0,65869.0,40988.0
2021-02-09,162407.0,173088.0,68493.0,41352.0
2021-02-10,163930.0,171375.0,72906.0,41837.0
2021-02-11,161779.0,174940.0,74137.0,42962.0
2021-02-12,156844.0,177181.0,72459.0,43316.0
2021-02-13,149584.0,170309.0,49981.0,41962.0
2021-02-14,141527.0,156304.0,39956.0,39303.0
2021-02-15,138172.0,167503.0,57613.0,39133.0
2021-02-16,148076.0,158395.0,64047.0,39940.0
2021-02-17,151328.0,152294.0,60110.0,40701.0
2021-02-18,149674.0,150010.0,60647.0,41452.0
2021-02-19,139348.0,147816.0,60435.0,41669.0
2021-02-20,135369.0,135106.0,45533.0,36636.0
2021-02-21,131512.0,124702.0,36923.0,37653.0
2021-02-22,130215.0,140036.0,52994.0,43788.0
2021-02-23,136769.0,136178.0,54822.0,44457.0
2021-02-24,137871.0,128070.0,52582.0,42491.0
2021-02-25,141457.0,137102.0,60991.0,43347.0
2021-02-26,137437.0,142073.0,61470.0,42696.0
2021-02-27,141706.0,130609.0,51822.0,39095.0
2021-02-28,136982.0,124548.0,42894.0,36582.0
2021-03-01,130896.0,142922.0,58581.0,39905.0
2021-03-02,136518.0,141039.0,59872.0,40586.0
2021-03-03,141805.0,144360.0,59166.0,39539.0
2021-03-04,144392.0,141970.0,59282.0,38850.0
2021-03-05,139919.0,142989.0,58610.0,38005.0
2021-03-06,135855.0,126051.0,52542.0,35129.0
2021-03-07,126742.0,118333.0,47416.0,32978.0
2021-03-08,126881.0,137319.0,60946.0,34367.0
2021-03-09,133772.0,136723.0,59191.0,33834.0
2021-03-10,134415.0,124981.0,52309.0,31922.0
2021-03-11,128146.0,104525.0,55051.0,30722.0
2021-03-12,133909.0,110065.0,57960.0,31355.0
2021-03-13,126084.0,107585.0,50519.0,27624.0
2021-03-14,127759.0,103849.0,41946.0,27009.0
2021-03-15,132321.0,126353.0,50563.0,28957.0
2021-03-16,141130.0,136483.0,54753.0,26294.0
2021-03-17,141565.0,136789.0,54899.0,23605.0
2021-03-18,142994.0,146677.0,55221.0,24457.0
2021-03-19,139851.0,137802.0,56094.0,23866.0
2021-03-20,132368.0,119844.0,47965.0,24556.0
2021-03-21,121664.0,99850.0,39692.0,24250.0
2021-03-22,116006.0,113447.0,47492.0,28317.0
2021-03-23,119893.0,114951.0,49107.0,29453.0
2021-03-24,116659.0,106394.0,45044.0,29563.0
2021-03-25,120051.0,108835.0,48651.0,29648.0
2021-03-26,129469.0,103448.0,49992.0,30243.0
2021-03-27,135929.0,102975.0,46926.0,26567.0
2021-03-28,127759.0,96999.0,44895.0,23273.0
2021-03-29,127623.0,103465.0,53868.0,24799.0
2021-03-30,133490.0,110707.0,54512.0,24491.0
2021-03-31,140896.0,115698.0,63663.0,24105.0
2021-04-01,146709.0,117767.0,69066.0,24728.0
2021-04-02,150162.0,109528.0,73002.0,25353.0
2021-04-03,150152.0,107392.0,71662.0,24075.0
2021-04-04,136006.0,104196.0,63859.0,23476.0
2021-04-05,121847.0,93631.0,63737.0,24061.0
2021-04-06,130709.0,108594.0,67517.0,23896.0
2021-04-07,136505.0,105114.0,65182.0,25184.0
2021-04-08,131164.0,105999.0,62094.0,25999.0
2021-04-09,123207.0,103896.0,60276.0,26405.0
2021-04-10,123196.0,86194.0,49757.0,24044.0
2021-04-11,127551.0,80897.0,48649.0,24838.0
2021-04-12,135364.0,107621.0,68448.0,25562.0
2021-04-13,135685.0,112489.0,69892.0,24718.0
2021-04-14,133289.0,101916.0,61652.0,23918.0
2021-04-15,127904.0,98903.0,60133.0,22168.0
2021-04-16,124085.0,95551.0,56665.0,22039.0
2021-04-17,120215.0,79870.0,46975.0,19820.0
2021-04-18,115914.0,72542.0,45668.0,19965.0
2021-04-19,114143.0,85415.0,55839.0,23351.0
2021-04-20,117932.0,83006.0,53460.0,23432.0
2021-04-21,114510.0,80615.0,48655.0,23250.0
2021-04-22,115135.0,76567.0,47288.0,21894.0
2021-04-23,115952.0,76806.0,48074.0,21349.0
2021-04-24,113456.0,69604.0,46601.0,21078.0
2021-04-25,110729.0,71086.0,51394.0,21531.0
2021-04-26,114401.0,84972.0,64117.0,24459.0
2021-04-27,121408.0,91391.0,67565.0,25934.0
2021-04-28,125611.0,93458.0,65130.0,25699.0
2021-04-29,134355.0,106745.0,72787.0,26453.0
2021-04-30,147635.0,117607.0,79852.0,27525.0
2021-05-01,158310.0,116461.0,79017.0,25092.0
2021-05-02,170955.0,128809.0,85103.0,24180.0
2021-05-03,162391.0,127968.0,88599.0,24962.0
2021-05-04,151475.0,107312.0,87996.0,24592.0
2021-05-05,154745.0,114273.0,84195.0,24834.0
2021-05-06,167562.0,125433.0,85517.0,26466.0
2021-05-07,176853.0,144249.0,88401.0,27177.0
2021-05-08,162664.0,143685.0,75110.0,24634.0
2021-05-09,148252.0,129298.0,72484.0,25362.0
2021-05-10,165909.0,150404.0,96709.0,28931.0
2021-05-11,196261.0,145774.0,113824.0,28852.0
2021-05-12,209618.0,150481.0,114676.0,28707.0
2021-05-13,207030.0,152707.0,119533.0,29229.0
2021-05-14,201064.0,159907.0,119210.0,29971.0
2021-05-15,194919.0,153698.0,105960.0,30024.0
2021-05-16,185398.0,155595.0,100947.0,33488.0
2021-05-17,196491.0,161869.0,110803.0,32626.0
2021-05-18,198399.0,162258.0,110920.0,31253.0
2021-05-19,200105.0,158460.0,104701.0,30766.0
2021-05-20,200489.0,162026.0,102770.0,29352.0
2021-05-21,185713.0,156666.0,100645.0,29080.0
2021-05-22,165034.0,157577.0,93754.0,27427.0
2021-05-23,182411.0,153616.0,87931.0,25435.0
2021-05-24,184642.0,153990.0,105883.0,27015.0
2021-05-25,200666.0,155318.0,105524.0,26167.0
2021-05-26,202194.0,153710.0,105926.0,25184.0
2021-05-27,198060.0,154197.0,105882.0,26447.0
2021-05-28,196157.0,153304.0,105085.0,26887.0
2021-05-29,189649.0,138196.0,97242.0,24810.0
2021-05-30,176488.0,128932.0,96102.0,24799.0
2021-05-31,178176.0,139977.0,110894.0,26386.0
2021-06-01,182616.0,136680.0,113125.0,27698.0
2021-06-02,186378.0,137664.0,110201.0,27753.0
2021-06-03,189688.0,135846.0,112633.0,27335.0
2021-06-04,196211.0,145472.0,123235.0,27545.0
2021-06-05,205347.0,147110.0,121554.0,27026.0
2021-06-06,204039.0,142935.0,124602.0,25627.0
2021-06-07,206848.0,146069.0,139775.0,25322.0
2021-06-08,203123.0,147583.0,140607.0,24639.0
2021-06-09,203084.0,148870.0,136898.0,23703.0
2021-06-10,201350.0,147531.0,143349.0,23683.0
2021-06-11,204721.0,149574.0,144580.0,23649.0
2021-06-12,206983.0,141624.0,130925.0,21986.0
2021-06-13,204776.0,135175.0,128451.0,22034.0
2021-06-14,204895.0,136518.0,143150.0,23695.0
2021-06-15,203103.0,128354.0,142425.0,23216.0
2021-06-16,201358.0,130368.0,143030.0,23283.0
2021-06-17,198087.0,134360.0,143611.0,25668.0
2021-06-18,193502.0,140432.0,144802.0,29395.0
2021-06-19,190230.0,137340.0,130754.0,29406.0
2021-06-20,193848.0,138124.0,128229.0,27064.0
2021-06-21,196291.0,146865.0,134098.0,27771.0
2021-06-22,193849.0,145473.0,140982.0,28247.0
2021-06-23,195073.0,145941.0,139362.0,29158.0
2021-06-24,201801.0,150936.0,139560.0,27840.0
2021-06-25,204366.0,149893.0,136451.0,25163.0
2021-06-26,204206.0,145442.0,116844.0,23368.0
2021-06-27,204188.0,139763.0,108700.0,22091.0
2021-06-28,204393.0,145293.0,127743.0,23041.0
2021-06-29,205341.0,140883.0,128550.0,23382.0
2021-06-30,208250.0,142294.0,121972.0,22908.0
2021-07-01,209247.0,143171.0,120806.0,21913.0
2021-07-02,202964.0,142262.0,132242.0,21579.0
2021-07-03,196542.0,139806.0,110250.0,20489.0
2021-07-04,191950.0,135954.0,91452.0,19834.0
2021-07-05,202034.0,131953.0,112038.0,20476.0
2021-07-06,196075.0,126899.0,116586.0,20148.0
2021-07-07,195215.0,137819.0,120150.0,20920.0
2021-07-08,200083.0,138071.0,123167.0,20211.0
2021-07-09,185608.0,136902.0,120321.0,19807.0
2021-07-10,191930.0,132362.0,111770.0,18818.0
2021-07-11,189187.0,128994.0,100644.0,18195.0
2021-07-12,193146.0,133962.0,123166.0,19181.0
2021-07-13,194781.0,134690.0,116785.0,19180.0
2021-07-14,190862.0,131317.0,117130.0,18472.0
2021-07-15,194930.0,133662.0,121457.0,18114.0
2021-07-16,195338.0,131393.0,126910.0,19039.0
2021-07-17,187223.0,125413.0,107962.0,17762.0
2021-07-18,127362.0,125756.0,99052.0,16452.0
2021-07-19,141598.0,128774.0,117828.0,19011.0
2021-07-20,163800.0,124064.0,120519.0,19564.0
2021-07-21,188383.0,125426.0,115662.0,19176.0
2021-07-22,198889.0,126360.0,115990.0,18277.0
2021-07-23,201630.0,129570.0,123284.0,17356.0
2021-07-24,198899.0,124328.0,114136.0,16556.0
2021-07-25,196989.0,121416.0,90402.0,15803.0
2021-07-26,198308.0,125435.0,124184.0,16954.0
2021-07-27,200826.0,124257.0,124438.0,16845.0
2021-07-28,203052.0,121213.0,120748.0,17332.0
2021-07-29,198223.0,113959.0,119415.0,17802.0
2021-07-30,198045.0,111644.0,124802.0,17446.0
2021-07-31,193500.0,111703.0,109865.0,15740.0
2021-08-01,197409.0,109955.0,102218.0,17516.0
2021-08-02,196256.0,105404.0,118721.0,18427.0
2021-08-03,199294.0,107396.0,123674.0,17785.0
2021-08-04,201194.0,115244.0,123576.0,18303.0
2021-08-05,179260.0,118581.0,121278.0,17819.0
2021-08-06,189896.0,110480.0,127568.0,17158.0
2021-08-07,198934.0,113816.0,113862.0,14907.0
2021-08-08,178802.0,112782.0,110488.0,15356.0
2021-08-09,188496.0,115679.0,113777.0,16860.0
2021-08-10,194061.0,117333.0,118483.0,16423.0
2021-08-11,195938.0,116460.0,120603.0,16547.0
2021-08-12,196946.0,118047.0,116843.0,16879.0
2021-08-13,196439.0,116258.0,118204.0,16106.0
2021-08-14,194812.0,109453.0,106989.0,15102.0
2021-08-15,192422.0,95464.0,108648.0,14372.0
2021-08-16,191626.0,95255.0,116104.0,14023.0
2021-08-17,184466.0,96856.0,101491.0,14060.0
2021-08-18,199818.0,94631.0,103769.0,15318.0
2021-08-19,197519.0,94693.0,102970.0,15512.0
2021-08-20,195207.0,95406.0,100591.0,15638.0
2021-08-21,190962.0,77866.0,90907.0,14529.0
2021-08-22,186399.0,71757.0,90970.0,14147.0
2021-08-23,196734.0,87268.0,101610.0,14613.0
2021-08-24,196263.0,82405.0,98877.0,14488.0
2021-08-25,189209.0,79487.0,103989.0,14829.0
2021-08-26,185445.0,82020.0,100391.0,14364.0
2021-08-27,187765.0,83789.0,94060.0,14354.0
2021-08-28,185189.0,69916.0,76179.0,13335.0
2021-08-29,188045.0,64240.0,67011.0,12872.0
2021-08-30,189975.0,79355.0,87171.0,14082.0
2021-08-31,182891.0,79841.0,84400.0,15078.0
2021-09-01,181093.0,77815.0,79834.0,14977.0
2021-09-02,185443.0,79798.0,85415.0,15151.0
2021-09-03,186149.0,77217.0,74145.0,14837.0
2021-09-04,181124.0,67218.0,61118.0,13841.0
2021-09-05,173340.0,62218.0,58091.0,13068.0
2021-09-06,170011.0,70989.0,64109.0,13230.0
2021-09-07,167597.0,70750.0,69202.0,13589.0
2021-09-08,159545.0,68396.0,65532.0,13284.0
2021-09-09,155257.0,68241.0,70797.0,13464.0
2021-09-10,157563.0,77039.0,64946.0,13642.0
2021-09-11,152797.0,65474.0,57770.0,12967.0
2021-09-12,142586.0,59252.0,55628.0,12666.0
2021-09-13,139188.0,69963.0,64305.0,11921.0
2021-09-14,146104.0,74219.0,67600.0,12496.0
2021-09-15,147440.0,76216.0,67433.0,13762.0
2021-09-16,156104.0,83245.0,67251.0,13032.0
2021-09-17,163674.0,90408.0,71051.0,13178.0
2021-09-18,151312.0,84086.0,69065.0,13106.0
2021-09-19,139544.0,77676.0,72444.0,13348.0
2021-09-20,144170.0,86317.0,73890.0,12626.0
2021-09-21,135995.0,83806.0,68677.0,12752.0
2021-09-22,128495.0,82767.0,63862.0,13159.0
2021-09-23,123986.0,75846.0,61732.0,13320.0
2021-09-24,120598.0,72539.0,67494.0,13325.0
2021-09-25,114583.0,64614.0,55224.0,12888.0
2021-09-26,110443.0,68360.0,57354.0,12236.0
2021-09-27,118378.0,68475.0,62724.0,12412.0
2021-09-28,120881.0,66337.0,61134.0,11715.0
2021-09-29,121597.0,61797.0,62754.0,11349.0
2021-09-30,117125.0,59687.0,57279.0,11565.0
2021-10-01,113170.0,55289.0,60818.0,12185.0
2021-10-02,103799.0,53020.0,55736.0,11342.0
2021-10-03,98481.0,62067.0,50582.0,13015.0
2021-10-04,99970.0,97522.0,77669.0,14856.0
2021-10-05,111380.0,100389.0,91271.0,13168.0
2021-10-06,131702.0,100393.0,107523.0,12694.0
2021-10-07,130505.0,98400.0,101228.0,12693.0
2021-10-08,121762.0,80411.0,91694.0,11991.0
2021-10-09,111621.0,65491.0,76009.0,11636.0
2021-10-10,104471.0,57374.0,65765.0,10727.0
2021-10-11,102680.0,57278.0,79295.0,11014.0
2021-10-12,106383.0,55171.0,78376.0,10521.0
2021-10-13,112698.0,56501.0,72054.0,11572.0
2021-10-14,111954.0,52970.0,72289.0,12577.0
2021-10-15,109336.0,53406.0,72358.0,10981.0
2021-10-16,108850.0,54370.0,68068.0,10325.0
2021-10-17,101092.0,49979.0,57084.0,10491.0
2021-10-18,101014.0,57150.0,70026.0,10094.0
2021-10-19,102569.0,52944.0,67007.0,9652.0
2021-10-20,99171.0,48491.0,60346.0,9460.0
2021-10-21,97721.0,50014.0,59377.0,9234.0
2021-10-22,102644.0,59870.0,66216.0,9573.0
2021-10-23,98081.0,55532.0,54027.0,9420.0
2021-10-24,93092.0,45373.0,46135.0,8897.0
2021-10-25,88175.0,49083.0,58118.0,8917.0
2021-10-26,98660.0,49555.0,62276.0,10420.0
2021-10-27,100334.0,48238.0,50991.0,9877.0
2021-10-28,98141.0,48682.0,50863.0,10676.0
2021-10-29,89764.0,47442.0,59169.0,11567.0
2021-10-30,85384.0,55023.0,48998.0,12383.0
2021-10-31,82814.0,51644.0,44689.0,12563.0
2021-11-01,85244.0,77195.0,50080.0,14655.0
2021-11-02,100471.0,94777.0,62056.0,15273.0
2021-11-03,105086.0,96815.0,66435.0,15821.0
2021-11-04,114040.0,93914.0,71874.0,16104.0
2021-11-05,109127.0,89900.0,70887.0,15630.0
2021-11-06,101966.0,77200.0,50795.0,15147.0
2021-11-07,95889.0,67209.0,50402.0,13444.0
2021-11-08,95247.0,82428.0,63624.0,14356.0
2021-11-09,100856.0,73497.0,62991.0,13215.0
2021-11-10,98928.0,79016.0,66039.0,13078.0
2021-11-11,105721.0,69525.0,61853.0,11702.0
2021-11-12,103534.0,63851.0,66421.0,11299.0
2021-11-13,99152.0,56206.0,54501.0,10654.0
2021-11-14,97326.0,52692.0,53069.0,10529.0
2021-11-15,101149.0,76124.0,81034.0,11171.0
2021-11-16,109173.0,86164.0,70914.0,11754.0
2021-11-17,109061.0,74907.0,63228.0,12103.0
2021-11-18,102706.0,74020.0,59717.0,12403.0
2021-11-19,97372.0,67386.0,61611.0,10778.0
2021-11-20,90392.0,55718.0,47002.0,9992.0
2021-11-21,84302.0,51108.0,42055.0,9666.0
2021-11-22,88827.0,55619.0,65594.0,11004.0
2021-11-23,98926.0,63770.0,64252.0,12897.0
2021-11-24,101439.0,71964.0,60214.0,16171.0
2021-11-25,101040.0,77937.0,63860.0,18375.0
2021-11-26,90303.0,72055.0,52152.0,18675.0
2021-11-27,83379.0,55861.0,44312.0,19419.0
2021-11-28,81922.0,54767.0,42790.0,18398.0
2021-11-29,86110.0,82946.0,62749.0,19090.0
2021-11-30,92111.0,74012.0,52484.0,17730.0
2021-12-01,97092.0,69729.0,48648.0,18247.0
2021-12-02,108380.0,81190.0,55084.0,19602.0
2021-12-03,108399.0,91775.0,50514.0,21163.0
2021-12-04,110018.0,98717.0,41719.0,24557.0
2021-12-05,117452.0,113002.0,38379.0,23808.0
2021-12-06,113595.0,122758.0,48670.0,24398.0
2021-12-07,113876.0,120787.0,44131.0,26397.0
2021-12-08,108320.0,126433.0,48325.0,27568.0
2021-12-09,114401.0,133160.0,56750.0,28307.0
2021-12-10,116758.0,130287.0,50529.0,27213.0
2021-12-11,106677.0,120646.0,43533.0,26830.0
2021-12-12,101250.0,109851.0,35543.0,26108.0
2021-12-13,103940.0,119442.0,46176.0,26518.0
2021-12-14,118398.0,132682.0,52598.0,27399.0
2021-12-15,118315.0,124839.0,45816.0,27885.0
2021-12-16,111423.0,120848.0,50032.0,25280.0
2021-12-17,104677.0,112022.0,47831.0,29212.0
2021-12-18,98613.0,94139.0,43162.0,27108.0
2021-12-19,95598.0,85417.0,39136.0,26670.0
2021-12-20,94570.0,101018.0,59590.0,26766.0
2021-12-21,103517.0,111669.0,63762.0,25865.0
2021-12-22,101745.0,109772.0,49214.0,25957.0
2021-12-23,94669.0,90612.0,45617.0,28467.0
2021-12-24,92774.0,79653.0,39525.0,29632.0
2021-12-25,98811.0,73738.0,37029.0,28014.0
2021-12-26,108695.0,86766.0,36832.0,27554.0
2021-12-27,109965.0,117881.0,40403.0,30618.0
2021-12-28,114254.0,139541.0,43280.0,31644.0
2021-12-29,128643.0,147289.0,41657.0,32893.0
2021-12-30,149273.0,143162.0,43957.0,32510.0
2021-12-31,142222.0,145542.0,40913.0,29451.0
2022-01-01,135858.0,138660.0,32256.0,24815.0
2022-01-02,131370.0,135100.0,32093.0,25865.0
2022-01-03,130562.0,138805.0,37314.0,25058.0
2022-01-04,131282.0,140596.0,35221.0,28293.0
2022-01-05,133139.0,147223.0,41473.0,29502.0
2022-01-06,131009.0,147708.0,42739.0,28222.0
2022-01-07,128799.0,145937.0,42191.0,27725.0
2022-01-08,125221.0,135344.0,32498.0,27224.0
2022-01-09,124981.0,136998.0,38677.0,26961.0
2022-01-10,125513.0,146090.0,43851.0,31039.0
2022-01-11,130457.0,146521.0,42339.0,29640.0
2022-01-12,126596.0,149174.0,38197.0,30370.0
2022-01-13,121595.0,160264.0,38882.0,30324.0
2022-01-14,119372.0,147131.0,43976.0,28577.0
2022-01-15,120135.0,134785.0,30203.0,27488.0
2022-01-16,114186.0,117781.0,27254.0,23500.0
2022-01-17,108543.0,128129.0,40357.0,23159.0
2022-01-18,116740.0,128050.0,40506.0,23270.0
2022-01-19,113630.0,110357.0,40625.0,22048.0
2022-01-20,108142.0,116943.0,38686.0,21768.0
2022-01-21,106852.0,111039.0,41599.0,21943.0
2022-01-22,106694.0,89796.0,31230.0,20747.0
2022-01-23,104354.0,78723.0,42810.0,19863.0
2022-01-24,107407.0,108045.0,57630.0,20071.0
2022-01-25,119589.0,122734.0,62180.0,18346.0
2022-01-26,117675.0,115667.0,63493.0,18587.0
2022-01-27,109193.0,109886.0,57677.0,17718.0
2022-01-28,89882.0,105982.0,56947.0,17372.0
2022-01-29,82534.0,79774.0,43284.0,16454.0
2022-01-30,78687.0,67105.0,44079.0,15990.0
2022-01-31,85918.0,83542.0,47809.0,15420.0
2022-02-01,95269.0,83163.0,34614.0,14646.0
2022-02-02,95355.0,88245.0,31199.0,15999.0
2022-02-03,99248.0,99913.0,32499.0,16400.0
2022-02-04,94421.0,100204.0,37573.0,15630.0
2022-02-05,92632.0,85198.0,33066.0,14643.0
2022-02-06,89446.0,72677.0,30408.0,14044.0
2022-02-07,99219.0,100647.0,36060.0,13787.0
2022-02-08,97355.0,106646.0,32663.0,13747.0
2022-02-09,93644.0,108602.0,33845.0,13969.0
2022-02-10,99351.0,108701.0,35305.0,14236.0
2022-02-11,101547.0,116460.0,36847.0,12393.0
2022-02-12,96891.0,100774.0,26488.0,9729.0
2022-02-13,90370.0,81384.0,24718.0,13981.0
2022-02-14,90084.0,102155.0,32893.0,14450.0
2022-02-15,93861.0,120283.0,27942.0,12549.0
2022-02-16,93835.0,108822.0,27711.0,15607.0
2022-02-17,102340.0,129355.0,25818.0,16886.0
2022-02-18,114252.0,135577.0,25599.0,17171.0
2022-02-19,112207.0,131523.0,21788.0,16685.0
2022-02-20,107217.0,114578.0,23356.0,16014.0
2022-02-21,105787.0,130214.0,22514.0,16060.0
2022-02-22,106320.0,135705.0,24652.0,15002.0
2022-02-23,106145.0,137556.0,25895.0,15517.0
2022-02-24,103697.0,128068.0,30399.0,16832.0
2022-02-25,94067.0,135288.0,35094.0,17003.0
2022-02-26,91642.0,118687.0,34890.0,11602.0
2022-02-27,88361.0,93197.0,24626.0,13976.0
2022-02-28,87344.0,110818.0,34215.0,13869.0
2022-03-01,91463.0,119905.0,30639.0,14063.0
2022-03-02,94546.0,118932.0,28680.0,15849.0
2022-03-03,101780.0,122468.0,36698.0,18314.0
2022-03-04,98189.0,115032.0,38746.0,20594.0
2022-03-05,88199.0,106858.0,34646.0,18606.0
2022-03-06,85156.0,91752.0,41482.0,19450.0
2022-03-07,85485.0,108632.0,32574.0,19595.0
2022-03-08,84747.0,100079.0,27835.0,17405.0
