,DE_LU_WINDOFFSHORE,ES_WINDOFFSHORE
2019-01-01,213646.0,0.0
2019-01-02,310799.0,0.0
2019-01-03,250006.0,0.0
2019-01-04,361617.0,0.0
2019-01-05,356563.0,0.0
2019-01-06,254355.0,0.0
2019-01-07,285438.0,0.0
2019-01-08,355996.0,0.0
2019-01-09,429921.0,0.0
2019-01-10,90502.0,0.0
2019-01-11,416983.0,0.0
2019-01-12,429596.0,0.0
2019-01-13,429313.0,0.0
2019-01-14,416628.0,0.0
2019-01-15,330658.0,0.0
2019-01-16,433738.0,0.0
2019-01-17,458983.0,0.0
2019-01-18,116845.0,0.0
2019-01-19,111525.0,0.0
2019-01-20,40557.0,0.0
2019-01-21,158349.0,0.0
2019-01-22,394131.0,0.0
2019-01-23,123708.0,0.0
2019-01-24,60607.0,0.0
2019-01-25,239700.0,0.0
2019-01-26,281522.0,0.0
2019-01-27,312554.0,0.0
2019-01-28,307160.0,0.0
2019-01-29,333903.0,0.0
2019-01-30,299863.0,0.0
2019-01-31,253931.0,0.0
2019-02-01,373258.0,0.0
2019-02-02,135173.0,0.0
2019-02-03,258649.0,0.0
2019-02-04,387897.0,0.0
2019-02-05,325350.0,0.0
2019-02-06,351319.0,0.0
2019-02-07,343882.0,0.0
2019-02-08,426891.0,0.0
2019-02-09,348373.0,0.0
2019-02-10,321647.0,0.0
2019-02-11,340825.0,0.0
2019-02-12,318047.0,0.0
2019-02-13,425019.0,0.0
2019-02-14,240234.0,0.0
2019-02-15,220693.0,0.0
2019-02-16,401902.0,0.0
2019-02-17,265272.0,0.0
2019-02-18,267682.0,0.0
2019-02-19,460825.0,0.0
2019-02-20,418335.0,0.0
2019-02-21,345633.0,0.0
2019-02-22,149862.0,0.0
2019-02-23,139822.0,0.0
2019-02-24,60385.0,0.0
2019-02-25,68702.0,0.0
2019-02-26,33835.0,0.0
2019-02-27,185425.0,0.0
2019-02-28,131300.0,0.0
2019-03-01,149640.0,0.0
2019-03-02,252749.0,0.0
2019-03-03,438300.0,0.0
2019-03-04,361083.0,0.0
2019-03-05,349883.0,0.0
2019-03-06,460243.0,0.0
2019-03-07,488361.0,0.0
2019-03-08,473099.0,0.0
2019-03-09,455526.0,0.0
2019-03-10,232354.0,0.0
2019-03-11,256901.0,0.0
2019-03-12,462125.0,0.0
2019-03-13,432251.0,0.0
2019-03-14,502442.0,0.0
2019-03-15,496753.0,0.0
2019-03-16,467834.0,0.0
2019-03-17,438065.0,0.0
2019-03-18,414894.0,0.0
2019-03-19,157570.0,0.0
2019-03-20,302352.0,0.0
2019-03-21,340017.0,0.0
2019-03-22,119233.0,0.0
2019-03-23,169565.0,0.0
2019-03-24,238367.0,0.0
2019-03-25,478662.0,0.0
2019-03-26,366091.0,0.0
2019-03-27,240609.0,0.0
2019-03-28,62605.0,0.0
2019-03-29,219058.0,0.0
2019-03-30,136720.0,0.0
2019-03-31,214330.0,0.0
2019-04-01,147047.0,0.0
2019-04-02,357580.0,0.0
2019-04-03,116898.0,0.0
2019-04-04,104909.0,0.0
2019-04-05,170834.0,0.0
2019-04-06,148033.0,0.0
2019-04-07,62158.0,0.0
2019-04-08,286189.0,0.0
2019-04-09,226265.0,0.0
2019-04-10,189988.0,0.0
2019-04-11,72262.0,0.0
2019-04-12,134160.0,0.0
2019-04-13,342497.0,0.0
2019-04-14,340788.0,0.0
2019-04-15,396907.0,0.0
2019-04-16,437249.0,0.0
2019-04-17,431485.0,0.0
2019-04-18,416661.0,0.0
2019-04-19,234564.0,0.0
2019-04-20,76931.0,0.0
2019-04-21,84719.0,0.0
2019-04-22,377215.0,0.0
2019-04-23,469845.0,0.0
2019-04-24,488928.0,0.0
2019-04-25,204054.0,0.0
2019-04-26,81545.0,0.0
2019-04-27,169408.0,0.0
2019-04-28,40583.0,0.0
2019-04-29,146426.0,0.0
2019-04-30,92096.0,0.0
2019-05-01,272129.0,0.0
2019-05-02,410720.0,0.0
2019-05-03,387648.0,0.0
2019-05-04,349240.0,0.0
2019-05-05,355301.0,0.0
2019-05-06,383869.0,0.0
2019-05-07,129424.0,0.0
2019-05-08,260480.0,0.0
2019-05-09,193616.0,0.0
2019-05-10,118186.0,0.0
2019-05-11,134520.0,0.0
2019-05-12,261399.0,0.0
2019-05-13,107433.0,0.0
2019-05-14,33079.0,0.0
2019-05-15,61137.0,0.0
2019-05-16,292374.0,0.0
2019-05-17,271092.0,0.0
2019-05-18,155423.0,0.0
2019-05-19,112837.0,0.0
2019-05-20,97482.0,0.0
2019-05-21,273944.0,0.0
2019-05-22,220833.0,0.0
2019-05-23,201512.0,0.0
2019-05-24,219880.0,0.0
2019-05-25,160442.0,0.0
2019-05-26,419824.0,0.0
2019-05-27,386373.0,0.0
2019-05-28,114197.0,0.0
2019-05-29,133446.0,0.0
2019-05-30,454769.0,0.0
2019-05-31,195562.0,0.0
2019-06-01,183884.0,0.0
2019-06-02,190299.0,0.0
2019-06-03,140030.0,0.0
2019-06-04,177044.0,0.0
2019-06-05,236764.0,0.0
2019-06-06,239990.0,0.0
2019-06-07,189180.0,0.0
2019-06-08,400644.0,0.0
2019-06-09,184153.0,0.0
2019-06-10,368622.0,0.0
2019-06-11,213341.0,0.0
2019-06-12,159336.0,0.0
2019-06-13,258565.0,0.0
2019-06-14,157445.0,0.0
2019-06-15,203646.0,0.0
2019-06-16,158761.0,0.0
2019-06-17,117417.0,0.0
2019-06-18,48484.0,0.0
2019-06-19,99197.0,0.0
2019-06-20,66862.0,0.0
2019-06-21,74048.0,0.0
2019-06-22,36261.0,0.0
2019-06-23,257044.0,0.0
2019-06-24,428284.0,0.0
2019-06-25,175057.0,0.0
2019-06-26,330872.0,0.0
2019-06-27,305403.0,0.0
2019-06-28,51320.0,0.0
2019-06-29,62567.0,0.0
2019-06-30,341266.0,0.0
2019-07-01,418235.0,0.0
2019-07-02,367125.0,0.0
2019-07-03,324033.0,0.0
2019-07-04,429074.0,0.0
2019-07-05,242532.0,0.0
2019-07-06,397037.0,0.0
2019-07-07,396493.0,0.0
2019-07-08,248699.0,0.0
2019-07-09,243301.0,0.0
2019-07-10,112124.0,0.0
2019-07-11,33719.0,0.0
2019-07-12,43259.0,0.0
2019-07-13,164647.0,0.0
2019-07-14,178357.0,0.0
2019-07-15,237185.0,0.0
2019-07-16,194874.0,0.0
2019-07-17,11359.0,0.0
2019-07-18,88817.0,0.0
2019-07-19,55644.0,0.0
2019-07-20,268350.0,0.0
2019-07-21,238457.0,0.0
2019-07-22,313942.0,0.0
2019-07-23,43860.0,0.0
2019-07-24,182443.0,0.0
2019-07-25,129036.0,0.0
2019-07-26,370852.0,0.0
2019-07-27,444524.0,0.0
2019-07-28,253280.0,0.0
2019-07-29,35832.0,0.0
2019-07-30,53967.0,0.0
2019-07-31,135161.0,0.0
2019-08-01,70781.0,0.0
2019-08-02,64254.0,0.0
2019-08-03,75521.0,0.0
2019-08-04,39688.0,0.0
2019-08-05,76291.0,0.0
2019-08-06,114739.0,0.0
2019-08-07,191321.0,0.0
2019-08-08,289439.0,0.0
2019-08-09,231194.0,0.0
2019-08-10,417293.0,0.0
2019-08-11,463941.0,0.0
2019-08-12,305168.0,0.0
2019-08-13,146607.0,0.0
2019-08-14,207858.0,0.0
2019-08-15,322617.0,0.0
2019-08-16,224590.0,0.0
2019-08-17,285178.0,0.0
2019-08-18,228796.0,0.0
2019-08-19,321543.0,0.0
2019-08-20,183500.0,0.0
2019-08-21,80833.0,0.0
2019-08-22,220961.0,0.0
2019-08-23,83257.0,0.0
2019-08-24,157513.0,0.0
2019-08-25,78669.0,0.0
2019-08-26,28713.0,0.0
2019-08-27,89750.0,0.0
2019-08-28,50480.0,0.0
2019-08-29,84472.0,0.0
2019-08-30,132284.0,0.0
2019-08-31,102515.0,0.0
2019-09-01,240092.0,0.0
2019-09-02,271730.0,0.0
2019-09-03,415678.0,0.0
2019-09-04,299387.0,0.0
2019-09-05,372533.0,0.0
2019-09-06,357599.0,0.0
2019-09-07,133927.0,0.0
2019-09-08,41977.0,0.0
2019-09-09,34395.0,0.0
2019-09-10,201949.0,0.0
2019-09-11,354705.0,0.0
2019-09-12,373592.0,0.0
2019-09-13,315475.0,0.0
2019-09-14,212638.0,0.0
2019-09-15,416169.0,0.0
2019-09-16,278607.0,0.0
2019-09-17,406161.0,0.0
2019-09-18,447155.0,0.0
2019-09-19,120597.0,0.0
2019-09-20,78749.0,0.0
2019-09-21,96671.0,0.0
2019-09-22,209763.0,0.0
2019-09-23,152482.0,0.0
2019-09-24,207793.0,0.0
2019-09-25,98590.0,0.0
2019-09-26,281398.0,0.0
2019-09-27,341008.0,0.0
2019-09-28,454104.0,0.0
2019-09-29,351952.0,0.0
2019-09-30,378872.0,0.0
2019-10-01,162867.0,0.0
2019-10-02,412241.0,0.0
2019-10-03,77555.0,0.0
2019-10-04,224225.0,0.0
2019-10-05,266378.0,0.0
2019-10-06,389869.0,0.0
2019-10-07,267373.0,0.0
2019-10-08,459127.0,0.0
2019-10-09,431053.0,0.0
2019-10-10,511959.0,0.0
2019-10-11,513593.0,0.0
2019-10-12,461325.0,0.0
2019-10-13,311554.0,0.0
2019-10-14,302268.0,0.0
2019-10-15,249857.0,0.0
2019-10-16,219318.0,0.0
2019-10-17,190811.0,0.0
2019-10-18,433389.0,0.0
2019-10-19,491488.0,0.0
2019-10-20,100574.0,0.0
2019-10-21,163155.0,0.0
2019-10-22,225732.0,0.0
2019-10-23,103303.0,0.0
2019-10-24,270228.0,0.0
2019-10-25,492569.0,0.0
2019-10-26,441796.0,0.0
2019-10-27,452375.0,0.0
2019-10-28,280238.0,0.0
2019-10-29,73569.0,0.0
2019-10-30,18237.0,0.0
2019-10-31,139388.0,0.0
2019-11-01,337469.0,0.0
2019-11-02,454095.0,0.0
2019-11-03,237873.0,0.0
2019-11-04,147520.0,0.0
2019-11-05,221377.0,0.0
2019-11-06,51965.0,0.0
2019-11-07,253494.0,0.0
2019-11-08,176061.0,0.0
2019-11-09,141797.0,0.0
2019-11-10,191275.0,0.0
2019-11-11,439425.0,0.0
2019-11-12,513258.0,0.0
2019-11-13,356860.0,0.0
2019-11-14,221076.0,0.0
2019-11-15,462894.0,0.0
2019-11-16,313313.0,0.0
2019-11-17,227213.0,0.0
2019-11-18,496319.0,0.0
2019-11-19,381155.0,0.0
2019-11-20,33388.0,0.0
2019-11-21,204862.0,0.0
2019-11-22,269965.0,0.0
2019-11-23,574860.0,0.0
2019-11-24,410841.0,0.0
2019-11-25,68551.0,0.0
2019-11-26,232364.0,0.0
2019-11-27,332878.0,0.0
2019-11-28,430198.0,0.0
2019-11-29,531001.0,0.0
2019-11-30,175257.0,0.0
2019-12-01,127442.0,0.0
2019-12-02,385162.0,0.0
2019-12-03,367678.0,0.0
2019-12-04,379198.0,0.0
2019-12-05,515947.0,0.0
2019-12-06,445320.0,0.0
2019-12-07,564570.0,0.0
2019-12-08,488159.0,0.0
2019-12-09,535513.0,0.0
2019-12-10,415891.0,0.0
2019-12-11,348347.0,0.0
2019-12-12,407422.0,0.0
2019-12-13,331070.0,0.0
2019-12-14,531266.0,0.0
2019-12-15,564798.0,0.0
2019-12-16,443168.0,0.0
2019-12-17,247933.0,0.0
2019-12-18,411291.0,0.0
2019-12-19,558302.0,0.0
2019-12-20,568015.0,0.0
2019-12-21,463811.0,0.0
2019-12-22,262362.0,0.0
2019-12-23,489932.0,0.0
2019-12-24,198324.0,0.0
2019-12-25,168897.0,0.0
2019-12-26,74690.0,0.0
2019-12-27,160547.0,0.0
2019-12-28,266500.0,0.0
2019-12-29,487550.0,0.0
2019-12-30,533695.0,0.0
2019-12-31,326373.0,0.0
2020-01-01,290631.0,0.0
2020-01-02,584684.0,0.0
2020-01-03,561938.0,0.0
2020-01-04,439829.0,0.0
2020-01-05,384424.0,0.0
2020-01-06,561775.0,0.0
2020-01-07,458250.0,0.0
2020-01-08,390013.0,0.0
2020-01-09,383045.0,0.0
2020-01-10,336485.0,0.0
2020-01-11,496986.0,0.0
2020-01-12,497341.0,0.0
2020-01-13,432148.0,0.0
2020-01-14,522031.0,0.0
2020-01-15,458393.0,0.0
2020-01-16,487354.0,0.0
2020-01-17,495583.0,0.0
2020-01-18,477232.0,0.0
2020-01-19,420461.0,0.0
2020-01-20,298485.0,0.0
2020-01-21,408971.0,0.0
2020-01-22,192430.0,0.0
2020-01-23,181857.0,0.0
2020-01-24,307126.0,0.0
2020-01-25,312310.0,0.0
2020-01-26,365277.0,0.0
2020-01-27,418310.0,0.0
2020-01-28,414703.0,0.0
2020-01-29,515232.0,0.0
2020-01-30,515576.0,0.0
2020-01-31,527484.0,0.0
2020-02-01,554738.0,0.0
2020-02-02,183959.0,0.0
2020-02-03,457131.0,0.0
2020-02-04,451925.0,0.0
2020-02-05,225169.0,0.0
2020-02-06,186791.0,0.0
2020-02-07,236630.0,0.0
2020-02-08,437136.0,0.0
2020-02-09,353132.0,0.0
2020-02-10,482831.0,0.0
2020-02-11,474074.0,0.0
2020-02-12,489235.0,0.0
2020-02-13,354482.0,0.0
2020-02-14,216618.0,0.0
2020-02-15,531415.0,0.0
2020-02-16,373678.0,0.0
2020-02-17,526825.0,0.0
2020-02-18,535288.0,0.0
2020-02-19,497495.0,0.0
2020-02-20,540428.0,0.0
2020-02-21,565866.0,0.0
2020-02-22,434304.0,0.0
2020-02-23,480532.0,0.0
2020-02-24,432807.0,0.0
2020-02-25,462638.0,0.0
2020-02-26,174598.0,0.0
2020-02-27,268461.0,0.0
2020-02-28,520916.0,0.0
2020-02-29,532886.0,0.0
2020-03-01,449022.0,0.0
2020-03-02,159587.0,0.0
2020-03-03,110487.0,0.0
2020-03-04,123615.0,0.0
2020-03-05,207932.0,0.0
2020-03-06,388184.0,0.0
2020-03-07,264812.0,0.0
2020-03-08,517550.0,0.0
2020-03-09,258001.0,0.0
2020-03-10,559565.0,0.0
2020-03-11,555364.0,0.0
2020-03-12,477087.0,0.0
2020-03-13,403497.0,0.0
2020-03-14,305552.0,0.0
2020-03-15,501401.0,0.0
2020-03-16,199021.0,0.0
2020-03-17,498221.0,0.0
2020-03-18,310974.0,0.0
2020-03-19,36378.0,0.0
2020-03-20,253323.0,0.0
2020-03-21,539313.0,0.0
2020-03-22,466280.0,0.0
2020-03-23,491547.0,0.0
2020-03-24,407515.0,0.0
2020-03-25,218060.0,0.0
2020-03-26,166085.0,0.0
2020-03-27,263527.0,0.0
2020-03-28,435213.0,0.0
2020-03-29,458836.0,0.0
2020-03-30,346835.0,0.0
2020-03-31,123125.0,0.0
2020-04-01,386478.0,0.0
2020-04-02,563017.0,0.0
2020-04-03,393982.0,0.0
2020-04-04,232028.0,0.0
2020-04-05,445952.0,0.0
2020-04-06,361212.0,0.0
2020-04-07,95223.0,0.0
2020-04-08,78613.0,0.0
2020-04-09,124330.0,0.0
2020-04-10,23259.0,0.0
2020-04-11,107095.0,0.0
2020-04-12,211337.0,0.0
2020-04-13,466065.0,0.0
2020-04-14,352604.0,0.0
2020-04-15,351033.0,0.0
2020-04-16,109891.0,0.0
2020-04-17,68589.0,0.0
2020-04-18,259905.0,0.0
2020-04-19,311758.0,0.0
2020-04-20,360940.0,0.0
2020-04-21,415734.0,0.0
2020-04-22,435007.0,0.0
2020-04-23,67136.0,0.0
2020-04-24,327619.0,0.0
2020-04-25,117337.0,0.0
2020-04-26,39926.0,0.0
2020-04-27,94582.0,0.0
2020-04-28,40711.0,0.0
2020-04-29,118017.0,0.0
2020-04-30,361917.0,0.0
2020-05-01,181212.0,0.0
2020-05-02,116974.0,0.0
2020-05-03,66917.0,0.0
2020-05-04,191920.0,0.0
2020-05-05,139876.0,0.0
2020-05-06,162223.0,0.0
2020-05-07,95880.0,0.0
2020-05-08,92019.0,0.0
2020-05-09,7020.0,0.0
2020-05-10,335185.0,0.0
2020-05-11,487477.0,0.0
2020-05-12,299644.0,0.0
2020-05-13,246975.0,0.0
2020-05-14,133064.0,0.0
2020-05-15,344610.0,0.0
2020-05-16,296053.0,0.0
2020-05-17,393719.0,0.0
2020-05-18,321053.0,0.0
2020-05-19,151090.0,0.0
2020-05-20,4070.0,0.0
2020-05-21,67648.0,0.0
2020-05-22,406037.0,0.0
2020-05-23,463682.0,0.0
2020-05-24,386163.0,0.0
2020-05-25,238567.0,0.0
2020-05-26,4700.0,0.0
2020-05-27,150249.0,0.0
2020-05-28,96370.0,0.0
2020-05-29,62063.0,0.0
2020-05-30,84353.0,0.0
2020-05-31,249261.0,0.0
2020-06-01,200119.0,0.0
2020-06-02,56960.0,0.0
2020-06-03,329901.0,0.0
2020-06-04,362166.0,0.0
2020-06-05,264450.0,0.0
2020-06-06,483961.0,0.0
2020-06-07,145201.0,0.0
2020-06-08,63674.0,0.0
2020-06-09,6318.0,0.0
2020-06-10,98147.0,0.0
2020-06-11,460875.0,0.0
2020-06-12,417758.0,0.0
2020-06-13,386209.0,0.0
2020-06-14,283595.0,0.0
2020-06-15,112030.0,0.0
2020-06-16,15829.0,0.0
2020-06-17,99266.0,0.0
2020-06-18,103814.0,0.0
2020-06-19,37224.0,0.0
2020-06-20,68359.0,0.0
2020-06-21,109914.0,0.0
2020-06-22,49661.0,0.0
2020-06-23,34306.0,0.0
2020-06-24,85175.0,0.0
2020-06-25,233217.0,0.0
2020-06-26,164388.0,0.0
2020-06-27,79739.0,0.0
2020-06-28,300435.0,0.0
2020-06-29,368700.0,0.0
2020-06-30,317232.0,0.0
2020-07-01,170465.0,0.0
2020-07-02,55245.0,0.0
2020-07-03,239834.0,0.0
2020-07-04,513582.0,0.0
2020-07-05,401755.0,0.0
2020-07-06,488698.0,0.0
2020-07-07,351423.0,0.0
2020-07-08,117160.0,0.0
2020-07-09,49403.0,0.0
2020-07-10,242353.0,0.0
2020-07-11,218358.0,0.0
2020-07-12,132636.0,0.0
2020-07-13,92356.0,0.0
2020-07-14,102827.0,0.0
2020-07-15,17204.0,0.0
2020-07-16,18743.0,0.0
2020-07-17,20665.0,0.0
2020-07-18,73017.0,0.0
2020-07-19,72464.0,0.0
2020-07-20,105789.0,0.0
2020-07-21,147621.0,0.0
2020-07-22,64639.0,0.0
2020-07-23,215139.0,0.0
2020-07-24,157046.0,0.0
2020-07-25,230082.0,0.0
2020-07-26,317684.0,0.0
2020-07-27,317987.0,0.0
2020-07-28,523078.0,0.0
2020-07-29,505319.0,0.0
2020-07-30,181504.0,0.0
2020-07-31,136937.0,0.0
2020-08-01,266499.0,0.0
2020-08-02,125392.0,0.0
2020-08-03,29777.0,0.0
2020-08-04,114056.0,0.0
2020-08-05,355142.0,0.0
2020-08-06,91099.0,0.0
2020-08-07,58401.0,0.0
2020-08-08,25862.0,0.0
2020-08-09,150004.0,0.0
2020-08-10,261155.0,0.0
2020-08-11,349190.0,0.0
2020-08-12,383383.0,0.0
2020-08-13,296289.0,0.0
2020-08-14,103869.0,0.0
2020-08-15,111602.0,0.0
2020-08-16,101818.0,0.0
2020-08-17,39908.0,0.0
2020-08-18,36032.0,0.0
2020-08-19,102780.0,0.0
2020-08-20,216106.0,0.0
2020-08-21,419707.0,0.0
2020-08-22,491545.0,0.0
2020-08-23,326196.0,0.0
2020-08-24,77305.0,0.0
2020-08-25,322022.0,0.0
2020-08-26,391813.0,0.0
2020-08-27,135424.0,0.0
2020-08-28,354422.0,0.0
2020-08-29,156507.0,0.0
2020-08-30,268626.0,0.0
2020-08-31,105961.0,0.0
2020-09-01,71431.0,0.0
2020-09-02,57749.0,0.0
2020-09-03,360927.0,0.0
2020-09-04,310963.0,0.0
2020-09-05,434234.0,0.0
2020-09-06,168730.0,0.0
2020-09-07,241024.0,0.0
2020-09-08,340019.0,0.0
2020-09-09,476560.0,0.0
2020-09-10,148323.0,0.0
2020-09-11,308751.0,0.0
2020-09-12,411629.0,0.0
2020-09-13,428176.0,0.0
2020-09-14,66364.0,0.0
2020-09-15,16957.0,0.0
2020-09-16,334026.0,0.0
2020-09-17,197583.0,0.0
2020-09-18,123801.0,0.0
2020-09-19,201626.0,0.0
2020-09-20,88702.0,0.0
2020-09-21,5648.0,0.0
2020-09-22,23895.0,0.0
2020-09-23,303451.0,0.0
2020-09-24,451521.0,0.0
2020-09-25,261584.0,0.0
2020-09-26,292448.0,0.0
2020-09-27,313037.0,0.0
2020-09-28,71417.0,0.0
2020-09-29,77155.0,0.0
2020-09-30,279003.0,0.0
2020-10-01,491536.0,0.0
2020-10-02,377632.0,0.0
2020-10-03,570570.0,0.0
2020-10-04,488854.0,0.0
2020-10-05,560829.0,0.0
2020-10-06,376025.0,0.0
2020-10-07,401575.0,0.0
2020-10-08,540539.0,0.0
2020-10-09,379231.0,0.0
2020-10-10,383183.0,0.0
2020-10-11,403881.0,0.0
2020-10-12,159251.0,0.0
2020-10-13,221922.0,0.0
2020-10-14,514120.0,0.0
2020-10-15,363943.0,0.0
2020-10-16,70322.0,0.0
2020-10-17,81134.0,0.0
2020-10-18,323862.0,0.0
2020-10-19,208703.0,0.0
2020-10-20,445306.0,0.0
2020-10-21,374330.0,0.0
2020-10-22,556089.0,0.0
2020-10-23,386984.0,0.0
2020-10-24,503251.0,0.0
2020-10-25,535426.0,0.0
2020-10-26,429437.0,0.0
2020-10-27,534026.0,0.0
2020-10-28,499710.0,0.0
2020-10-29,455411.0,0.0
2020-10-30,390890.0,0.0
2020-10-31,320079.0,0.0
2020-11-01,530530.0,0.0
2020-11-02,549441.0,0.0
2020-11-03,494074.0,0.0
2020-11-04,435051.0,0.0
2020-11-05,407579.0,0.0
2020-11-06,85062.0,0.0
2020-11-07,66841.0,0.0
2020-11-08,117514.0,0.0
2020-11-09,109817.0,0.0
2020-11-10,79136.0,0.0
2020-11-11,127443.0,0.0
2020-11-12,384276.0,0.0
2020-11-13,294165.0,0.0
2020-11-14,319862.0,0.0
2020-11-15,556991.0,0.0
2020-11-16,541794.0,0.0
2020-11-17,546083.0,0.0
2020-11-18,565378.0,0.0
2020-11-19,458802.0,0.0
2020-11-20,353263.0,0.0
2020-11-21,443056.0,0.0
2020-11-22,520422.0,0.0
2020-11-23,533852.0,0.0
2020-11-24,514852.0,0.0
2020-11-25,322931.0,0.0
2020-11-26,155767.0,0.0
2020-11-27,83688.0,0.0
2020-11-28,220550.0,0.0
2020-11-29,83577.0,0.0
2020-11-30,378855.0,0.0
2020-12-01,265336.0,0.0
2020-12-02,162913.0,0.0
2020-12-03,513710.0,0.0
2020-12-04,501958.0,0.0
2020-12-05,228988.0,0.0
2020-12-06,190175.0,0.0
2020-12-07,402789.0,0.0
2020-12-08,112164.0,0.0
2020-12-09,170693.0,0.0
2020-12-10,137486.0,0.0
2020-12-11,516738.0,0.0
2020-12-12,253117.0,0.0
2020-12-13,216968.0,0.0
2020-12-14,540943.0,0.0
2020-12-15,302894.0,0.0
2020-12-16,344879.0,0.0
2020-12-17,547502.0,0.0
2020-12-18,563697.0,0.0
2020-12-19,538523.0,0.0
2020-12-20,525297.0,0.0
2020-12-21,504440.0,0.0
2020-12-22,384953.0,0.0
2020-12-23,173212.0,0.0
2020-12-24,523483.0,0.0
2020-12-25,271716.0,0.0
2020-12-26,449052.0,0.0
2020-12-27,318205.0,0.0
2020-12-28,111056.0,0.0
2020-12-29,101800.0,0.0
2020-12-30,343089.0,0.0
2020-12-31,249589.0,0.0
2021-01-01,53591.0,0.0
2021-01-02,76239.0,0.0
2021-01-03,413656.0,0.0
2021-01-04,494871.0,0.0
2021-01-05,556399.0,0.0
2021-01-06,336773.0,0.0
2021-01-07,93743.0,0.0
2021-01-08,87763.0,0.0
2021-01-09,33261.0,0.0
2021-01-10,331683.0,0.0
2021-01-11,477572.0,0.0
2021-01-12,493734.0,0.0
2021-01-13,568609.0,0.0
2021-01-14,234869.0,0.0
2021-01-15,85720.0,0.0
2021-01-16,269158.0,0.0
2021-01-17,218651.0,0.0
2021-01-18,472766.0,0.0
2021-01-19,457327.0,0.0
2021-01-20,560573.0,0.0
2021-01-21,432482.0,0.0
2021-01-22,491893.0,0.0
2021-01-23,224792.0,0.0
2021-01-24,24129.0,0.0
2021-01-25,113541.0,0.0
2021-01-26,143347.0,0.0
2021-01-27,278084.0,0.0
2021-01-28,221129.0,0.0
2021-01-29,587394.0,0.0
2021-01-30,90681.0,0.0
2021-01-31,130230.0,0.0
2021-02-01,189482.0,0.0
2021-02-02,160870.0,0.0
2021-02-03,593651.0,0.0
2021-02-04,535764.0,0.0
2021-02-05,623269.0,0.0
2021-02-06,520972.0,0.0
2021-02-07,354481.0,0.0
2021-02-08,514619.0,0.0
2021-02-09,518462.0,0.0
2021-02-10,343452.0,0.0
2021-02-11,184488.0,0.0
2021-02-12,268686.0,0.0
2021-02-13,97466.0,0.0
2021-02-14,460988.0,0.0
2021-02-15,385451.0,0.0
2021-02-16,385595.0,0.0
2021-02-17,507912.0,0.0
2021-02-18,570836.0,0.0
2021-02-19,549385.0,0.0
2021-02-20,558014.0,0.0
2021-02-21,305123.0,0.0
2021-02-22,387138.0,0.0
2021-02-23,413778.0,0.0
2021-02-24,602062.0,0.0
2021-02-25,446460.0,0.0
2021-02-26,316189.0,0.0
2021-02-27,112858.0,0.0
2021-02-28,55157.0,0.0
2021-03-01,38366.0,0.0
2021-03-02,91756.0,0.0
2021-03-03,58604.0,0.0
2021-03-04,282783.0,0.0
2021-03-05,130125.0,0.0
2021-03-06,300493.0,0.0
2021-03-07,345194.0,0.0
2021-03-08,89051.0,0.0
2021-03-09,76110.0,0.0
2021-03-10,425905.0,0.0
2021-03-11,503263.0,0.0
2021-03-12,543163.0,0.0
2021-03-13,563215.0,0.0
2021-03-14,507962.0,0.0
2021-03-15,493244.0,0.0
2021-03-16,258327.0,0.0
2021-03-17,198884.0,0.0
2021-03-18,86625.0,0.0
2021-03-19,134934.0,0.0
2021-03-20,321924.0,0.0
2021-03-21,445378.0,0.0
2021-03-22,226028.0,0.0
2021-03-23,218283.0,0.0
2021-03-24,354146.0,0.0
2021-03-25,207693.0,0.0
2021-03-26,528105.0,0.0
2021-03-27,472084.0,0.0
2021-03-28,638276.0,0.0
2021-03-29,567090.0,0.0
2021-03-30,288990.0,0.0
2021-03-31,33949.0,0.0
2021-04-01,350871.0,0.0
2021-04-02,463302.0,0.0
2021-04-03,318323.0,0.0
2021-04-04,374313.0,0.0
2021-04-05,412029.0,0.0
2021-04-06,543578.0,0.0
2021-04-07,415483.0,0.0
2021-04-08,403665.0,0.0
2021-04-09,242296.0,0.0
2021-04-10,89133.0,0.0
2021-04-11,392328.0,0.0
2021-04-12,297974.0,0.0
2021-04-13,320551.0,0.0
2021-04-14,118783.0,0.0
2021-04-15,77784.0,0.0
2021-04-16,138287.0,0.0
2021-04-17,148452.0,0.0
2021-04-18,59573.0,0.0
2021-04-19,82946.0,0.0
2021-04-20,22117.0,0.0
2021-04-21,325542.0,0.0
2021-04-22,331357.0,0.0
2021-04-23,187944.0,0.0
2021-04-24,211124.0,0.0
2021-04-25,115822.0,0.0
2021-04-26,24563.0,0.0
2021-04-27,152875.0,0.0
2021-04-28,156384.0,0.0
2021-04-29,275584.0,0.0
2021-04-30,42868.0,0.0
2021-05-01,64496.0,0.0
2021-05-02,268174.0,0.0
2021-05-03,171476.0,0.0
2021-05-04,337763.0,0.0
2021-05-05,301750.0,0.0
2021-05-06,174905.0,0.0
2021-05-07,223063.0,0.0
2021-05-08,220660.0,0.0
2021-05-09,284284.0,0.0
2021-05-10,233907.0,0.0
2021-05-11,77734.0,0.0
2021-05-12,51929.0,0.0
2021-05-13,32584.0,0.0
2021-05-14,62212.0,0.0
2021-05-15,55257.0,0.0
2021-05-16,18564.0,0.0
2021-05-17,10880.0,0.0
2021-05-18,31317.0,0.0
2021-05-19,34395.0,0.0
2021-05-20,123556.0,0.0
2021-05-21,438961.0,0.0
2021-05-22,428032.0,0.0
2021-05-23,306052.0,0.0
2021-05-24,243359.0,0.0
2021-05-25,135694.0,0.0
2021-05-26,339017.0,0.0
2021-05-27,268066.0,0.0
2021-05-28,81451.0,0.0
2021-05-29,69598.0,0.0
2021-05-30,18660.0,0.0
2021-05-31,41963.0,0.0
2021-06-01,83258.0,0.0
2021-06-02,333541.0,0.0
2021-06-03,210049.0,0.0
2021-06-04,52682.0,0.0
2021-06-05,70956.0,0.0
2021-06-06,141425.0,0.0
2021-06-07,25864.0,0.0
2021-06-08,8360.0,0.0
2021-06-09,11441.0,0.0
2021-06-10,26048.0,0.0
2021-06-11,180249.0,0.0
2021-06-12,317537.0,0.0
2021-06-13,208013.0,0.0
2021-06-14,221707.0,0.0
2021-06-15,28914.0,0.0
2021-06-16,81510.0,0.0
2021-06-17,188671.0,0.0
2021-06-18,220831.0,0.0
2021-06-19,157651.0,0.0
2021-06-20,250467.0,0.0
2021-06-21,289327.0,0.0
2021-06-22,245785.0,0.0
2021-06-23,55771.0,0.0
2021-06-24,9099.0,0.0
2021-06-25,35427.0,0.0
2021-06-26,11730.0,0.0
2021-06-27,28281.0,0.0
2021-06-28,165414.0,0.0
2021-06-29,348215.0,0.0
2021-06-30,167034.0,0.0
2021-07-01,134575.0,0.0
2021-07-02,62716.0,0.0
2021-07-03,17166.0,0.0
2021-07-04,18538.0,0.0
2021-07-05,65750.0,0.0
2021-07-06,394711.0,0.0
2021-07-07,246573.0,0.0
2021-07-08,42767.0,0.0
2021-07-09,52882.0,0.0
2021-07-10,64789.0,0.0
2021-07-11,71896.0,0.0
2021-07-12,135188.0,0.0
2021-07-13,51556.0,0.0
2021-07-14,210528.0,0.0
2021-07-15,431960.0,0.0
2021-07-16,294119.0,0.0
2021-07-17,182382.0,0.0
2021-07-18,202708.0,0.0
2021-07-19,150978.0,0.0
2021-07-20,122042.0,0.0
2021-07-21,69584.0,0.0
2021-07-22,67051.0,0.0
2021-07-23,28344.0,0.0
2021-07-24,153946.0,0.0
2021-07-25,220318.0,0.0
2021-07-26,19069.0,0.0
2021-07-27,67875.0,0.0
2021-07-28,365693.0,0.0
2021-07-29,518107.0,0.0
2021-07-30,255747.0,0.0
2021-07-31,311365.0,0.0
2021-08-01,230144.0,0.0
2021-08-02,235419.0,0.0
2021-08-03,22265.0,0.0
2021-08-04,15673.0,0.0
2021-08-05,129801.0,0.0
2021-08-06,300734.0,0.0
2021-08-07,186686.0,0.0
2021-08-08,338541.0,0.0
2021-08-09,316190.0,0.0
2021-08-10,105719.0,0.0
2021-08-11,51583.0,0.0
2021-08-12,60830.0,0.0
2021-08-13,311609.0,0.0
2021-08-14,420682.0,0.0
2021-08-15,221892.0,0.0
2021-08-16,429994.0,0.0
2021-08-17,392379.0,0.0
2021-08-18,534168.0,0.0
2021-08-19,243893.0,0.0
2021-08-20,29863.0,0.0
2021-08-21,18558.0,0.0
2021-08-22,228977.0,0.0
2021-08-23,140504.0,0.0
2021-08-24,31344.0,0.0
2021-08-25,417941.0,0.0
2021-08-26,410076.0,0.0
2021-08-27,517682.0,0.0
2021-08-28,505155.0,0.0
2021-08-29,358930.0,0.0
2021-08-30,198876.0,0.0
2021-08-31,198994.0,0.0
2021-09-01,61292.0,0.0
2021-09-02,23418.0,0.0
2021-09-03,115262.0,0.0
2021-09-04,77666.0,0.0
2021-09-05,111815.0,0.0
2021-09-06,4521.0,0.0
2021-09-07,27518.0,0.0
2021-09-08,68086.0,0.0
2021-09-09,65351.0,0.0
2021-09-10,38324.0,0.0
2021-09-11,202504.0,0.0
2021-09-12,274089.0,0.0
2021-09-13,91497.0,0.0
2021-09-14,78551.0,0.0
2021-09-15,234029.0,0.0
2021-09-16,411505.0,0.0
2021-09-17,80350.0,0.0
2021-09-18,139343.0,0.0
2021-09-19,338072.0,0.0
2021-09-20,58164.0,0.0
2021-09-21,235865.0,0.0
2021-09-22,262432.0,0.0
2021-09-23,287793.0,0.0
2021-09-24,438121.0,0.0
2021-09-25,90147.0,0.0
2021-09-26,111952.0,0.0
2021-09-27,341605.0,0.0
2021-09-28,194904.0,0.0
2021-09-29,474613.0,0.0
2021-09-30,511202.0,0.0
2021-10-01,537657.0,0.0
2021-10-02,331418.0,0.0
2021-10-03,424650.0,0.0
2021-10-04,503530.0,0.0
2021-10-05,510605.0,0.0
2021-10-06,156394.0,0.0
2021-10-07,28826.0,0.0
2021-10-08,39053.0,0.0
2021-10-09,116400.0,0.0
2021-10-10,140130.0,0.0
2021-10-11,499828.0,0.0
2021-10-12,448692.0,0.0
2021-10-13,312755.0,0.0
2021-10-14,494509.0,0.0
2021-10-15,510539.0,0.0
2021-10-16,335704.0,0.0
2021-10-17,274585.0,0.0
2021-10-18,287102.0,0.0
2021-10-19,499018.0,0.0
2021-10-20,496652.0,0.0
2021-10-21,457592.0,0.0
2021-10-22,483216.0,0.0
2021-10-23,342356.0,0.0
2021-10-24,435069.0,0.0
2021-10-25,383338.0,0.0
2021-10-26,401659.0,0.0
2021-10-27,512071.0,0.0
2021-10-28,469434.0,0.0
2021-10-29,456075.0,0.0
2021-10-30,387738.0,0.0
2021-10-31,387949.0,0.0
2021-11-01,499345.0,0.0
2021-11-02,132116.0,0.0
2021-11-03,30523.0,0.0
2021-11-04,159385.0,0.0
2021-11-05,441736.0,0.0
2021-11-06,522706.0,0.0
2021-11-07,524352.0,0.0
2021-11-08,262776.0,0.0
2021-11-09,507637.0,0.0
2021-11-10,237729.0,0.0
2021-11-11,104019.0,0.0
2021-11-12,411280.0,0.0
2021-11-13,130877.0,0.0
2021-11-14,191138.0,0.0
2021-11-15,65410.0,0.0
2021-11-16,48074.0,0.0
2021-11-17,525979.0,0.0
2021-11-18,513064.0,0.0
2021-11-19,515293.0,0.0
2021-11-20,552637.0,0.0
2021-11-21,512461.0,0.0
2021-11-22,298353.0,0.0
2021-11-23,354340.0,0.0
2021-11-24,352178.0,0.0
2021-11-25,475947.0,0.0
2021-11-26,436627.0,0.0
2021-11-27,299620.0,0.0
2021-11-28,343875.0,0.0
2021-11-29,234464.0,0.0
2021-11-30,440364.0,0.0
2021-12-01,473368.0,0.0
2021-12-02,347896.0,0.0
2021-12-03,523993.0,0.0
2021-12-04,196849.0,0.0
2021-12-05,546572.0,0.0
2021-12-06,519129.0,0.0
2021-12-07,461030.0,0.0
2021-12-08,559620.0,0.0
2021-12-09,349438.0,0.0
2021-12-10,194733.0,0.0
2021-12-11,206284.0,0.0
2021-12-12,335195.0,0.0
2021-12-13,439115.0,0.0
2021-12-14,253178.0,0.0
2021-12-15,495140.0,0.0
2021-12-16,128556.0,0.0
2021-12-17,134984.0,0.0
2021-12-18,362919.0,0.0
2021-12-19,429101.0,0.0
2021-12-20,50719.0,0.0
2021-12-21,51751.0,0.0
2021-12-22,148972.0,0.0
2021-12-23,265496.0,0.0
2021-12-24,223179.0,0.0
2021-12-25,121545.0,0.0
2021-12-26,379977.0,0.0
2021-12-27,394648.0,0.0
2021-12-28,307582.0,0.0
2021-12-29,196818.0,0.0
2021-12-30,558922.0,0.0
2021-12-31,572770.0,0.0
2022-01-01,532105.0,0.0
2022-01-02,590329.0,0.0
2022-01-03,544476.0,0.0
2022-01-04,469142.0,0.0
2022-01-05,544017.0,0.0
2022-01-06,370374.0,0.0
2022-01-07,545996.0,0.0
2022-01-08,513420.0,0.0
2022-01-09,410334.0,0.0
2022-01-10,94297.0,0.0
2022-01-11,308810.0,0.0
2022-01-12,241540.0,0.0
2022-01-13,508218.0,0.0
2022-01-14,333679.0,0.0
2022-01-15,115157.0,0.0
2022-01-16,461428.0,0.0
2022-01-17,443153.0,0.0
2022-01-18,276327.0,0.0
2022-01-19,603636.0,0.0
2022-01-20,565374.0,0.0
2022-01-21,584438.0,0.0
2022-01-22,270351.0,0.0
2022-01-23,144605.0,0.0
2022-01-24,218586.0,0.0
2022-01-25,176919.0,0.0
2022-01-26,509027.0,0.0
2022-01-27,477807.0,0.0
2022-01-28,444305.0,0.0
2022-01-29,434779.0,0.0
2022-01-30,448191.0,0.0
2022-01-31,354984.0,0.0
2022-02-01,445889.0,0.0
2022-02-02,357541.0,0.0
2022-02-03,446397.0,0.0
2022-02-04,478594.0,0.0
2022-02-05,487407.0,0.0
2022-02-06,403363.0,0.0
2022-02-07,437077.0,0.0
2022-02-08,488441.0,0.0
2022-02-09,433015.0,0.0
2022-02-10,413661.0,0.0
2022-02-11,333814.0,0.0
2022-02-12,504299.0,0.0
2022-02-13,497295.0,0.0
2022-02-14,522065.0,0.0
2022-02-15,456803.0,0.0
2022-02-16,439857.0,0.0
2022-02-17,381316.0,0.0
2022-02-18,389807.0,0.0
2022-02-19,423245.0,0.0
2022-02-20,425290.0,0.0
2022-02-21,469367.0,0.0
2022-02-22,456568.0,0.0
2022-02-23,485436.0,0.0
2022-02-24,432042.0,0.0
2022-02-25,494349.0,0.0
2022-02-26,88937.0,0.0
2022-02-27,346550.0,0.0
2022-02-28,404818.0,0.0
2022-03-01,97438.0,0.0
2022-03-02,87944.0,0.0
2022-03-03,171783.0,0.0
2022-03-04,235698.0,0.0
2022-03-05,153231.0,0.0
2022-03-06,86244.0,0.0
2022-03-07,20972.0,0.0
2022-03-08,190898.0,0.0
