,DE_LU_WASTE,FR_WASTE,IT_NORD_WASTE,ES_WASTE
2019-01-01,68540.0,6035.0,779.0,7030.0
2019-01-02,62138.0,6055.0,811.0,7183.0
2019-01-03,64697.0,6188.0,843.0,7895.0
2019-01-04,60383.0,6112.0,806.0,7976.0
2019-01-05,59001.0,6091.0,828.0,7870.0
2019-01-06,61770.0,6000.0,833.0,7862.0
2019-01-07,53096.0,6079.0,793.0,8084.0
2019-01-08,64454.0,6123.0,721.0,7739.0
2019-01-09,61715.0,6362.0,815.0,7645.0
2019-01-10,62748.0,6655.0,809.0,7888.0
2019-01-11,62908.0,6664.0,836.0,7917.0
2019-01-12,63611.0,6366.0,811.0,7525.0
2019-01-13,63516.0,6434.0,846.0,6897.0
2019-01-14,55363.0,5862.0,802.0,6776.0
2019-01-15,51079.0,6146.0,847.0,6581.0
2019-01-16,50619.0,6414.0,849.0,6758.0
2019-01-17,50555.0,6558.0,841.0,6873.0
2019-01-18,48469.0,6625.0,871.0,7025.0
2019-01-19,49712.0,6550.0,828.0,6999.0
2019-01-20,46466.0,6318.0,839.0,6880.0
2019-01-21,48213.0,6128.0,821.0,7324.0
2019-01-22,46445.0,6174.0,811.0,8131.0
2019-01-23,56124.0,6134.0,839.0,7693.0
2019-01-24,68155.0,6035.0,795.0,7803.0
2019-01-25,59738.0,6255.0,817.0,7994.0
2019-01-26,56912.0,6436.0,807.0,7876.0
2019-01-27,58594.0,6561.0,802.0,7793.0
2019-01-28,59325.0,5954.0,800.0,7284.0
2019-01-29,58068.0,5452.0,819.0,7377.0
2019-01-30,32590.0,5377.0,809.0,6990.0
2019-01-31,66226.0,5288.0,798.0,6241.0
2019-02-01,66219.0,5062.0,815.0,6781.0
2019-02-02,71045.0,4956.0,773.0,6816.0
2019-02-03,70867.0,4904.0,817.0,7337.0
2019-02-04,66824.0,4864.0,789.0,7519.0
2019-02-05,54926.0,4876.0,773.0,6866.0
2019-02-06,52689.0,4878.0,807.0,7566.0
2019-02-07,57017.0,4871.0,777.0,7801.0
2019-02-08,60007.0,4859.0,820.0,8089.0
2019-02-09,61587.0,4882.0,798.0,7742.0
2019-02-10,61144.0,4887.0,814.0,7799.0
2019-02-11,60926.0,4850.0,788.0,7571.0
2019-02-12,62082.0,4221.0,830.0,6838.0
2019-02-13,64015.0,4206.0,830.0,6918.0
2019-02-14,65446.0,4805.0,843.0,6963.0
2019-02-15,67174.0,4888.0,784.0,7127.0
2019-02-16,68826.0,4898.0,736.0,7564.0
2019-02-17,69091.0,4865.0,733.0,7468.0
2019-02-18,70159.0,3940.0,699.0,7595.0
2019-02-19,72216.0,4842.0,686.0,7438.0
2019-02-20,72314.0,4873.0,693.0,7537.0
2019-02-21,73230.0,4934.0,731.0,6809.0
2019-02-22,72928.0,4901.0,723.0,6920.0
2019-02-23,72509.0,4932.0,717.0,6930.0
2019-02-24,70506.0,4880.0,701.0,6913.0
2019-02-25,58045.0,4886.0,722.0,6741.0
2019-02-26,40412.0,4718.0,720.0,7210.0
2019-02-27,43428.0,4723.0,711.0,6922.0
2019-02-28,74963.0,4620.0,682.0,6716.0
2019-03-01,76219.0,4884.0,675.0,6910.0
2019-03-02,73830.0,5017.0,687.0,6973.0
2019-03-03,71485.0,5030.0,826.0,6957.0
2019-03-04,71805.0,4975.0,760.0,6736.0
2019-03-05,70828.0,5249.0,848.0,7100.0
2019-03-06,70907.0,5307.0,846.0,6852.0
2019-03-07,69621.0,5287.0,750.0,6918.0
2019-03-08,68364.0,5328.0,799.0,6848.0
2019-03-09,64549.0,5314.0,848.0,6886.0
2019-03-10,66120.0,5334.0,886.0,6882.0
2019-03-11,35753.0,5311.0,838.0,7041.0
2019-03-12,36072.0,5291.0,831.0,7002.0
2019-03-13,31419.0,5295.0,865.0,7030.0
2019-03-14,4688.0,5238.0,863.0,6642.0
2019-03-15,33468.0,5228.0,845.0,7030.0
2019-03-16,35553.0,5287.0,834.0,6727.0
2019-03-17,49934.0,5376.0,878.0,6667.0
2019-03-18,65304.0,5343.0,854.0,6398.0
2019-03-19,58806.0,5345.0,724.0,6777.0
2019-03-20,62239.0,5327.0,735.0,6710.0
2019-03-21,61731.0,5294.0,887.0,6687.0
2019-03-22,63277.0,5284.0,886.0,6559.0
2019-03-23,69894.0,5316.0,902.0,6938.0
2019-03-24,71636.0,5261.0,872.0,6952.0
2019-03-25,71033.0,5137.0,882.0,7155.0
2019-03-26,69510.0,5168.0,844.0,6896.0
2019-03-27,58816.0,5034.0,890.0,6509.0
2019-03-28,59967.0,5330.0,909.0,6262.0
2019-03-29,62277.0,5325.0,898.0,6658.0
2019-03-30,63242.0,5335.0,898.0,6626.0
2019-03-31,54493.0,4843.0,903.0,6257.0
2019-04-01,53618.0,3726.0,887.0,7129.0
2019-04-02,53804.0,3710.0,896.0,6927.0
2019-04-03,52957.0,4095.0,827.0,6760.0
2019-04-04,52705.0,4109.0,691.0,6799.0
2019-04-05,53557.0,4113.0,654.0,5940.0
2019-04-06,43008.0,4017.0,649.0,7049.0
2019-04-07,42784.0,3890.0,684.0,7133.0
2019-04-08,46304.0,3907.0,672.0,7097.0
2019-04-09,73141.0,3898.0,656.0,6795.0
2019-04-10,73042.0,3909.0,646.0,6344.0
2019-04-11,73553.0,3897.0,663.0,6338.0
2019-04-12,77062.0,3881.0,653.0,6382.0
2019-04-13,76749.0,3884.0,649.0,6725.0
2019-04-14,76636.0,3893.0,687.0,7029.0
2019-04-15,76137.0,3575.0,690.0,7026.0
2019-04-16,74252.0,3926.0,751.0,7054.0
2019-04-17,75810.0,3916.0,752.0,6984.0
2019-04-18,76296.0,3890.0,742.0,7092.0
2019-04-19,72208.0,3901.0,767.0,7094.0
2019-04-20,65044.0,3905.0,767.0,6828.0
2019-04-21,64824.0,3916.0,895.0,6878.0
2019-04-22,56548.0,3894.0,864.0,6617.0
2019-04-23,61772.0,3862.0,856.0,6123.0
2019-04-24,37645.0,3836.0,861.0,6132.0
2019-04-25,37553.0,3820.0,886.0,6192.0
2019-04-26,53201.0,4031.0,855.0,6284.0
2019-04-27,73261.0,4534.0,862.0,6449.0
2019-04-28,73291.0,4570.0,729.0,6463.0
2019-04-29,72971.0,4499.0,421.0,6927.0
2019-04-30,72504.0,4433.0,439.0,7412.0
2019-05-01,72558.0,4427.0,482.0,7740.0
2019-05-02,73609.0,4430.0,496.0,6982.0
2019-05-03,74451.0,4554.0,615.0,6692.0
2019-05-04,74500.0,4594.0,635.0,6223.0
2019-05-05,74754.0,4474.0,564.0,6154.0
2019-05-06,71519.0,4133.0,431.0,5709.0
2019-05-07,71247.0,4034.0,441.0,5479.0
2019-05-08,68245.0,3915.0,445.0,5488.0
2019-05-09,46970.0,3792.0,458.0,5443.0
2019-05-10,72567.0,4183.0,481.0,5266.0
2019-05-11,75906.0,3703.0,460.0,5361.0
2019-05-12,74811.0,3445.0,377.0,5477.0
2019-05-13,75582.0,3569.0,311.0,4954.0
2019-05-14,73113.0,4132.0,310.0,5044.0
2019-05-15,49486.0,4218.0,315.0,5415.0
2019-05-16,76164.0,4109.0,280.0,5734.0
2019-05-17,77284.0,4057.0,302.0,6153.0
2019-05-18,70682.0,4036.0,317.0,7051.0
2019-05-19,69269.0,4074.0,293.0,6574.0
2019-05-20,48515.0,3904.0,283.0,6188.0
2019-05-21,75854.0,3992.0,277.0,6190.0
2019-05-22,76835.0,4038.0,297.0,6099.0
2019-05-23,77375.0,4052.0,279.0,5884.0
2019-05-24,77125.0,4157.0,290.0,6533.0
2019-05-25,76586.0,4050.0,361.0,6792.0
2019-05-26,72560.0,4070.0,452.0,6662.0
2019-05-27,75049.0,4094.0,379.0,6805.0
2019-05-28,74606.0,4116.0,386.0,6429.0
2019-05-29,49221.0,4147.0,429.0,5933.0
2019-05-30,73555.0,4301.0,419.0,5973.0
2019-05-31,48137.0,4202.0,450.0,5851.0
2019-06-01,73910.0,4309.0,453.0,6031.0
2019-06-02,68935.0,4092.0,443.0,6034.0
2019-06-03,62373.0,4160.0,440.0,6010.0
2019-06-04,65275.0,4137.0,445.0,6053.0
2019-06-05,64094.0,4575.0,434.0,6119.0
2019-06-06,65970.0,4556.0,420.0,6615.0
2019-06-07,66669.0,4535.0,451.0,6799.0
2019-06-08,37429.0,4722.0,447.0,7021.0
2019-06-09,43022.0,4847.0,436.0,6535.0
2019-06-10,40367.0,4763.0,420.0,6280.0
2019-06-11,15405.0,4717.0,452.0,7003.0
2019-06-12,37724.0,4746.0,445.0,6260.0
2019-06-13,10500.0,4369.0,480.0,6808.0
2019-06-14,12671.0,4709.0,461.0,7448.0
2019-06-15,37760.0,4772.0,478.0,7814.0
2019-06-16,12183.0,4733.0,467.0,7591.0
2019-06-17,39678.0,4683.0,451.0,6840.0
2019-06-18,41248.0,4625.0,461.0,6281.0
2019-06-19,42337.0,4535.0,462.0,6474.0
2019-06-20,43188.0,4669.0,551.0,7011.0
2019-06-21,42996.0,4581.0,532.0,7105.0
2019-06-22,41224.0,4564.0,549.0,7642.0
2019-06-23,39796.0,4419.0,700.0,7742.0
2019-06-24,39888.0,4386.0,815.0,7743.0
2019-06-25,39702.0,4344.0,803.0,7045.0
2019-06-26,42176.0,4341.0,790.0,7570.0
2019-06-27,43620.0,4401.0,804.0,7481.0
2019-06-28,42894.0,4465.0,798.0,7297.0
2019-06-29,35858.0,4616.0,829.0,7403.0
2019-06-30,34497.0,4657.0,655.0,7507.0
2019-07-01,35953.0,4779.0,516.0,7410.0
2019-07-02,30691.0,4823.0,564.0,7637.0
2019-07-03,32701.0,4861.0,676.0,7699.0
2019-07-04,32229.0,4907.0,591.0,7591.0
2019-07-05,37490.0,4801.0,815.0,7587.0
2019-07-06,40913.0,4870.0,817.0,7710.0
2019-07-07,38442.0,4773.0,811.0,7625.0
2019-07-08,13438.0,4775.0,791.0,7248.0
2019-07-09,16130.0,4799.0,622.0,7454.0
2019-07-10,36386.0,4598.0,627.0,7022.0
2019-07-11,36822.0,4754.0,626.0,7502.0
2019-07-12,44225.0,4778.0,772.0,7413.0
2019-07-13,39487.0,4756.0,656.0,7071.0
2019-07-14,13828.0,4807.0,881.0,6955.0
2019-07-15,45771.0,4817.0,861.0,6911.0
2019-07-16,41536.0,4796.0,843.0,7399.0
2019-07-17,17204.0,4662.0,857.0,7662.0
2019-07-18,45564.0,4540.0,865.0,7603.0
2019-07-19,46812.0,4836.0,860.0,7690.0
2019-07-20,47357.0,4398.0,861.0,7683.0
2019-07-21,44653.0,4392.0,864.0,7283.0
2019-07-22,15988.0,4830.0,829.0,7121.0
2019-07-23,12178.0,4779.0,670.0,7011.0
2019-07-24,15438.0,4686.0,542.0,7068.0
2019-07-25,39795.0,3706.0,781.0,7296.0
2019-07-26,39561.0,4675.0,821.0,7779.0
2019-07-27,46202.0,4798.0,860.0,7760.0
2019-07-28,42971.0,4838.0,870.0,7683.0
2019-07-29,42259.0,4734.0,865.0,7361.0
2019-07-30,40900.0,4659.0,792.0,7221.0
2019-07-31,40494.0,4129.0,841.0,7267.0
2019-08-01,45282.0,4201.0,879.0,6908.0
2019-08-02,56395.0,4219.0,883.0,6695.0
2019-08-03,44134.0,4487.0,881.0,6870.0
2019-08-04,42511.0,4535.0,914.0,7482.0
2019-08-05,71207.0,4529.0,870.0,7622.0
2019-08-06,69120.0,4533.0,882.0,7361.0
2019-08-07,54691.0,4468.0,826.0,7331.0
2019-08-08,23653.0,4541.0,850.0,7473.0
2019-08-09,72827.0,4581.0,858.0,7344.0
2019-08-10,64264.0,4336.0,824.0,7414.0
2019-08-11,74193.0,4173.0,854.0,7522.0
2019-08-12,76148.0,4101.0,867.0,7373.0
2019-08-13,70587.0,4232.0,890.0,6353.0
2019-08-14,72854.0,4543.0,903.0,7019.0
2019-08-15,73227.0,4530.0,909.0,7487.0
2019-08-16,77711.0,4645.0,906.0,7643.0
2019-08-17,68569.0,4689.0,744.0,7364.0
2019-08-18,60490.0,4855.0,686.0,7536.0
2019-08-19,62080.0,4889.0,720.0,7488.0
2019-08-20,51934.0,4777.0,858.0,7233.0
2019-08-21,52646.0,4446.0,845.0,7407.0
2019-08-22,49558.0,4619.0,800.0,7234.0
2019-08-23,50807.0,4770.0,468.0,7547.0
2019-08-24,48151.0,4838.0,606.0,7583.0
2019-08-25,50089.0,4870.0,595.0,7344.0
2019-08-26,50942.0,4805.0,610.0,7420.0
2019-08-27,57778.0,4791.0,878.0,7417.0
2019-08-28,58117.0,4568.0,867.0,7151.0
2019-08-29,60349.0,4639.0,878.0,7253.0
2019-08-30,61561.0,4860.0,865.0,7328.0
2019-08-31,46894.0,4792.0,890.0,7535.0
2019-09-01,48404.0,4853.0,839.0,7588.0
2019-09-02,51511.0,4829.0,867.0,7144.0
2019-09-03,63158.0,4777.0,882.0,6408.0
2019-09-04,62175.0,4454.0,912.0,6014.0
2019-09-05,59430.0,4578.0,904.0,6781.0
2019-09-06,36126.0,4372.0,906.0,7400.0
2019-09-07,62872.0,4599.0,902.0,7530.0
2019-09-08,62052.0,4995.0,929.0,7644.0
2019-09-09,57736.0,4873.0,904.0,7389.0
2019-09-10,44519.0,4905.0,887.0,7192.0
2019-09-11,46130.0,4905.0,845.0,7269.0
2019-09-12,57787.0,4888.0,872.0,7299.0
2019-09-13,61216.0,4902.0,882.0,7356.0
2019-09-14,61700.0,4775.0,813.0,7645.0
2019-09-15,59631.0,4787.0,830.0,7556.0
2019-09-16,58643.0,4732.0,812.0,7414.0
2019-09-17,45878.0,4748.0,866.0,7819.0
2019-09-18,55867.0,4770.0,898.0,7889.0
2019-09-19,59664.0,4789.0,872.0,7675.0
2019-09-20,63376.0,4722.0,926.0,7559.0
2019-09-21,61849.0,4661.0,881.0,7247.0
2019-09-22,61537.0,4833.0,881.0,7780.0
2019-09-23,61935.0,4758.0,862.0,7856.0
2019-09-24,72100.0,4719.0,889.0,7539.0
2019-09-25,71881.0,4749.0,884.0,7102.0
2019-09-26,72056.0,4724.0,849.0,7664.0
2019-09-27,71308.0,4739.0,879.0,7856.0
2019-09-28,57125.0,4770.0,892.0,7300.0
2019-09-29,58921.0,4492.0,901.0,6786.0
2019-09-30,61057.0,4445.0,883.0,6723.0
2019-10-01,67189.0,4342.0,895.0,5639.0
2019-10-02,66567.0,4429.0,917.0,5298.0
2019-10-03,66047.0,4346.0,886.0,5522.0
2019-10-04,66994.0,4479.0,896.0,5635.0
2019-10-05,65378.0,4576.0,891.0,6125.0
2019-10-06,64464.0,4382.0,863.0,6006.0
2019-10-07,64422.0,4250.0,806.0,5641.0
2019-10-08,75488.0,4266.0,883.0,5063.0
2019-10-09,76198.0,4200.0,861.0,5893.0
2019-10-10,75766.0,4284.0,909.0,6211.0
2019-10-11,76819.0,4501.0,895.0,6313.0
2019-10-12,78014.0,4584.0,912.0,6101.0
2019-10-13,74481.0,4617.0,916.0,6024.0
2019-10-14,73175.0,4558.0,866.0,6314.0
2019-10-15,73143.0,4498.0,843.0,6942.0
2019-10-16,68114.0,4300.0,857.0,6645.0
2019-10-17,62595.0,4272.0,868.0,6647.0
2019-10-18,69199.0,4408.0,845.0,6971.0
2019-10-19,66982.0,4318.0,810.0,6588.0
2019-10-20,67705.0,4309.0,696.0,6863.0
2019-10-21,69979.0,4334.0,476.0,7251.0
2019-10-22,74460.0,4221.0,501.0,7092.0
2019-10-23,79023.0,4346.0,473.0,6916.0
2019-10-24,78362.0,4669.0,492.0,6815.0
2019-10-25,76371.0,4505.0,389.0,6610.0
2019-10-26,72521.0,4429.0,530.0,6863.0
2019-10-27,48102.0,4117.0,460.0,6801.0
2019-10-28,76860.0,4193.0,497.0,7012.0
2019-10-29,76421.0,4386.0,499.0,6931.0
2019-10-30,75181.0,4618.0,776.0,6810.0
2019-10-31,75648.0,4685.0,771.0,6731.0
2019-11-01,75320.0,5218.0,819.0,6738.0
2019-11-02,76986.0,5263.0,864.0,6692.0
2019-11-03,75699.0,5208.0,807.0,6114.0
2019-11-04,52251.0,5163.0,551.0,5871.0
2019-11-05,75939.0,4916.0,523.0,6187.0
2019-11-06,72887.0,4892.0,575.0,6462.0
2019-11-07,72545.0,4757.0,590.0,6472.0
2019-11-08,70596.0,4543.0,566.0,6672.0
2019-11-09,70280.0,4621.0,535.0,7306.0
2019-11-10,74197.0,4936.0,542.0,6902.0
2019-11-11,73770.0,5007.0,541.0,6841.0
2019-11-12,70196.0,5024.0,565.0,7030.0
2019-11-13,70797.0,4999.0,834.0,6636.0
2019-11-14,70613.0,4982.0,825.0,7019.0
2019-11-15,72412.0,4958.0,836.0,7404.0
2019-11-16,74015.0,4874.0,834.0,7119.0
2019-11-17,66471.0,5058.0,848.0,7036.0
2019-11-18,66738.0,5064.0,732.0,7207.0
2019-11-19,73282.0,5068.0,641.0,7182.0
2019-11-20,45775.0,5240.0,651.0,7238.0
2019-11-21,42762.0,5258.0,788.0,6773.0
2019-11-22,71404.0,5217.0,783.0,6993.0
2019-11-23,70453.0,5293.0,802.0,7075.0
2019-11-24,62642.0,5311.0,817.0,7073.0
2019-11-25,63652.0,5113.0,830.0,5933.0
2019-11-26,71938.0,5250.0,788.0,5516.0
2019-11-27,69397.0,5244.0,725.0,5742.0
2019-11-28,67715.0,5212.0,809.0,5496.0
2019-11-29,72438.0,5257.0,824.0,6038.0
2019-11-30,69614.0,5223.0,829.0,6687.0
2019-12-01,64715.0,5250.0,682.0,7161.0
2019-12-02,64095.0,5176.0,653.0,7170.0
2019-12-03,66260.0,5125.0,756.0,7334.0
2019-12-04,67267.0,5184.0,827.0,7217.0
2019-12-05,64772.0,4986.0,813.0,7161.0
2019-12-06,66293.0,5094.0,815.0,6751.0
2019-12-07,73523.0,5232.0,841.0,7130.0
2019-12-08,54520.0,5265.0,817.0,7041.0
2019-12-09,75727.0,5180.0,809.0,7047.0
2019-12-10,74842.0,5177.0,749.0,7200.0
2019-12-11,76435.0,5098.0,867.0,6816.0
2019-12-12,76651.0,5060.0,858.0,6955.0
2019-12-13,75619.0,5128.0,823.0,6646.0
2019-12-14,73313.0,5094.0,839.0,6015.0
2019-12-15,73390.0,5126.0,839.0,6423.0
2019-12-16,72518.0,5173.0,791.0,6238.0
2019-12-17,73869.0,5081.0,682.0,7217.0
2019-12-18,73302.0,4996.0,577.0,7182.0
2019-12-19,74540.0,4846.0,583.0,7042.0
2019-12-20,77563.0,4981.0,727.0,6173.0
2019-12-21,76857.0,5021.0,665.0,5586.0
2019-12-22,77070.0,5180.0,787.0,5669.0
2019-12-23,76456.0,5111.0,778.0,5755.0
2019-12-24,76291.0,5033.0,806.0,4377.0
2019-12-25,77397.0,4631.0,778.0,5423.0
2019-12-26,76500.0,4434.0,795.0,4897.0
2019-12-27,76872.0,5036.0,773.0,5183.0
2019-12-28,73968.0,5128.0,788.0,5906.0
2019-12-29,73824.0,5133.0,802.0,6692.0
2019-12-30,73449.0,4849.0,764.0,6193.0
2019-12-31,71583.0,4954.0,817.0,6065.0
2020-01-01,75108.0,5166.0,836.0,5934.0
2020-01-02,74627.0,5157.0,534.0,5170.0
2020-01-03,72993.0,5249.0,655.0,5602.0
2020-01-04,70129.0,5170.0,675.0,6161.0
2020-01-05,75817.0,5111.0,694.0,6963.0
2020-01-06,72888.0,5075.0,800.0,7398.0
2020-01-07,76510.0,5283.0,799.0,7157.0
2020-01-08,75100.0,5273.0,829.0,6968.0
2020-01-09,75158.0,5247.0,812.0,7103.0
2020-01-10,74391.0,5258.0,802.0,7156.0
2020-01-11,74121.0,5303.0,802.0,7704.0
2020-01-12,71289.0,5307.0,822.0,7392.0
2020-01-13,71409.0,5293.0,801.0,7733.0
2020-01-14,65867.0,5324.0,815.0,7589.0
2020-01-15,71276.0,5350.0,839.0,7329.0
2020-01-16,72894.0,5349.0,862.0,7604.0
2020-01-17,74643.0,5340.0,845.0,7637.0
2020-01-18,74992.0,5291.0,801.0,7678.0
2020-01-19,73229.0,5218.0,797.0,7391.0
2020-01-20,72607.0,5143.0,812.0,7398.0
2020-01-21,70286.0,5120.0,834.0,7532.0
2020-01-22,36092.0,5051.0,846.0,7306.0
2020-01-23,36569.0,5311.0,836.0,7361.0
2020-01-24,57436.0,5308.0,829.0,6903.0
2020-01-25,71922.0,5316.0,797.0,7048.0
2020-01-26,73480.0,5209.0,845.0,7153.0
2020-01-27,73974.0,5149.0,855.0,7033.0
2020-01-28,72619.0,5259.0,844.0,7141.0
2020-01-29,71800.0,5234.0,840.0,7543.0
2020-01-30,66823.0,5160.0,843.0,7198.0
2020-01-31,71555.0,4836.0,853.0,7301.0
2020-02-01,68211.0,4666.0,865.0,7497.0
2020-02-02,72642.0,4721.0,845.0,7411.0
2020-02-03,69874.0,4611.0,865.0,7410.0
2020-02-04,41716.0,4508.0,867.0,7577.0
2020-02-05,67438.0,4505.0,850.0,7701.0
2020-02-06,70739.0,4693.0,886.0,7358.0
2020-02-07,70218.0,4809.0,863.0,7422.0
2020-02-08,42559.0,4821.0,750.0,7450.0
2020-02-09,38244.0,4790.0,752.0,7133.0
2020-02-10,39609.0,4477.0,669.0,6459.0
2020-02-11,39696.0,4820.0,457.0,5905.0
2020-02-12,42043.0,4677.0,459.0,5183.0
2020-02-13,70176.0,4474.0,635.0,5964.0
2020-02-14,43560.0,4556.0,705.0,5826.0
2020-02-15,72116.0,4754.0,540.0,6180.0
2020-02-16,69664.0,4718.0,621.0,6492.0
2020-02-17,40479.0,4536.0,716.0,6737.0
2020-02-18,63164.0,4427.0,730.0,6235.0
2020-02-19,39924.0,4331.0,803.0,6261.0
2020-02-20,44444.0,4463.0,707.0,6797.0
2020-02-21,40737.0,4474.0,719.0,7051.0
2020-02-22,42187.0,4464.0,824.0,7522.0
2020-02-23,43328.0,4442.0,739.0,7056.0
2020-02-24,44200.0,4185.0,645.0,6509.0
2020-02-25,44627.0,4503.0,623.0,7195.0
2020-02-26,44077.0,4748.0,650.0,7383.0
2020-02-27,45348.0,4712.0,654.0,7147.0
2020-02-28,69863.0,4847.0,641.0,7138.0
2020-02-29,70077.0,4768.0,562.0,7208.0
2020-03-01,69813.0,4939.0,406.0,6937.0
2020-03-02,69221.0,4861.0,252.0,6308.0
2020-03-03,68108.0,4911.0,464.0,6644.0
2020-03-04,44825.0,4899.0,690.0,6586.0
2020-03-05,45792.0,4923.0,679.0,7060.0
2020-03-06,71795.0,4900.0,609.0,7236.0
2020-03-07,73077.0,4919.0,649.0,6838.0
2020-03-08,70923.0,4779.0,672.0,6783.0
2020-03-09,71344.0,4724.0,672.0,7094.0
2020-03-10,64546.0,4803.0,674.0,6576.0
2020-03-11,61671.0,4869.0,698.0,5899.0
2020-03-12,60492.0,4885.0,689.0,5595.0
2020-03-13,59310.0,4826.0,684.0,5969.0
2020-03-14,19808.0,4799.0,717.0,6044.0
2020-03-15,51029.0,4943.0,858.0,6257.0
2020-03-16,62619.0,4894.0,814.0,6442.0
2020-03-17,63364.0,4880.0,841.0,5751.0
2020-03-18,63180.0,5083.0,838.0,6206.0
2020-03-19,43840.0,5119.0,827.0,6221.0
2020-03-20,62784.0,5154.0,865.0,6359.0
2020-03-21,63225.0,5053.0,852.0,6403.0
2020-03-22,64369.0,5157.0,857.0,6426.0
2020-03-23,67523.0,5149.0,852.0,6064.0
2020-03-24,59825.0,5125.0,857.0,6033.0
2020-03-25,60491.0,5135.0,812.0,6036.0
2020-03-26,60028.0,5148.0,828.0,5885.0
2020-03-27,45084.0,5135.0,761.0,5340.0
2020-03-28,65485.0,5163.0,523.0,6087.0
2020-03-29,63300.0,4949.0,527.0,6131.0
2020-03-30,63969.0,5014.0,552.0,6175.0
2020-03-31,56513.0,4982.0,525.0,5723.0
2020-04-01,37397.0,4163.0,577.0,5572.0
2020-04-02,38672.0,4215.0,815.0,5258.0
2020-04-03,58715.0,4039.0,832.0,5296.0
2020-04-04,69914.0,3987.0,848.0,5535.0
2020-04-05,41729.0,3994.0,835.0,5601.0
2020-04-06,71263.0,3927.0,792.0,5715.0
2020-04-07,73455.0,3936.0,546.0,5905.0
2020-04-08,70971.0,3950.0,565.0,5062.0
2020-04-09,70941.0,3846.0,580.0,5474.0
2020-04-10,65133.0,3854.0,567.0,5448.0
2020-04-11,66960.0,4100.0,830.0,5567.0
2020-04-12,68844.0,4355.0,805.0,6091.0
2020-04-13,60902.0,4233.0,800.0,6051.0
2020-04-14,69807.0,4129.0,836.0,5826.0
2020-04-15,68782.0,4157.0,813.0,5546.0
2020-04-16,72765.0,4098.0,736.0,5276.0
2020-04-17,66506.0,4020.0,742.0,4831.0
2020-04-18,67016.0,4128.0,711.0,4861.0
2020-04-19,69253.0,3947.0,650.0,5184.0
2020-04-20,65538.0,3868.0,587.0,4934.0
2020-04-21,62393.0,4053.0,505.0,5146.0
2020-04-22,65391.0,4160.0,569.0,5145.0
2020-04-23,64942.0,4140.0,607.0,5264.0
2020-04-24,66123.0,4151.0,594.0,5451.0
2020-04-25,67269.0,4282.0,731.0,5604.0
2020-04-26,65303.0,4280.0,863.0,5609.0
2020-04-27,64456.0,4149.0,758.0,5660.0
2020-04-28,65082.0,3889.0,745.0,5586.0
2020-04-29,65340.0,4084.0,759.0,5672.0
2020-04-30,68150.0,4242.0,785.0,5722.0
2020-05-01,63710.0,4308.0,787.0,6025.0
2020-05-02,62810.0,4264.0,721.0,5919.0
2020-05-03,64770.0,4224.0,582.0,5507.0
2020-05-04,69839.0,3643.0,590.0,5467.0
2020-05-05,68395.0,3602.0,608.0,5569.0
2020-05-06,68435.0,3787.0,599.0,5599.0
2020-05-07,69925.0,4237.0,761.0,5729.0
2020-05-08,72899.0,4247.0,832.0,5345.0
2020-05-09,71170.0,4383.0,834.0,4872.0
2020-05-10,52167.0,4249.0,834.0,5718.0
2020-05-11,74723.0,4125.0,808.0,5748.0
2020-05-12,75192.0,4058.0,691.0,5886.0
2020-05-13,74704.0,4142.0,602.0,5847.0
2020-05-14,74038.0,3996.0,732.0,5715.0
2020-05-15,74035.0,4160.0,866.0,5874.0
2020-05-16,75338.0,4318.0,823.0,5791.0
2020-05-17,73361.0,4354.0,882.0,5215.0
2020-05-18,73720.0,4256.0,856.0,5511.0
2020-05-19,67570.0,3980.0,875.0,5318.0
2020-05-20,74176.0,3837.0,855.0,5347.0
2020-05-21,76494.0,4238.0,862.0,4324.0
2020-05-22,74971.0,4242.0,877.0,4091.0
2020-05-23,55356.0,4240.0,689.0,4243.0
2020-05-24,38825.0,4234.0,731.0,4500.0
2020-05-25,58888.0,4121.0,847.0,5230.0
2020-05-26,71170.0,4079.0,885.0,5269.0
2020-05-27,65512.0,4151.0,891.0,5755.0
2020-05-28,79804.0,4103.0,862.0,5582.0
2020-05-29,75696.0,4146.0,772.0,5007.0
2020-05-30,64074.0,3968.0,747.0,4787.0
2020-05-31,60147.0,4168.0,726.0,4759.0
2020-06-01,61353.0,4198.0,711.0,5141.0
2020-06-02,32816.0,4010.0,719.0,5684.0
2020-06-03,33561.0,3807.0,722.0,5772.0
2020-06-04,34459.0,3761.0,712.0,5927.0
2020-06-05,32085.0,4058.0,702.0,6067.0
2020-06-06,30992.0,4132.0,694.0,5945.0
2020-06-07,32592.0,4093.0,731.0,5873.0
2020-06-08,12407.0,4256.0,465.0,5606.0
2020-06-09,31315.0,4215.0,480.0,5021.0
2020-06-10,34437.0,4276.0,392.0,4740.0
2020-06-11,31278.0,4219.0,346.0,5021.0
2020-06-12,33925.0,4105.0,379.0,5147.0
2020-06-13,39261.0,4269.0,420.0,5929.0
2020-06-14,34494.0,4085.0,412.0,5846.0
2020-06-15,52665.0,3964.0,362.0,5918.0
2020-06-16,51962.0,4030.0,417.0,5951.0
2020-06-17,44343.0,4035.0,429.0,5898.0
2020-06-18,47431.0,4049.0,392.0,5788.0
2020-06-19,46371.0,4055.0,274.0,5738.0
2020-06-20,42028.0,4017.0,287.0,5710.0
2020-06-21,39059.0,3759.0,269.0,5564.0
2020-06-22,18731.0,3857.0,225.0,5863.0
2020-06-23,21388.0,3873.0,261.0,5817.0
2020-06-24,40510.0,3814.0,275.0,5949.0
2020-06-25,42733.0,3820.0,282.0,6032.0
2020-06-26,48356.0,3784.0,283.0,6230.0
2020-06-27,43541.0,3798.0,245.0,5955.0
2020-06-28,17709.0,3812.0,97.0,5620.0
2020-06-29,18818.0,3788.0,184.0,5687.0
2020-06-30,37753.0,3800.0,278.0,5553.0
2020-07-01,29677.0,3906.0,328.0,5994.0
2020-07-02,30669.0,3888.0,388.0,5925.0
2020-07-03,36237.0,3918.0,390.0,5573.0
2020-07-04,41427.0,3834.0,401.0,5327.0
2020-07-05,41030.0,3411.0,421.0,5556.0
2020-07-06,45774.0,3405.0,402.0,5382.0
2020-07-07,46802.0,3495.0,419.0,5529.0
2020-07-08,47851.0,3482.0,435.0,5451.0
2020-07-09,48043.0,3487.0,409.0,5674.0
2020-07-10,62955.0,4696.0,436.0,6032.0
2020-07-11,76611.0,5733.0,402.0,6351.0
2020-07-12,76452.0,5845.0,430.0,6778.0
2020-07-13,68594.0,5473.0,432.0,6508.0
2020-07-14,72104.0,5452.0,441.0,5952.0
2020-07-15,70419.0,5232.0,433.0,6322.0
2020-07-16,64211.0,5093.0,386.0,6001.0
2020-07-17,48632.0,5191.0,410.0,6019.0
2020-07-18,67216.0,5266.0,427.0,6683.0
2020-07-19,67978.0,5721.0,421.0,6734.0
2020-07-20,71410.0,5660.0,668.0,6734.0
2020-07-21,70779.0,5664.0,659.0,6810.0
2020-07-22,69971.0,5771.0,690.0,6925.0
2020-07-23,73853.0,5876.0,681.0,6779.0
2020-07-24,51797.0,5891.0,654.0,6880.0
2020-07-25,79321.0,5760.0,687.0,5996.0
2020-07-26,75517.0,5700.0,710.0,5571.0
2020-07-27,73158.0,5549.0,698.0,5465.0
2020-07-28,48471.0,5387.0,669.0,4776.0
2020-07-29,73077.0,5415.0,671.0,4418.0
2020-07-30,78798.0,5425.0,651.0,4425.0
2020-07-31,78023.0,5681.0,652.0,4774.0
2020-08-01,79803.0,5995.0,787.0,5002.0
2020-08-02,76604.0,5750.0,866.0,5215.0
2020-08-03,81237.0,5468.0,764.0,5936.0
2020-08-04,79053.0,5428.0,673.0,6333.0
2020-08-05,74417.0,5399.0,696.0,6384.0
2020-08-06,64547.0,5378.0,830.0,6162.0
2020-08-07,61102.0,4432.0,806.0,5383.0
2020-08-08,62317.0,4466.0,863.0,5309.0
2020-08-09,62876.0,4067.0,884.0,6094.0
2020-08-10,67544.0,3951.0,789.0,6329.0
2020-08-11,68873.0,3937.0,767.0,6332.0
2020-08-12,68982.0,4289.0,742.0,6115.0
2020-08-13,67367.0,4379.0,727.0,6190.0
2020-08-14,74063.0,4326.0,820.0,6309.0
2020-08-15,72477.0,4513.0,839.0,5995.0
2020-08-16,72063.0,4465.0,859.0,5761.0
2020-08-17,70844.0,4383.0,732.0,5748.0
2020-08-18,62929.0,4336.0,875.0,6503.0
2020-08-19,62148.0,4296.0,918.0,6374.0
2020-08-20,60167.0,4344.0,886.0,6804.0
2020-08-21,52830.0,4355.0,867.0,6715.0
2020-08-22,56386.0,4468.0,844.0,6720.0
2020-08-23,57700.0,4356.0,884.0,6196.0
2020-08-24,59614.0,4409.0,862.0,6102.0
2020-08-25,57202.0,4530.0,858.0,6312.0
2020-08-26,52500.0,4702.0,882.0,6513.0
2020-08-27,62203.0,4499.0,832.0,6562.0
2020-08-28,61005.0,4880.0,877.0,6675.0
2020-08-29,61581.0,5032.0,899.0,6936.0
2020-08-30,61676.0,5056.0,914.0,7059.0
2020-08-31,62387.0,4743.0,874.0,7070.0
2020-09-01,61878.0,4277.0,895.0,7015.0
2020-09-02,58180.0,4171.0,904.0,7125.0
2020-09-03,58036.0,4399.0,896.0,7082.0
2020-09-04,57253.0,4973.0,699.0,7193.0
2020-09-05,60400.0,5145.0,708.0,7088.0
2020-09-06,60479.0,4070.0,706.0,7170.0
2020-09-07,61215.0,4031.0,708.0,7406.0
2020-09-08,57675.0,4246.0,714.0,7442.0
2020-09-09,58562.0,5271.0,678.0,7285.0
2020-09-10,64083.0,4992.0,763.0,7417.0
2020-09-11,62637.0,4912.0,871.0,7186.0
2020-09-12,58472.0,4944.0,862.0,6895.0
2020-09-13,58543.0,5108.0,860.0,6564.0
2020-09-14,71051.0,4985.0,822.0,6610.0
2020-09-15,65759.0,4367.0,841.0,6609.0
2020-09-16,66237.0,4311.0,852.0,6392.0
2020-09-17,70151.0,3708.0,878.0,6283.0
2020-09-18,72499.0,5091.0,892.0,6016.0
2020-09-19,75104.0,5114.0,909.0,6572.0
2020-09-20,74564.0,5199.0,899.0,6233.0
2020-09-21,75515.0,4903.0,864.0,6200.0
2020-09-22,64284.0,4845.0,894.0,6474.0
2020-09-23,63152.0,4852.0,867.0,6414.0
2020-09-24,70912.0,4658.0,909.0,6258.0
2020-09-25,68849.0,4399.0,870.0,6187.0
2020-09-26,69111.0,4672.0,898.0,6249.0
2020-09-27,68397.0,4418.0,957.0,5563.0
2020-09-28,68113.0,4108.0,903.0,5430.0
2020-09-29,66976.0,4025.0,924.0,6173.0
2020-09-30,67478.0,4215.0,910.0,6158.0
2020-10-01,70330.0,3746.0,837.0,6202.0
2020-10-02,71516.0,3140.0,855.0,5917.0
2020-10-03,72316.0,3067.0,918.0,5824.0
2020-10-04,66777.0,3271.0,930.0,5862.0
2020-10-05,71379.0,3152.0,892.0,6155.0
2020-10-06,72684.0,3098.0,851.0,5891.0
2020-10-07,72898.0,3029.0,855.0,5945.0
2020-10-08,72301.0,3828.0,916.0,5624.0
2020-10-09,62461.0,4622.0,896.0,5194.0
2020-10-10,73241.0,4424.0,778.0,5236.0
2020-10-11,73476.0,4165.0,756.0,5189.0
2020-10-12,73477.0,3834.0,707.0,5048.0
2020-10-13,67614.0,3662.0,680.0,5912.0
2020-10-14,70056.0,3645.0,658.0,6091.0
2020-10-15,71742.0,3446.0,636.0,6060.0
2020-10-16,73673.0,3714.0,645.0,6369.0
2020-10-17,75829.0,3370.0,667.0,6574.0
2020-10-18,74195.0,3642.0,614.0,6551.0
2020-10-19,74174.0,3667.0,569.0,6278.0
2020-10-20,73571.0,3685.0,578.0,6059.0
2020-10-21,75193.0,3801.0,606.0,5927.0
2020-10-22,78945.0,4031.0,605.0,6344.0
2020-10-23,57437.0,3930.0,617.0,6174.0
2020-10-24,73572.0,3692.0,623.0,6377.0
2020-10-25,50691.0,3696.0,619.0,6306.0
2020-10-26,79004.0,3438.0,601.0,6669.0
2020-10-27,73044.0,3717.0,557.0,6807.0
2020-10-28,69371.0,3752.0,610.0,7241.0
2020-10-29,54042.0,3777.0,744.0,7316.0
2020-10-30,81252.0,3809.0,707.0,7283.0
2020-10-31,80436.0,4014.0,728.0,7419.0
2020-11-01,82465.0,5861.0,694.0,7322.0
2020-11-02,80711.0,5824.0,505.0,7068.0
2020-11-03,75200.0,5851.0,587.0,6237.0
2020-11-04,70231.0,5688.0,538.0,6866.0
2020-11-05,63494.0,5442.0,587.0,5590.0
2020-11-06,64529.0,5207.0,581.0,5872.0
2020-11-07,67768.0,5065.0,625.0,7123.0
2020-11-08,63864.0,5314.0,581.0,7157.0
2020-11-09,65298.0,5323.0,728.0,7465.0
2020-11-10,63473.0,5285.0,893.0,7106.0
2020-11-11,64360.0,5634.0,922.0,6731.0
2020-11-12,63777.0,5542.0,902.0,6713.0
2020-11-13,65502.0,5469.0,920.0,7042.0
2020-11-14,64265.0,5813.0,940.0,6858.0
2020-11-15,64022.0,6051.0,893.0,6212.0
2020-11-16,64766.0,5438.0,616.0,6253.0
2020-11-17,66132.0,5410.0,618.0,6379.0
2020-11-18,61496.0,5607.0,604.0,6475.0
2020-11-19,58179.0,5553.0,603.0,6468.0
2020-11-20,61792.0,5130.0,581.0,6814.0
2020-11-21,62723.0,5285.0,603.0,6659.0
2020-11-22,60154.0,5300.0,615.0,6124.0
2020-11-23,28125.0,5118.0,598.0,6436.0
2020-11-24,28586.0,4791.0,838.0,6619.0
2020-11-25,60227.0,4736.0,867.0,6039.0
2020-11-26,66430.0,5387.0,779.0,6652.0
2020-11-27,65035.0,5658.0,605.0,6545.0
2020-11-28,66623.0,5771.0,779.0,7117.0
2020-11-29,65629.0,5570.0,906.0,7151.0
2020-11-30,66352.0,4999.0,863.0,6834.0
2020-12-01,30990.0,4649.0,867.0,6942.0
2020-12-02,27207.0,5104.0,834.0,6768.0
2020-12-03,53310.0,5422.0,793.0,7094.0
2020-12-04,61839.0,5420.0,760.0,6972.0
2020-12-05,62351.0,5284.0,712.0,7142.0
2020-12-06,63999.0,5333.0,838.0,7132.0
2020-12-07,62852.0,5082.0,788.0,7085.0
2020-12-08,62900.0,5274.0,788.0,6952.0
2020-12-09,62497.0,5389.0,799.0,7008.0
2020-12-10,60988.0,5383.0,827.0,7040.0
2020-12-11,67350.0,5350.0,833.0,6917.0
2020-12-12,67839.0,5425.0,841.0,7058.0
2020-12-13,69140.0,5287.0,874.0,7247.0
2020-12-14,68399.0,5173.0,812.0,7583.0
2020-12-15,65359.0,5092.0,853.0,7329.0
2020-12-16,71802.0,5273.0,838.0,6767.0
2020-12-17,70833.0,5374.0,849.0,7306.0
2020-12-18,68129.0,5413.0,832.0,7261.0
2020-12-19,71602.0,5546.0,855.0,6983.0
2020-12-20,70486.0,5589.0,901.0,6421.0
2020-12-21,69203.0,5539.0,853.0,6540.0
2020-12-22,69096.0,5942.0,858.0,6580.0
2020-12-23,74922.0,6030.0,876.0,6369.0
2020-12-24,77155.0,5899.0,832.0,6407.0
2020-12-25,77915.0,5850.0,875.0,6104.0
2020-12-26,74095.0,5849.0,839.0,6423.0
2020-12-27,70343.0,5766.0,857.0,6630.0
2020-12-28,75843.0,5500.0,787.0,6092.0
2020-12-29,73599.0,5562.0,780.0,5832.0
2020-12-30,73779.0,5384.0,774.0,5830.0
2020-12-31,73875.0,5329.0,802.0,5614.0
2021-01-01,75234.0,5969.0,789.0,5858.0
2021-01-02,77057.0,5997.0,704.0,5961.0
2021-01-03,76162.0,5527.0,726.0,6458.0
2021-01-04,72254.0,5800.0,680.0,6637.0
2021-01-05,72880.0,5966.0,631.0,6969.0
2021-01-06,75334.0,5986.0,711.0,7274.0
2021-01-07,78237.0,6082.0,702.0,7247.0
2021-01-08,77157.0,6073.0,785.0,7661.0
2021-01-09,77955.0,5971.0,846.0,7515.0
2021-01-10,72612.0,5821.0,777.0,7388.0
2021-01-11,73339.0,5915.0,786.0,7275.0
2021-01-12,68592.0,5959.0,826.0,7145.0
2021-01-13,64479.0,5989.0,827.0,6951.0
2021-01-14,66028.0,5628.0,845.0,6790.0
2021-01-15,69248.0,5487.0,716.0,6981.0
2021-01-16,67496.0,5623.0,725.0,7343.0
2021-01-17,67200.0,5753.0,739.0,7065.0
2021-01-18,68378.0,5688.0,707.0,6644.0
2021-01-19,71941.0,5846.0,804.0,6664.0
2021-01-20,69966.0,5887.0,822.0,6471.0
2021-01-21,69942.0,5602.0,816.0,6303.0
2021-01-22,70934.0,5753.0,794.0,6532.0
2021-01-23,71924.0,5749.0,821.0,6729.0
2021-01-24,73772.0,5848.0,881.0,6758.0
2021-01-25,72614.0,6187.0,828.0,7243.0
2021-01-26,69069.0,6013.0,771.0,7672.0
2021-01-27,66904.0,6011.0,824.0,7431.0
2021-01-28,64385.0,6133.0,843.0,6896.0
2021-01-29,67521.0,5883.0,844.0,6404.0
2021-01-30,68457.0,5213.0,840.0,5387.0
2021-01-31,63717.0,5589.0,760.0,6092.0
2021-02-01,60355.0,5288.0,651.0,6249.0
2021-02-02,59934.0,5291.0,775.0,6516.0
2021-02-03,60699.0,5470.0,848.0,5895.0
2021-02-04,60679.0,5740.0,857.0,6049.0
2021-02-05,64637.0,6013.0,819.0,6513.0
2021-02-06,64961.0,5784.0,830.0,6843.0
2021-02-07,64326.0,5792.0,856.0,6648.0
2021-02-08,65329.0,5524.0,858.0,6286.0
2021-02-09,64773.0,5611.0,826.0,6514.0
2021-02-10,64867.0,5548.0,681.0,6663.0
2021-02-11,60570.0,5511.0,553.0,6962.0
2021-02-12,66392.0,5439.0,555.0,6955.0
2021-02-13,70680.0,5152.0,672.0,7164.0
2021-02-14,71639.0,5328.0,842.0,7097.0
2021-02-15,71822.0,6051.0,834.0,6758.0
2021-02-16,56441.0,5977.0,828.0,6264.0
2021-02-17,56897.0,5845.0,813.0,6371.0
2021-02-18,63760.0,5821.0,838.0,6201.0
2021-02-19,62947.0,6208.0,861.0,6514.0
2021-02-20,61480.0,6349.0,876.0,6237.0
2021-02-21,62558.0,6232.0,851.0,6139.0
2021-02-22,61663.0,5967.0,803.0,6863.0
2021-02-23,60741.0,6241.0,816.0,7226.0
2021-02-24,61299.0,6227.0,818.0,6961.0
2021-02-25,63081.0,6167.0,793.0,7160.0
2021-02-26,66533.0,6042.0,862.0,7337.0
2021-02-27,70367.0,5813.0,872.0,7415.0
2021-02-28,70062.0,5930.0,897.0,7105.0
2021-03-01,70103.0,5900.0,829.0,6848.0
2021-03-02,70328.0,5781.0,876.0,6494.0
2021-03-03,69433.0,5860.0,894.0,5293.0
2021-03-04,70729.0,5952.0,758.0,5347.0
2021-03-05,68758.0,5874.0,712.0,6265.0
2021-03-06,71645.0,5862.0,738.0,6316.0
2021-03-07,72351.0,5728.0,861.0,6372.0
2021-03-08,70730.0,5518.0,677.0,6540.0
2021-03-09,71311.0,5629.0,633.0,6386.0
2021-03-10,71221.0,5720.0,672.0,6202.0
2021-03-11,70971.0,5835.0,649.0,6308.0
2021-03-12,72746.0,6053.0,622.0,6692.0
2021-03-13,71952.0,6015.0,625.0,7003.0
2021-03-14,61945.0,5803.0,630.0,7378.0
2021-03-15,37902.0,5750.0,609.0,7281.0
2021-03-16,42325.0,6031.0,709.0,6825.0
2021-03-17,72255.0,5969.0,827.0,6886.0
2021-03-18,75712.0,6094.0,837.0,6707.0
2021-03-19,79020.0,6144.0,842.0,6731.0
2021-03-20,78448.0,6151.0,870.0,6863.0
2021-03-21,75657.0,6165.0,865.0,6799.0
2021-03-22,77400.0,6148.0,832.0,7453.0
2021-03-23,76176.0,6120.0,855.0,7331.0
2021-03-24,77068.0,5943.0,860.0,7362.0
2021-03-25,78548.0,5681.0,865.0,7417.0
2021-03-26,80946.0,5834.0,847.0,7253.0
2021-03-27,72927.0,5845.0,856.0,6629.0
2021-03-28,74276.0,5912.0,854.0,6900.0
2021-03-29,77910.0,6243.0,879.0,6735.0
2021-03-30,78507.0,6306.0,850.0,6769.0
2021-03-31,78142.0,6067.0,732.0,6675.0
2021-04-01,82731.0,3304.0,876.0,7530.0
2021-04-02,74758.0,3555.0,875.0,7647.0
2021-04-03,72243.0,3818.0,871.0,7330.0
2021-04-04,67336.0,3819.0,896.0,7279.0
2021-04-05,58257.0,3517.0,864.0,6608.0
2021-04-06,72466.0,3394.0,815.0,6978.0
2021-04-07,67709.0,3560.0,817.0,7114.0
2021-04-08,73484.0,3820.0,841.0,7186.0
2021-04-09,74917.0,3562.0,857.0,7499.0
2021-04-10,78976.0,1896.0,821.0,7720.0
2021-04-11,76254.0,1955.0,851.0,7281.0
2021-04-12,77271.0,1829.0,714.0,6847.0
2021-04-13,77640.0,3272.0,735.0,7240.0
2021-04-14,75780.0,3346.0,815.0,7031.0
2021-04-15,76913.0,3450.0,863.0,7186.0
2021-04-16,75291.0,3740.0,863.0,7068.0
2021-04-17,75526.0,3804.0,861.0,6935.0
2021-04-18,75744.0,3758.0,869.0,6956.0
2021-04-19,74062.0,3574.0,821.0,6749.0
2021-04-20,76978.0,3585.0,836.0,6311.0
2021-04-21,79648.0,3679.0,858.0,6222.0
2021-04-22,74388.0,3758.0,871.0,6568.0
2021-04-23,73814.0,3808.0,872.0,6982.0
2021-04-24,74893.0,3704.0,878.0,7124.0
2021-04-25,74417.0,3549.0,710.0,6962.0
2021-04-26,74053.0,3475.0,485.0,6965.0
2021-04-27,75238.0,3592.0,484.0,6713.0
2021-04-28,72636.0,3637.0,476.0,6863.0
2021-04-29,78872.0,3557.0,489.0,6578.0
2021-04-30,81095.0,3876.0,600.0,6405.0
2021-05-01,85255.0,4792.0,610.0,5891.0
2021-05-02,84511.0,4897.0,619.0,5674.0
2021-05-03,84533.0,4340.0,609.0,5667.0
2021-05-04,81274.0,4091.0,617.0,5763.0
2021-05-05,81395.0,4134.0,571.0,5677.0
2021-05-06,83880.0,4081.0,615.0,5863.0
2021-05-07,83267.0,4048.0,623.0,6506.0
2021-05-08,84131.0,4073.0,633.0,6322.0
2021-05-09,78206.0,4248.0,630.0,6247.0
2021-05-10,83258.0,3776.0,601.0,6204.0
2021-05-11,83606.0,3814.0,620.0,6204.0
2021-05-12,84620.0,4119.0,612.0,6335.0
2021-05-13,83677.0,4204.0,757.0,6670.0
2021-05-14,84557.0,4215.0,798.0,6980.0
2021-05-15,84225.0,4389.0,849.0,6113.0
2021-05-16,81633.0,4392.0,804.0,5845.0
2021-05-17,85289.0,3944.0,586.0,6159.0
2021-05-18,77905.0,3841.0,625.0,6318.0
2021-05-19,84252.0,4005.0,635.0,6326.0
2021-05-20,81137.0,3762.0,646.0,6450.0
2021-05-21,77740.0,3764.0,583.0,6078.0
2021-05-22,66200.0,3744.0,575.0,6097.0
2021-05-23,69934.0,4226.0,645.0,6163.0
2021-05-24,62106.0,3669.0,633.0,6294.0
2021-05-25,66434.0,3759.0,572.0,6487.0
2021-05-26,67455.0,4015.0,519.0,6430.0
2021-05-27,72769.0,3845.0,518.0,6208.0
2021-05-28,72315.0,3701.0,529.0,6540.0
2021-05-29,72131.0,3949.0,621.0,6490.0
2021-05-30,74698.0,3978.0,647.0,6344.0
2021-05-31,76285.0,3974.0,643.0,6389.0
2021-06-01,75793.0,3984.0,633.0,6232.0
2021-06-02,79682.0,3864.0,609.0,6140.0
2021-06-03,78524.0,3985.0,554.0,6211.0
2021-06-04,79136.0,4154.0,598.0,6336.0
2021-06-05,78268.0,4017.0,648.0,6542.0
2021-06-06,78980.0,4114.0,645.0,6381.0
2021-06-07,78845.0,4072.0,635.0,6421.0
2021-06-08,78569.0,3850.0,746.0,6716.0
2021-06-09,78527.0,3736.0,828.0,6613.0
2021-06-10,79689.0,3711.0,891.0,6543.0
2021-06-11,86696.0,4101.0,892.0,7403.0
2021-06-12,87124.0,4129.0,861.0,7630.0
2021-06-13,86124.0,3823.0,899.0,7611.0
2021-06-14,87651.0,3756.0,884.0,7402.0
2021-06-15,87950.0,4000.0,892.0,7524.0
2021-06-16,85399.0,4091.0,674.0,7375.0
2021-06-17,86624.0,3826.0,609.0,7653.0
2021-06-18,86058.0,3491.0,608.0,7724.0
2021-06-19,85171.0,3609.0,874.0,7306.0
2021-06-20,85101.0,3876.0,911.0,7475.0
2021-06-21,83386.0,2974.0,814.0,7608.0
2021-06-22,84171.0,3286.0,890.0,7500.0
2021-06-23,79903.0,3639.0,892.0,7462.0
2021-06-24,80576.0,4259.0,884.0,7234.0
2021-06-25,69953.0,4703.0,912.0,7358.0
2021-06-26,69286.0,4632.0,907.0,7393.0
2021-06-27,70906.0,4575.0,902.0,7197.0
2021-06-28,63811.0,4546.0,841.0,7353.0
2021-06-29,65872.0,4575.0,847.0,7423.0
2021-06-30,73005.0,4533.0,584.0,7531.0
2021-07-01,73517.0,4591.0,582.0,7597.0
2021-07-02,69803.0,4357.0,837.0,7420.0
2021-07-03,79909.0,4745.0,878.0,6903.0
2021-07-04,83771.0,5055.0,913.0,7227.0
2021-07-05,85437.0,4861.0,873.0,6891.0
2021-07-06,83480.0,4925.0,875.0,7731.0
2021-07-07,61598.0,4832.0,672.0,7966.0
2021-07-08,60189.0,4747.0,688.0,7746.0
2021-07-09,59909.0,4510.0,684.0,7927.0
2021-07-10,61251.0,4541.0,710.0,7978.0
2021-07-11,59602.0,4656.0,711.0,7958.0
2021-07-12,59053.0,4704.0,689.0,7712.0
2021-07-13,61212.0,4932.0,704.0,7892.0
2021-07-14,86577.0,4954.0,709.0,7849.0
2021-07-15,90531.0,4940.0,696.0,7829.0
2021-07-16,89540.0,5089.0,682.0,7449.0
2021-07-17,86906.0,5171.0,736.0,7789.0
2021-07-18,84244.0,5045.0,771.0,7917.0
2021-07-19,87489.0,5224.0,754.0,7585.0
2021-07-20,88731.0,5128.0,745.0,7191.0
2021-07-21,87099.0,5232.0,759.0,7465.0
2021-07-22,94044.0,5358.0,564.0,7311.0
2021-07-23,90153.0,5229.0,491.0,7494.0
2021-07-24,93543.0,5492.0,556.0,7114.0
2021-07-25,91109.0,5271.0,586.0,7249.0
2021-07-26,92680.0,5299.0,605.0,6124.0
2021-07-27,86530.0,5168.0,637.0,5663.0
2021-07-28,90792.0,5062.0,670.0,6094.0
2021-07-29,94043.0,5121.0,610.0,6558.0
2021-07-30,93730.0,5203.0,600.0,6849.0
2021-07-31,89770.0,4965.0,681.0,6841.0
2021-08-01,89806.0,4584.0,909.0,6740.0
2021-08-02,89052.0,4271.0,912.0,6925.0
2021-08-03,91064.0,4179.0,911.0,6742.0
2021-08-04,92225.0,4274.0,928.0,6719.0
2021-08-05,94253.0,4376.0,914.0,6892.0
2021-08-06,94117.0,4015.0,902.0,7252.0
2021-08-07,94634.0,4241.0,747.0,6883.0
2021-08-08,88476.0,3900.0,617.0,6990.0
2021-08-09,94201.0,4130.0,609.0,7259.0
2021-08-10,87267.0,4107.0,822.0,7017.0
2021-08-11,90756.0,4090.0,824.0,6374.0
2021-08-12,90972.0,3943.0,842.0,6826.0
2021-08-13,89565.0,4140.0,867.0,7275.0
2021-08-14,89408.0,4320.0,836.0,7367.0
2021-08-15,89460.0,4361.0,842.0,6988.0
2021-08-16,89393.0,4093.0,847.0,7132.0
2021-08-17,89257.0,4134.0,826.0,7196.0
2021-08-18,90030.0,4131.0,839.0,6274.0
2021-08-19,86680.0,4021.0,884.0,6349.0
2021-08-20,89689.0,4009.0,892.0,6466.0
2021-08-21,91028.0,3551.0,906.0,6832.0
2021-08-22,90447.0,3456.0,921.0,7159.0
2021-08-23,69457.0,3440.0,847.0,7061.0
2021-08-24,62059.0,3659.0,897.0,7193.0
2021-08-25,92455.0,4018.0,902.0,7223.0
2021-08-26,87786.0,3975.0,712.0,7280.0
2021-08-27,87478.0,4150.0,626.0,7357.0
2021-08-28,88827.0,4190.0,612.0,7133.0
2021-08-29,86150.0,4460.0,868.0,7080.0
2021-08-30,86567.0,4242.0,872.0,7387.0
2021-08-31,86289.0,3612.0,897.0,7327.0
2021-09-01,76414.0,3108.0,912.0,7415.0
2021-09-02,71275.0,3781.0,862.0,7397.0
2021-09-03,53827.0,4028.0,917.0,6906.0
2021-09-04,70475.0,3918.0,919.0,6898.0
2021-09-05,70972.0,4066.0,917.0,7017.0
2021-09-06,69366.0,4234.0,886.0,6540.0
2021-09-07,71280.0,4646.0,856.0,6417.0
2021-09-08,68573.0,4717.0,853.0,5591.0
2021-09-09,71319.0,4621.0,879.0,5416.0
2021-09-10,71793.0,4801.0,813.0,5920.0
2021-09-11,69308.0,4839.0,639.0,6778.0
2021-09-12,66722.0,4579.0,892.0,6708.0
2021-09-13,68897.0,4595.0,859.0,6533.0
2021-09-14,70324.0,4481.0,777.0,6486.0
2021-09-15,70780.0,4491.0,872.0,6547.0
2021-09-16,66507.0,4626.0,878.0,6039.0
2021-09-17,70079.0,4668.0,873.0,5973.0
2021-09-18,71386.0,4613.0,769.0,5874.0
2021-09-19,71709.0,4819.0,674.0,6480.0
2021-09-20,73646.0,4726.0,376.0,6389.0
2021-09-21,70619.0,4184.0,414.0,6666.0
2021-09-22,72420.0,4160.0,453.0,6752.0
2021-09-23,70225.0,4120.0,370.0,6518.0
2021-09-24,73458.0,3773.0,324.0,6530.0
2021-09-25,72750.0,3977.0,334.0,6599.0
2021-09-26,74391.0,3533.0,340.0,6661.0
2021-09-27,75996.0,4123.0,291.0,7011.0
2021-09-28,71323.0,3988.0,309.0,7716.0
2021-09-29,73207.0,3660.0,289.0,7607.0
2021-09-30,77392.0,3431.0,310.0,7569.0
2021-10-01,76930.0,3214.0,429.0,7706.0
2021-10-02,76596.0,3619.0,472.0,7506.0
2021-10-03,75635.0,3564.0,294.0,7352.0
2021-10-04,76852.0,3225.0,132.0,7565.0
2021-10-05,75395.0,3193.0,174.0,7428.0
2021-10-06,76849.0,2998.0,179.0,7312.0
2021-10-07,82773.0,3158.0,178.0,7268.0
2021-10-08,59336.0,3301.0,169.0,7525.0
2021-10-09,47180.0,3795.0,168.0,7591.0
2021-10-10,43502.0,3837.0,253.0,7512.0
2021-10-11,68893.0,3794.0,319.0,7641.0
2021-10-12,76520.0,3775.0,359.0,7114.0
2021-10-13,73530.0,3603.0,359.0,6701.0
2021-10-14,77276.0,3676.0,358.0,6374.0
2021-10-15,79806.0,3757.0,383.0,6851.0
2021-10-16,81039.0,3991.0,496.0,7097.0
2021-10-17,81230.0,3906.0,473.0,7438.0
2021-10-18,80693.0,3802.0,421.0,7380.0
2021-10-19,79772.0,4508.0,458.0,6953.0
2021-10-20,75622.0,3900.0,468.0,7387.0
2021-10-21,60265.0,3795.0,485.0,7285.0
2021-10-22,57250.0,3881.0,606.0,7377.0
2021-10-23,77399.0,4272.0,639.0,7603.0
2021-10-24,55572.0,4119.0,664.0,7607.0
2021-10-25,75420.0,3995.0,639.0,7576.0
2021-10-26,73883.0,3757.0,650.0,7522.0
2021-10-27,81491.0,3979.0,889.0,7556.0
2021-10-28,84752.0,4002.0,631.0,7095.0
2021-10-29,78854.0,4286.0,624.0,7197.0
2021-10-30,78562.0,4218.0,838.0,7129.0
2021-10-31,65707.0,4128.0,944.0,7059.0
2021-11-01,90413.0,6126.0,881.0,7055.0
2021-11-02,88117.0,5587.0,857.0,7044.0
2021-11-03,87637.0,5137.0,863.0,6972.0
2021-11-04,83588.0,5296.0,860.0,6914.0
2021-11-05,85984.0,5924.0,846.0,6886.0
2021-11-06,84192.0,6095.0,888.0,6850.0
2021-11-07,85958.0,6168.0,893.0,6123.0
2021-11-08,86114.0,6103.0,571.0,5812.0
2021-11-09,87252.0,6059.0,544.0,5534.0
2021-11-10,79798.0,6154.0,681.0,5558.0
2021-11-11,88033.0,6113.0,730.0,5449.0
2021-11-12,87988.0,6009.0,706.0,6164.0
2021-11-13,86204.0,6024.0,709.0,5500.0
2021-11-14,80425.0,6078.0,873.0,5216.0
2021-11-15,54255.0,6270.0,774.0,5239.0
2021-11-16,53889.0,5986.0,839.0,5216.0
2021-11-17,72268.0,6048.0,791.0,5322.0
2021-11-18,80563.0,5877.0,784.0,5704.0
2021-11-19,81875.0,5971.0,803.0,5842.0
2021-11-20,86186.0,6059.0,890.0,5962.0
2021-11-21,86032.0,5905.0,849.0,5809.0
2021-11-22,83160.0,5380.0,817.0,5686.0
2021-11-23,86158.0,5147.0,838.0,5451.0
2021-11-24,87648.0,5283.0,794.0,5196.0
2021-11-25,86631.0,5829.0,767.0,5232.0
2021-11-26,86710.0,5807.0,773.0,5134.0
2021-11-27,86063.0,5407.0,860.0,5495.0
2021-11-28,87578.0,5491.0,850.0,5897.0
2021-11-29,87972.0,5515.0,791.0,5880.0
2021-11-30,82279.0,5395.0,770.0,6124.0
2021-12-01,80990.0,5139.0,655.0,5983.0
2021-12-02,77137.0,5057.0,645.0,6349.0
2021-12-03,82376.0,5004.0,664.0,6267.0
2021-12-04,84565.0,5208.0,757.0,6229.0
2021-12-05,84751.0,5282.0,763.0,5881.0
2021-12-06,85066.0,5253.0,777.0,6253.0
2021-12-07,82153.0,5353.0,763.0,6289.0
2021-12-08,81045.0,5318.0,771.0,6203.0
2021-12-09,84103.0,5283.0,718.0,6077.0
2021-12-10,82837.0,4974.0,709.0,6212.0
2021-12-11,78975.0,4976.0,747.0,6409.0
2021-12-12,81064.0,5242.0,741.0,6619.0
2021-12-13,82360.0,5076.0,713.0,6562.0
2021-12-14,80642.0,4785.0,474.0,6510.0
2021-12-15,77899.0,4738.0,722.0,6594.0
2021-12-16,78209.0,4933.0,772.0,5823.0
2021-12-17,83607.0,5258.0,776.0,7432.0
2021-12-18,83117.0,5373.0,757.0,7497.0
2021-12-19,82599.0,5425.0,752.0,7443.0
2021-12-20,83462.0,5296.0,552.0,7645.0
2021-12-21,72169.0,4760.0,529.0,7817.0
2021-12-22,76581.0,4853.0,722.0,7024.0
2021-12-23,77832.0,5033.0,796.0,6816.0
2021-12-24,79935.0,5072.0,830.0,6771.0
2021-12-25,79195.0,4999.0,849.0,6716.0
2021-12-26,78286.0,5042.0,818.0,6884.0
2021-12-27,78500.0,4885.0,550.0,6865.0
2021-12-28,77145.0,4954.0,702.0,6682.0
2021-12-29,81196.0,5013.0,756.0,6514.0
2021-12-30,80842.0,4884.0,726.0,6563.0
2021-12-31,80258.0,5589.0,751.0,6599.0
2022-01-01,81592.0,5999.0,783.0,6160.0
2022-01-02,81681.0,5626.0,769.0,6509.0
2022-01-03,74888.0,5250.0,782.0,6742.0
2022-01-04,71234.0,4740.0,811.0,6890.0
2022-01-05,72153.0,4859.0,779.0,7127.0
2022-01-06,78976.0,5500.0,685.0,7254.0
2022-01-07,76411.0,5656.0,740.0,7102.0
2022-01-08,74689.0,5733.0,689.0,7427.0
2022-01-09,74002.0,5678.0,491.0,7323.0
2022-01-10,63274.0,5279.0,438.0,7330.0
2022-01-11,38269.0,5372.0,476.0,7317.0
2022-01-12,36741.0,5373.0,652.0,7033.0
2022-01-13,38394.0,6095.0,646.0,6809.0
2022-01-14,59451.0,5761.0,534.0,6810.0
2022-01-15,74206.0,5757.0,756.0,7019.0
2022-01-16,69268.0,5718.0,707.0,7382.0
2022-01-17,67152.0,5482.0,532.0,7350.0
2022-01-18,69315.0,5702.0,505.0,6975.0
2022-01-19,66126.0,4870.0,705.0,7006.0
2022-01-20,55123.0,5161.0,771.0,6847.0
2022-01-21,69109.0,5112.0,770.0,6951.0
2022-01-22,73136.0,5886.0,781.0,7413.0
2022-01-23,73192.0,5602.0,656.0,7577.0
2022-01-24,75641.0,5342.0,479.0,7603.0
2022-01-25,75458.0,5685.0,652.0,7437.0
2022-01-26,58722.0,5971.0,719.0,7476.0
2022-01-27,56507.0,6057.0,769.0,7681.0
2022-01-28,68598.0,5990.0,762.0,7490.0
2022-01-29,68962.0,5823.0,791.0,7586.0
2022-01-30,69216.0,5683.0,812.0,7728.0
2022-01-31,72095.0,5400.0,764.0,7691.0
2022-02-01,74189.0,5412.0,760.0,7543.0
2022-02-02,72292.0,5537.0,776.0,7880.0
2022-02-03,73171.0,5406.0,635.0,7494.0
2022-02-04,71504.0,5448.0,541.0,7359.0
2022-02-05,69098.0,5479.0,565.0,7425.0
2022-02-06,67625.0,5624.0,736.0,7360.0
2022-02-07,68730.0,5349.0,732.0,7388.0
2022-02-08,71117.0,5634.0,701.0,6333.0
2022-02-09,75658.0,5702.0,619.0,5769.0
2022-02-10,76995.0,5663.0,614.0,5838.0
2022-02-11,77110.0,5718.0,705.0,5224.0
2022-02-12,76708.0,5653.0,738.0,4453.0
2022-02-13,76763.0,5511.0,742.0,6219.0
2022-02-14,80749.0,5482.0,804.0,6584.0
2022-02-15,81653.0,5491.0,795.0,5131.0
2022-02-16,76728.0,5468.0,820.0,6351.0
2022-02-17,76333.0,5513.0,781.0,6546.0
2022-02-18,69758.0,5355.0,805.0,6620.0
2022-02-19,76060.0,5809.0,814.0,6550.0
2022-02-20,77304.0,5622.0,888.0,6535.0
2022-02-21,80597.0,5560.0,813.0,7503.0
2022-02-22,76338.0,5522.0,561.0,7631.0
2022-02-23,62407.0,5447.0,546.0,7323.0
2022-02-24,80602.0,5415.0,716.0,7811.0
2022-02-25,79741.0,5138.0,787.0,7829.0
2022-02-26,80202.0,5513.0,645.0,6315.0
2022-02-27,80751.0,5586.0,553.0,7595.0
2022-02-28,78775.0,5587.0,407.0,7698.0
2022-03-01,74284.0,5832.0,771.0,7536.0
2022-03-02,78574.0,5857.0,785.0,7763.0
2022-03-03,83922.0,5902.0,790.0,7583.0
2022-03-04,86414.0,6044.0,813.0,7749.0
2022-03-05,87434.0,5970.0,667.0,7819.0
2022-03-06,86473.0,5925.0,456.0,7977.0
2022-03-07,80128.0,5690.0,452.0,7921.0
2022-03-08,76883.0,5135.0,620.0,7098.0
