,DE_LU_BIO,FR_BIO,IT_NORD_BIO,ES_BIO
2019-01-01,468859.0,8449.0,4232.0,6863.0
2019-01-02,466502.0,8426.0,4350.0,6864.0
2019-01-03,467434.0,8425.0,4358.0,7582.0
2019-01-04,470234.0,8278.0,4451.0,7740.0
2019-01-05,468029.0,8234.0,4404.0,7772.0
2019-01-06,466283.0,8219.0,4203.0,7874.0
2019-01-07,467233.0,8282.0,4181.0,7813.0
2019-01-08,465537.0,8488.0,4469.0,7402.0
2019-01-09,468063.0,8475.0,4739.0,8517.0
2019-01-10,472335.0,8475.0,4635.0,8746.0
2019-01-11,475076.0,8455.0,4474.0,8834.0
2019-01-12,477261.0,8454.0,4744.0,8873.0
2019-01-13,475040.0,8466.0,4782.0,8023.0
2019-01-14,472290.0,8469.0,4664.0,8035.0
2019-01-15,471064.0,8517.0,4180.0,8781.0
2019-01-16,472618.0,8509.0,4278.0,8457.0
2019-01-17,472039.0,8493.0,4568.0,8295.0
2019-01-18,471407.0,8572.0,4834.0,8061.0
2019-01-19,475108.0,8459.0,4971.0,7451.0
2019-01-20,477769.0,8526.0,5019.0,7332.0
2019-01-21,476028.0,8551.0,4743.0,7760.0
2019-01-22,476476.0,8424.0,4253.0,8013.0
2019-01-23,475703.0,8473.0,4730.0,7571.0
2019-01-24,468129.0,8351.0,4839.0,8523.0
2019-01-25,474733.0,8296.0,4715.0,8688.0
2019-01-26,475292.0,8346.0,4698.0,8677.0
2019-01-27,473733.0,8500.0,4781.0,8727.0
2019-01-28,467137.0,8409.0,4718.0,9022.0
2019-01-29,467768.0,8083.0,4328.0,9085.0
2019-01-30,468852.0,7885.0,4635.0,9046.0
2019-01-31,471797.0,8157.0,4777.0,9124.0
2019-02-01,473294.0,8511.0,4740.0,8940.0
2019-02-02,472616.0,8325.0,4624.0,8759.0
2019-02-03,472910.0,8286.0,4714.0,8794.0
2019-02-04,470855.0,8351.0,4603.0,8713.0
2019-02-05,467768.0,8368.0,4526.0,8493.0
2019-02-06,468666.0,8369.0,4495.0,9025.0
2019-02-07,470983.0,8342.0,4598.0,8786.0
2019-02-08,472047.0,8338.0,4720.0,8940.0
2019-02-09,469418.0,8325.0,4567.0,8200.0
2019-02-10,471306.0,8104.0,4490.0,8048.0
2019-02-11,469767.0,8312.0,4698.0,8500.0
2019-02-12,472427.0,8472.0,4604.0,9107.0
2019-02-13,474586.0,8331.0,4508.0,9046.0
2019-02-14,474138.0,9204.0,4586.0,8851.0
2019-02-15,471107.0,9446.0,4671.0,9055.0
2019-02-16,476998.0,10837.0,4700.0,8864.0
2019-02-17,477085.0,13535.0,4729.0,8065.0
2019-02-18,472965.0,15169.0,4620.0,7551.0
2019-02-19,470323.0,10717.0,4543.0,8234.0
2019-02-20,468136.0,9068.0,4427.0,8675.0
2019-02-21,472091.0,12657.0,4557.0,8479.0
2019-02-22,473988.0,10776.0,4463.0,8306.0
2019-02-23,476160.0,8510.0,4688.0,8148.0
2019-02-24,473258.0,8497.0,4526.0,7992.0
2019-02-25,472368.0,8520.0,4664.0,8113.0
2019-02-26,470755.0,8520.0,4602.0,8253.0
2019-02-27,459827.0,8524.0,4588.0,8102.0
2019-02-28,464587.0,8236.0,4560.0,8363.0
2019-03-01,474581.0,7900.0,4473.0,7980.0
2019-03-02,475834.0,7881.0,4261.0,7653.0
2019-03-03,475726.0,7883.0,4443.0,7403.0
2019-03-04,469689.0,7828.0,4563.0,7394.0
2019-03-05,471291.0,7890.0,4575.0,7416.0
2019-03-06,467817.0,7953.0,4533.0,7488.0
2019-03-07,474712.0,8945.0,4544.0,8603.0
2019-03-08,475150.0,10767.0,4584.0,9175.0
2019-03-09,473982.0,9292.0,4300.0,9000.0
2019-03-10,470737.0,9382.0,4668.0,9132.0
2019-03-11,471290.0,9386.0,4558.0,9285.0
2019-03-12,471454.0,9348.0,4300.0,9240.0
2019-03-13,451874.0,8279.0,4614.0,9316.0
2019-03-14,443589.0,8246.0,4460.0,9392.0
2019-03-15,444610.0,8291.0,4558.0,9377.0
2019-03-16,443487.0,8238.0,4776.0,9352.0
2019-03-17,446068.0,8254.0,5016.0,8533.0
2019-03-18,442432.0,8255.0,4958.0,8571.0
2019-03-19,454377.0,8167.0,4740.0,8014.0
2019-03-20,474190.0,8072.0,4932.0,8017.0
2019-03-21,473361.0,8079.0,4964.0,8280.0
2019-03-22,473147.0,7872.0,4881.0,8225.0
2019-03-23,471694.0,7686.0,4950.0,8266.0
2019-03-24,471777.0,7404.0,4949.0,7879.0
2019-03-25,471433.0,7413.0,4796.0,7864.0
2019-03-26,473200.0,7469.0,4444.0,8144.0
2019-03-27,471405.0,7655.0,4734.0,8227.0
2019-03-28,460044.0,7693.0,4695.0,8029.0
2019-03-29,459308.0,7615.0,4905.0,7293.0
2019-03-30,469097.0,7708.0,4831.0,7098.0
2019-03-31,468458.0,7223.0,4824.0,6831.0
2019-04-01,466296.0,7728.0,4841.0,6743.0
2019-04-02,467568.0,7701.0,4770.0,6797.0
2019-04-03,468958.0,7739.0,4800.0,6363.0
2019-04-04,470682.0,7792.0,4479.0,6958.0
2019-04-05,469235.0,8057.0,4277.0,6992.0
2019-04-06,469439.0,8112.0,4271.0,6918.0
2019-04-07,461971.0,7987.0,4029.0,6786.0
2019-04-08,434384.0,7981.0,3972.0,7259.0
2019-04-09,432054.0,8025.0,3973.0,6077.0
2019-04-10,437036.0,8000.0,4044.0,5079.0
2019-04-11,436230.0,8021.0,3956.0,5080.0
2019-04-12,440060.0,8017.0,4157.0,6007.0
2019-04-13,468179.0,8024.0,4430.0,6080.0
2019-04-14,465468.0,8034.0,4033.0,5291.0
2019-04-15,455287.0,7357.0,3865.0,5413.0
2019-04-16,463232.0,8038.0,4165.0,5470.0
2019-04-17,468959.0,8009.0,4423.0,5430.0
2019-04-18,468487.0,8028.0,4293.0,5622.0
2019-04-19,466704.0,7995.0,4066.0,6094.0
2019-04-20,466582.0,8007.0,3734.0,5758.0
2019-04-21,464938.0,7993.0,3803.0,5392.0
2019-04-22,461757.0,8012.0,3862.0,4914.0
2019-04-23,465036.0,8038.0,3810.0,4625.0
2019-04-24,462102.0,8040.0,3809.0,4267.0
2019-04-25,461222.0,8066.0,3817.0,4098.0
2019-04-26,466104.0,8057.0,4302.0,4496.0
2019-04-27,472973.0,8011.0,4482.0,3741.0
2019-04-28,473175.0,8043.0,4121.0,3636.0
2019-04-29,465879.0,8063.0,3655.0,4808.0
2019-04-30,470285.0,7722.0,3625.0,5838.0
2019-05-01,472750.0,7725.0,3685.0,6015.0
2019-05-02,469082.0,7651.0,3648.0,5922.0
2019-05-03,462921.0,7711.0,3850.0,6046.0
2019-05-04,462368.0,7696.0,3777.0,6122.0
2019-05-05,468477.0,7587.0,3903.0,6040.0
2019-05-06,463292.0,7602.0,3815.0,6184.0
2019-05-07,466182.0,7668.0,4018.0,6431.0
2019-05-08,464883.0,7674.0,3940.0,6276.0
2019-05-09,450283.0,7625.0,4071.0,6632.0
2019-05-10,466627.0,7590.0,3960.0,6786.0
2019-05-11,467259.0,7590.0,3622.0,6954.0
2019-05-12,466987.0,7578.0,3575.0,6823.0
2019-05-13,464209.0,7405.0,3009.0,7343.0
2019-05-14,463804.0,7079.0,3511.0,7738.0
2019-05-15,461957.0,6950.0,3759.0,8013.0
2019-05-16,461231.0,7250.0,3743.0,8237.0
2019-05-17,462743.0,7274.0,3863.0,8351.0
2019-05-18,462346.0,7238.0,3742.0,8226.0
2019-05-19,459610.0,7267.0,3583.0,8312.0
2019-05-20,460325.0,7263.0,3554.0,8122.0
2019-05-21,460958.0,7256.0,3243.0,8046.0
2019-05-22,462022.0,7272.0,3631.0,8277.0
2019-05-23,459324.0,7429.0,3730.0,7280.0
2019-05-24,458247.0,7487.0,3662.0,7446.0
2019-05-25,462745.0,7541.0,3928.0,8007.0
2019-05-26,460303.0,7582.0,4088.0,8009.0
2019-05-27,456743.0,7586.0,3689.0,8159.0
2019-05-28,446426.0,7544.0,3746.0,7815.0
2019-05-29,427761.0,7570.0,3930.0,7892.0
2019-05-30,456061.0,7611.0,3764.0,7503.0
2019-05-31,455767.0,7514.0,3570.0,7626.0
2019-06-01,453600.0,7433.0,4054.0,7651.0
2019-06-02,445282.0,7179.0,4291.0,7532.0
2019-06-03,441638.0,7289.0,4124.0,7318.0
2019-06-04,446646.0,7455.0,4187.0,7536.0
2019-06-05,438861.0,7467.0,3932.0,7611.0
2019-06-06,447336.0,7427.0,4000.0,7832.0
2019-06-07,451473.0,8209.0,3966.0,7913.0
2019-06-08,451260.0,9548.0,4312.0,7939.0
2019-06-09,452930.0,9718.0,4260.0,7685.0
2019-06-10,448398.0,9494.0,4055.0,7132.0
2019-06-11,448704.0,7043.0,4037.0,6318.0
2019-06-12,447900.0,7256.0,4015.0,7075.0
2019-06-13,450875.0,9673.0,4295.0,7408.0
2019-06-14,450573.0,9341.0,4219.0,7825.0
2019-06-15,447816.0,9717.0,3828.0,7664.0
2019-06-16,452644.0,9481.0,3690.0,7560.0
2019-06-17,448548.0,8975.0,3901.0,7236.0
2019-06-18,445183.0,9493.0,4258.0,7407.0
2019-06-19,439563.0,8911.0,4230.0,7427.0
2019-06-20,445910.0,7028.0,4136.0,7936.0
2019-06-21,449488.0,7250.0,4548.0,8310.0
2019-06-22,450727.0,9709.0,4503.0,8139.0
2019-06-23,450090.0,9784.0,4545.0,7897.0
2019-06-24,444281.0,11749.0,4400.0,7520.0
2019-06-25,439151.0,10618.0,4424.0,6327.0
2019-06-26,423344.0,9914.0,3750.0,7574.0
2019-06-27,424599.0,7444.0,3871.0,8670.0
2019-06-28,451599.0,7110.0,4346.0,8879.0
2019-06-29,451447.0,7015.0,4351.0,9073.0
2019-06-30,437723.0,6525.0,4368.0,9168.0
2019-07-01,440933.0,6830.0,4153.0,9016.0
2019-07-02,430170.0,6844.0,4161.0,9299.0
2019-07-03,452375.0,6850.0,3968.0,9309.0
2019-07-04,452884.0,7264.0,3784.0,9385.0
2019-07-05,451302.0,7255.0,3982.0,9585.0
2019-07-06,449068.0,7248.0,3614.0,9740.0
2019-07-07,451427.0,7163.0,3497.0,9689.0
2019-07-08,445497.0,7320.0,3286.0,9449.0
2019-07-09,417309.0,7383.0,3399.0,9397.0
2019-07-10,418482.0,7411.0,3807.0,9485.0
2019-07-11,439054.0,7446.0,4235.0,9623.0
2019-07-12,422884.0,7453.0,4433.0,9576.0
2019-07-13,424116.0,7452.0,4635.0,9476.0
2019-07-14,426345.0,7460.0,4454.0,9263.0
2019-07-15,425339.0,7412.0,3613.0,8987.0
2019-07-16,420768.0,7434.0,3831.0,9248.0
2019-07-17,419111.0,7384.0,4457.0,9110.0
2019-07-18,418486.0,7488.0,4702.0,9271.0
2019-07-19,417223.0,7744.0,4664.0,9091.0
2019-07-20,413512.0,7898.0,4305.0,8696.0
2019-07-21,414976.0,7870.0,5063.0,8771.0
2019-07-22,413109.0,7847.0,4822.0,8170.0
2019-07-23,409375.0,7690.0,4887.0,6909.0
2019-07-24,400429.0,7511.0,5088.0,6886.0
2019-07-25,405078.0,5903.0,4791.0,7817.0
2019-07-26,407038.0,7912.0,4716.0,8523.0
2019-07-27,404759.0,10216.0,4598.0,8593.0
2019-07-28,411548.0,10284.0,4786.0,8727.0
2019-07-29,412325.0,10188.0,5170.0,8266.0
2019-07-30,413053.0,7755.0,4967.0,8170.0
2019-07-31,413250.0,7470.0,4992.0,8759.0
2019-08-01,411690.0,7752.0,4806.0,9030.0
2019-08-02,413960.0,7960.0,4977.0,8969.0
2019-08-03,416807.0,7979.0,4841.0,9083.0
2019-08-04,414512.0,7896.0,5314.0,9273.0
2019-08-05,413444.0,7871.0,4906.0,8729.0
2019-08-06,411612.0,7888.0,4926.0,8660.0
2019-08-07,409353.0,8206.0,4956.0,9051.0
2019-08-08,405909.0,10671.0,5384.0,8867.0
2019-08-09,400751.0,11371.0,5059.0,9183.0
2019-08-10,397393.0,10355.0,4976.0,9343.0
2019-08-11,401424.0,13418.0,5351.0,9257.0
2019-08-12,404861.0,13584.0,5299.0,7554.0
2019-08-13,406791.0,13772.0,4809.0,7820.0
2019-08-14,405636.0,13787.0,4883.0,8179.0
2019-08-15,401773.0,14307.0,4642.0,8902.0
2019-08-16,414437.0,14166.0,4905.0,9068.0
2019-08-17,433799.0,12444.0,4851.0,8912.0
2019-08-18,434367.0,13934.0,4756.0,8986.0
2019-08-19,433621.0,14223.0,4349.0,8946.0
2019-08-20,434590.0,14195.0,4509.0,8901.0
2019-08-21,435607.0,14155.0,5348.0,8141.0
2019-08-22,436896.0,14117.0,5440.0,8949.0
2019-08-23,435275.0,14164.0,5509.0,9328.0
2019-08-24,429911.0,14147.0,5321.0,9186.0
2019-08-25,423209.0,13537.0,4717.0,9120.0
2019-08-26,416831.0,10332.0,4880.0,8752.0
2019-08-27,416355.0,7836.0,4956.0,8625.0
2019-08-28,417681.0,8277.0,4816.0,8367.0
2019-08-29,417274.0,10650.0,5021.0,8272.0
2019-08-30,421862.0,10378.0,5217.0,9360.0
2019-08-31,407759.0,7850.0,5343.0,9115.0
2019-09-01,398517.0,7859.0,5539.0,9327.0
2019-09-02,410332.0,7879.0,5474.0,9125.0
2019-09-03,425349.0,8775.0,5030.0,8022.0
2019-09-04,421812.0,7936.0,4852.0,6322.0
2019-09-05,425168.0,7889.0,4866.0,6348.0
2019-09-06,436400.0,8077.0,4889.0,8774.0
2019-09-07,439273.0,10532.0,4875.0,9122.0
2019-09-08,439601.0,10424.0,4745.0,8271.0
2019-09-09,424283.0,11234.0,4023.0,8793.0
2019-09-10,419209.0,13632.0,4100.0,8859.0
2019-09-11,420007.0,13986.0,3992.0,8595.0
2019-09-12,420661.0,12826.0,4050.0,8600.0
2019-09-13,413853.0,10224.0,4243.0,8473.0
2019-09-14,410736.0,7887.0,4568.0,8478.0
2019-09-15,409733.0,7864.0,4630.0,7720.0
2019-09-16,406579.0,7903.0,4558.0,7533.0
2019-09-17,405060.0,7783.0,4435.0,7872.0
2019-09-18,416421.0,7736.0,4365.0,8486.0
2019-09-19,407962.0,7843.0,4609.0,8273.0
2019-09-20,399600.0,7878.0,4572.0,8225.0
2019-09-21,387794.0,7636.0,4742.0,8639.0
2019-09-22,399639.0,7861.0,5487.0,8851.0
2019-09-23,401334.0,7890.0,5325.0,8454.0
2019-09-24,398990.0,7877.0,5218.0,8708.0
2019-09-25,400229.0,7953.0,5253.0,8418.0
2019-09-26,404360.0,7908.0,5210.0,8367.0
2019-09-27,404486.0,7735.0,4898.0,8227.0
2019-09-28,404282.0,7846.0,5131.0,8514.0
2019-09-29,406564.0,8042.0,4986.0,8412.0
2019-09-30,404373.0,7821.0,4559.0,8439.0
2019-10-01,408696.0,7505.0,4742.0,8066.0
2019-10-02,409327.0,7547.0,5241.0,7531.0
2019-10-03,428613.0,7410.0,5279.0,8347.0
2019-10-04,431260.0,7299.0,4980.0,8138.0
2019-10-05,445891.0,7312.0,5062.0,6639.0
2019-10-06,444814.0,7297.0,4973.0,7792.0
2019-10-07,427250.0,7033.0,4749.0,8080.0
2019-10-08,429394.0,6928.0,4768.0,8291.0
2019-10-09,445759.0,7145.0,5123.0,8276.0
2019-10-10,435644.0,7444.0,5003.0,8724.0
2019-10-11,453649.0,7635.0,4787.0,9013.0
2019-10-12,454719.0,7667.0,5020.0,8869.0
2019-10-13,453007.0,7663.0,4939.0,8433.0
2019-10-14,454953.0,7656.0,4524.0,8254.0
2019-10-15,455560.0,7665.0,4535.0,8319.0
2019-10-16,459324.0,7683.0,4689.0,8506.0
2019-10-17,458408.0,7627.0,4697.0,8498.0
2019-10-18,457983.0,7649.0,4758.0,8436.0
2019-10-19,459925.0,7623.0,4948.0,8161.0
2019-10-20,459523.0,7737.0,5033.0,8119.0
2019-10-21,455585.0,7657.0,4913.0,8310.0
2019-10-22,459080.0,7831.0,4531.0,8079.0
2019-10-23,463386.0,7806.0,4148.0,7998.0
2019-10-24,465144.0,7718.0,4427.0,7832.0
2019-10-25,465176.0,7880.0,4554.0,8285.0
2019-10-26,463997.0,7916.0,5224.0,7972.0
2019-10-27,464116.0,7598.0,5261.0,7783.0
2019-10-28,460686.0,7947.0,4875.0,8185.0
2019-10-29,462447.0,7995.0,5031.0,8129.0
2019-10-30,461932.0,8025.0,4779.0,7900.0
2019-10-31,465263.0,8036.0,4562.0,7936.0
2019-11-01,456375.0,7970.0,4677.0,8188.0
2019-11-02,454932.0,7912.0,4475.0,8318.0
2019-11-03,440870.0,7801.0,4485.0,7541.0
2019-11-04,427296.0,7825.0,3753.0,8254.0
2019-11-05,427644.0,7642.0,3875.0,8634.0
2019-11-06,430229.0,7110.0,4242.0,8975.0
2019-11-07,430164.0,7373.0,4155.0,8846.0
2019-11-08,432053.0,7468.0,4449.0,8800.0
2019-11-09,436828.0,7743.0,4822.0,9025.0
2019-11-10,459937.0,7968.0,4970.0,8282.0
2019-11-11,458391.0,7905.0,4403.0,8883.0
2019-11-12,446216.0,7625.0,4165.0,8592.0
2019-11-13,447350.0,7934.0,3578.0,8370.0
2019-11-14,449399.0,7920.0,3745.0,8666.0
2019-11-15,449937.0,7824.0,3454.0,8734.0
2019-11-16,455864.0,7910.0,4382.0,8351.0
2019-11-17,463482.0,7892.0,4688.0,8701.0
2019-11-18,460856.0,7855.0,4715.0,8818.0
2019-11-19,456269.0,7864.0,4711.0,9022.0
2019-11-20,463417.0,7957.0,4569.0,9318.0
2019-11-21,461926.0,7979.0,4826.0,9181.0
2019-11-22,461860.0,7879.0,5068.0,7900.0
2019-11-23,463571.0,7902.0,5140.0,5821.0
2019-11-24,462812.0,7862.0,5092.0,5789.0
2019-11-25,461074.0,7567.0,4788.0,7091.0
2019-11-26,460577.0,7865.0,4679.0,8294.0
2019-11-27,460441.0,7880.0,3959.0,8493.0
2019-11-28,459253.0,7859.0,4114.0,8696.0
2019-11-29,461297.0,7879.0,4557.0,8752.0
2019-11-30,462590.0,7884.0,4613.0,8418.0
2019-12-01,464136.0,7729.0,4645.0,8278.0
2019-12-02,461145.0,7734.0,4130.0,8255.0
2019-12-03,463032.0,7882.0,4322.0,8514.0
2019-12-04,462547.0,7881.0,4406.0,8044.0
2019-12-05,462481.0,8013.0,4366.0,8313.0
2019-12-06,461599.0,8056.0,4490.0,8930.0
2019-12-07,463948.0,7977.0,4546.0,9151.0
2019-12-08,463966.0,7970.0,4488.0,9059.0
2019-12-09,461052.0,7966.0,4088.0,9026.0
2019-12-10,459625.0,8057.0,3847.0,8450.0
2019-12-11,459795.0,7895.0,3842.0,8292.0
2019-12-12,458601.0,7622.0,3593.0,7441.0
2019-12-13,464745.0,7735.0,3856.0,7684.0
2019-12-14,466520.0,7855.0,3748.0,8124.0
2019-12-15,464967.0,7999.0,3598.0,8644.0
2019-12-16,459507.0,8205.0,3564.0,9076.0
2019-12-17,461768.0,7977.0,3804.0,9185.0
2019-12-18,464121.0,8144.0,3720.0,8804.0
2019-12-19,467523.0,7911.0,3553.0,5647.0
2019-12-20,471093.0,8376.0,3495.0,6298.0
2019-12-21,472004.0,8422.0,3543.0,7061.0
2019-12-22,471016.0,7959.0,3437.0,7105.0
2019-12-23,468906.0,7844.0,3523.0,7475.0
2019-12-24,467546.0,8225.0,3706.0,5836.0
2019-12-25,466509.0,8119.0,4051.0,7224.0
2019-12-26,467246.0,8148.0,4003.0,7155.0
2019-12-27,465489.0,8196.0,3458.0,7360.0
2019-12-28,462750.0,8271.0,3860.0,7279.0
2019-12-29,467859.0,8247.0,4269.0,6727.0
2019-12-30,467515.0,8223.0,4285.0,6670.0
2019-12-31,469007.0,8320.0,4202.0,6755.0
2020-01-01,466593.0,8323.0,3962.0,6374.0
2020-01-02,464514.0,8211.0,3998.0,6458.0
2020-01-03,466672.0,7936.0,4058.0,6960.0
2020-01-04,468331.0,7964.0,4255.0,7569.0
2020-01-05,463899.0,7941.0,4201.0,8166.0
2020-01-06,465363.0,7984.0,3879.0,8883.0
2020-01-07,463779.0,7982.0,3461.0,9129.0
2020-01-08,464307.0,8183.0,3553.0,9693.0
2020-01-09,465610.0,8530.0,3780.0,9557.0
2020-01-10,467389.0,8242.0,3957.0,9049.0
2020-01-11,470601.0,8148.0,4036.0,9564.0
2020-01-12,460127.0,7737.0,3976.0,9355.0
2020-01-13,457100.0,7637.0,3805.0,9613.0
2020-01-14,456215.0,7820.0,3802.0,10278.0
2020-01-15,454331.0,7801.0,3852.0,10354.0
2020-01-16,453854.0,7800.0,3901.0,10518.0
2020-01-17,457175.0,7765.0,3945.0,10485.0
2020-01-18,462206.0,7757.0,3956.0,10794.0
2020-01-19,467658.0,7756.0,3854.0,10135.0
2020-01-20,470603.0,7748.0,3611.0,10016.0
2020-01-21,469502.0,7806.0,3709.0,9962.0
2020-01-22,470934.0,7814.0,3966.0,9376.0
2020-01-23,469535.0,7648.0,4033.0,8630.0
2020-01-24,470714.0,7764.0,3995.0,8789.0
2020-01-25,472808.0,7776.0,3977.0,9043.0
2020-01-26,472569.0,7995.0,4060.0,8970.0
2020-01-27,470549.0,7998.0,3848.0,8919.0
2020-01-28,465948.0,7828.0,4263.0,8788.0
2020-01-29,464878.0,7631.0,4329.0,9845.0
2020-01-30,467008.0,7170.0,4306.0,10651.0
2020-01-31,465442.0,7394.0,4262.0,9748.0
2020-02-01,468182.0,7884.0,4296.0,9628.0
2020-02-02,464049.0,7978.0,4028.0,9013.0
2020-02-03,461978.0,7995.0,3946.0,10161.0
2020-02-04,468326.0,7991.0,4188.0,10651.0
2020-02-05,468697.0,7805.0,3998.0,10554.0
2020-02-06,469572.0,8255.0,4001.0,11002.0
2020-02-07,468621.0,8350.0,4043.0,10418.0
2020-02-08,468233.0,8318.0,3992.0,10178.0
2020-02-09,466201.0,8376.0,4032.0,9556.0
2020-02-10,463416.0,8359.0,3761.0,9142.0
2020-02-11,466598.0,8019.0,3796.0,8850.0
2020-02-12,461546.0,8094.0,3911.0,8167.0
2020-02-13,466274.0,8084.0,4129.0,8104.0
2020-02-14,466885.0,8056.0,4147.0,10524.0
2020-02-15,467987.0,8081.0,3971.0,10933.0
2020-02-16,468933.0,8243.0,4351.0,10070.0
2020-02-17,467232.0,8219.0,4082.0,9770.0
2020-02-18,466702.0,8438.0,3999.0,10318.0
2020-02-19,456455.0,8257.0,4140.0,9674.0
2020-02-20,464793.0,8352.0,4202.0,11201.0
2020-02-21,465287.0,8430.0,4296.0,12021.0
2020-02-22,467594.0,8428.0,4232.0,12013.0
2020-02-23,467406.0,8361.0,4098.0,11538.0
2020-02-24,467813.0,8434.0,4276.0,10464.0
2020-02-25,468860.0,8332.0,4226.0,10288.0
2020-02-26,468942.0,8319.0,4216.0,9562.0
2020-02-27,467146.0,7948.0,4215.0,9823.0
2020-02-28,463012.0,7729.0,4288.0,10078.0
2020-02-29,464935.0,7634.0,4325.0,9921.0
2020-03-01,463004.0,6918.0,4254.0,9628.0
2020-03-02,453153.0,7150.0,4092.0,8773.0
2020-03-03,449586.0,7609.0,3514.0,7458.0
2020-03-04,454658.0,7679.0,4254.0,7626.0
2020-03-05,463882.0,7939.0,3788.0,8645.0
2020-03-06,467170.0,7875.0,4244.0,9144.0
2020-03-07,467196.0,7738.0,4346.0,9360.0
2020-03-08,465578.0,7581.0,4287.0,9779.0
2020-03-09,464848.0,7558.0,4338.0,9410.0
2020-03-10,464968.0,8004.0,4686.0,10071.0
2020-03-11,463059.0,8007.0,4711.0,9021.0
2020-03-12,462935.0,8038.0,4606.0,8434.0
2020-03-13,435715.0,8073.0,4690.0,9625.0
2020-03-14,442727.0,7948.0,4205.0,10371.0
2020-03-15,462630.0,7785.0,4376.0,10008.0
2020-03-16,459335.0,7381.0,4237.0,10102.0
2020-03-17,457054.0,7545.0,4345.0,10420.0
2020-03-18,455247.0,7774.0,4813.0,9322.0
2020-03-19,457172.0,7967.0,4948.0,9406.0
2020-03-20,459468.0,8038.0,4846.0,9619.0
2020-03-21,451757.0,8035.0,4802.0,8627.0
2020-03-22,460898.0,7984.0,4803.0,8246.0
2020-03-23,456057.0,7969.0,4770.0,8284.0
2020-03-24,455906.0,7992.0,5358.0,8384.0
2020-03-25,455339.0,8023.0,5488.0,8670.0
2020-03-26,456017.0,7972.0,5243.0,9497.0
2020-03-27,458533.0,7992.0,5071.0,9880.0
2020-03-28,461747.0,7994.0,5076.0,10382.0
2020-03-29,461418.0,7673.0,5079.0,9806.0
2020-03-30,458863.0,8037.0,4974.0,10310.0
2020-03-31,457628.0,8012.0,5049.0,9568.0
2020-04-01,458629.0,7996.0,4905.0,8898.0
2020-04-02,459420.0,7993.0,4740.0,6846.0
2020-04-03,460179.0,7998.0,3876.0,7751.0
2020-04-04,461235.0,7997.0,3836.0,9160.0
2020-04-05,459202.0,8005.0,4805.0,8169.0
2020-04-06,459654.0,7978.0,4836.0,8504.0
2020-04-07,453534.0,7541.0,5049.0,8824.0
2020-04-08,446263.0,7935.0,5038.0,6934.0
2020-04-09,456577.0,8005.0,4898.0,9617.0
2020-04-10,455191.0,7988.0,4867.0,9344.0
2020-04-11,455868.0,8020.0,3982.0,9303.0
2020-04-12,455223.0,7973.0,4594.0,8935.0
2020-04-13,450534.0,8031.0,4984.0,9151.0
2020-04-14,449047.0,7764.0,4962.0,9026.0
2020-04-15,445760.0,7738.0,5042.0,8713.0
2020-04-16,441187.0,7809.0,4985.0,8494.0
2020-04-17,442972.0,8026.0,4979.0,8291.0
2020-04-18,443451.0,7999.0,4824.0,9034.0
2020-04-19,442001.0,8001.0,4599.0,8878.0
2020-04-20,438947.0,8012.0,4308.0,8262.0
2020-04-21,440350.0,8025.0,4291.0,8522.0
2020-04-22,453758.0,8018.0,4267.0,8990.0
2020-04-23,451754.0,8001.0,4604.0,9892.0
2020-04-24,449622.0,8005.0,4559.0,10105.0
2020-04-25,456065.0,8056.0,4602.0,10464.0
2020-04-26,458694.0,8049.0,4505.0,10470.0
2020-04-27,452361.0,8015.0,4364.0,10265.0
2020-04-28,442302.0,8078.0,4369.0,10211.0
2020-04-29,445041.0,7931.0,4446.0,8903.0
2020-04-30,454346.0,7776.0,4542.0,9887.0
2020-05-01,456526.0,7974.0,4558.0,10180.0
2020-05-02,456240.0,7941.0,4624.0,9872.0
2020-05-03,456433.0,7956.0,4672.0,9324.0
2020-05-04,454313.0,8050.0,4644.0,9088.0
2020-05-05,455756.0,8119.0,4151.0,10558.0
2020-05-06,456742.0,8040.0,4553.0,10939.0
2020-05-07,457879.0,8110.0,4521.0,10963.0
2020-05-08,455952.0,8098.0,4439.0,10861.0
2020-05-09,456541.0,8076.0,4361.0,10545.0
2020-05-10,456117.0,8027.0,4401.0,10506.0
2020-05-11,454852.0,7997.0,4592.0,9417.0
2020-05-12,455048.0,8074.0,4949.0,10539.0
2020-05-13,456212.0,8041.0,4937.0,10358.0
2020-05-14,456444.0,8062.0,4976.0,10883.0
2020-05-15,455482.0,8065.0,5054.0,10666.0
2020-05-16,456097.0,8072.0,5207.0,10397.0
2020-05-17,454703.0,8054.0,5155.0,10619.0
2020-05-18,447102.0,8065.0,4875.0,11750.0
2020-05-19,447005.0,7711.0,4655.0,11984.0
2020-05-20,446514.0,7806.0,4865.0,11632.0
2020-05-21,452890.0,8055.0,5047.0,10650.0
2020-05-22,450386.0,7912.0,5012.0,6501.0
2020-05-23,454073.0,7757.0,4754.0,6372.0
2020-05-24,454758.0,7748.0,4862.0,6076.0
2020-05-25,454912.0,7606.0,4616.0,10090.0
2020-05-26,452452.0,7587.0,4329.0,12578.0
2020-05-27,450773.0,7537.0,4495.0,12571.0
2020-05-28,451766.0,7513.0,4741.0,12324.0
2020-05-29,453002.0,7492.0,4612.0,8225.0
2020-05-30,451266.0,7514.0,4385.0,6591.0
2020-05-31,448346.0,7587.0,4004.0,6389.0
2020-06-01,445730.0,7729.0,3954.0,6848.0
2020-06-02,442152.0,7633.0,3920.0,8167.0
2020-06-03,444313.0,7530.0,3974.0,9912.0
2020-06-04,446754.0,7977.0,4121.0,10883.0
2020-06-05,450139.0,8131.0,4044.0,10995.0
2020-06-06,437207.0,8035.0,4336.0,11049.0
2020-06-07,422297.0,8073.0,4579.0,11416.0
2020-06-08,420331.0,7911.0,4700.0,11471.0
2020-06-09,418160.0,7656.0,4874.0,11102.0
2020-06-10,418071.0,7638.0,4855.0,11954.0
2020-06-11,415520.0,7719.0,4839.0,11406.0
2020-06-12,414013.0,8445.0,4732.0,11821.0
2020-06-13,413276.0,8414.0,4502.0,12435.0
2020-06-14,416562.0,8316.0,4669.0,11652.0
2020-06-15,402023.0,8177.0,4584.0,11139.0
2020-06-16,392529.0,7832.0,4251.0,11749.0
2020-06-17,405852.0,7754.0,4089.0,11656.0
2020-06-18,428501.0,8243.0,4098.0,12012.0
2020-06-19,426138.0,8196.0,3970.0,11956.0
2020-06-20,424986.0,8180.0,4148.0,11463.0
2020-06-21,424757.0,7836.0,3980.0,10834.0
2020-06-22,423838.0,8187.0,3964.0,9987.0
2020-06-23,425524.0,8148.0,3978.0,9164.0
2020-06-24,427923.0,8131.0,4505.0,9318.0
2020-06-25,429210.0,8152.0,4410.0,9641.0
2020-06-26,429702.0,8143.0,4316.0,11823.0
2020-06-27,430505.0,8130.0,4577.0,12904.0
2020-06-28,432670.0,8175.0,4603.0,12368.0
2020-06-29,431417.0,8132.0,4085.0,11836.0
2020-06-30,427804.0,8135.0,4052.0,10830.0
2020-07-01,423078.0,8127.0,3855.0,11783.0
2020-07-02,421932.0,8178.0,4462.0,11697.0
2020-07-03,428269.0,8175.0,5120.0,11234.0
2020-07-04,427896.0,8161.0,5008.0,10523.0
2020-07-05,428136.0,7829.0,4750.0,9869.0
2020-07-06,427811.0,7814.0,4377.0,9548.0
2020-07-07,425852.0,7860.0,4007.0,10114.0
2020-07-08,426778.0,8105.0,4022.0,10121.0
2020-07-09,423396.0,8317.0,3854.0,9267.0
2020-07-10,423084.0,8207.0,3939.0,10132.0
2020-07-11,426224.0,8218.0,4288.0,8969.0
2020-07-12,426126.0,8241.0,4578.0,9062.0
2020-07-13,426321.0,8239.0,4402.0,7998.0
2020-07-14,437637.0,8267.0,4526.0,9132.0
2020-07-15,439471.0,8242.0,4963.0,8452.0
2020-07-16,440028.0,8260.0,4986.0,7981.0
2020-07-17,439408.0,8275.0,4852.0,8508.0
2020-07-18,433961.0,8258.0,5155.0,8791.0
2020-07-19,428241.0,8249.0,5123.0,8507.0
2020-07-20,423751.0,8251.0,4633.0,9036.0
2020-07-21,426054.0,8290.0,4599.0,8997.0
2020-07-22,427385.0,8308.0,4672.0,8265.0
2020-07-23,429635.0,8272.0,4653.0,9179.0
2020-07-24,429118.0,8279.0,4924.0,9235.0
2020-07-25,424741.0,8299.0,5169.0,10026.0
2020-07-26,423583.0,8300.0,5305.0,10138.0
2020-07-27,421403.0,8309.0,5202.0,10058.0
2020-07-28,419583.0,8215.0,5185.0,10026.0
2020-07-29,419975.0,8175.0,5376.0,10384.0
2020-07-30,419598.0,7994.0,4890.0,9356.0
2020-07-31,413015.0,7893.0,4322.0,9923.0
2020-08-01,416892.0,7810.0,4557.0,10138.0
2020-08-02,416720.0,7788.0,4536.0,8849.0
2020-08-03,420345.0,7847.0,4481.0,9432.0
2020-08-04,421709.0,7563.0,4349.0,9676.0
2020-08-05,420544.0,7627.0,4351.0,9794.0
2020-08-06,420349.0,7796.0,4272.0,10442.0
2020-08-07,416771.0,7136.0,4539.0,10328.0
2020-08-08,413414.0,6957.0,4634.0,10506.0
2020-08-09,414477.0,7029.0,4908.0,10974.0
2020-08-10,414072.0,7093.0,4841.0,11450.0
2020-08-11,415121.0,7574.0,4717.0,11210.0
2020-08-12,419319.0,7608.0,4986.0,10850.0
2020-08-13,424859.0,7582.0,4806.0,10785.0
2020-08-14,418540.0,7588.0,4628.0,11111.0
2020-08-15,419789.0,7602.0,4696.0,11196.0
2020-08-16,420325.0,7413.0,4951.0,10871.0
2020-08-17,421855.0,7014.0,5055.0,10896.0
2020-08-18,422730.0,7425.0,5019.0,11492.0
2020-08-19,417364.0,7580.0,4862.0,10839.0
2020-08-20,411712.0,7625.0,4943.0,11074.0
2020-08-21,412434.0,7626.0,4912.0,10566.0
2020-08-22,418044.0,7573.0,4755.0,11494.0
2020-08-23,423120.0,7627.0,4926.0,8288.0
2020-08-24,423092.0,7622.0,4594.0,9044.0
2020-08-25,421508.0,7630.0,4322.0,10642.0
2020-08-26,420439.0,7609.0,4756.0,11123.0
2020-08-27,421016.0,7610.0,5369.0,10035.0
2020-08-28,422736.0,7631.0,5417.0,8877.0
2020-08-29,419669.0,7653.0,5478.0,8942.0
2020-08-30,420500.0,7656.0,5391.0,9046.0
2020-08-31,416881.0,7566.0,5374.0,8523.0
2020-09-01,418718.0,7450.0,5662.0,8612.0
2020-09-02,420040.0,7331.0,5232.0,9079.0
2020-09-03,420553.0,7289.0,4796.0,9161.0
2020-09-04,419063.0,7261.0,4731.0,11409.0
2020-09-05,422259.0,7150.0,4771.0,11256.0
2020-09-06,422572.0,7205.0,5117.0,10466.0
2020-09-07,421556.0,7179.0,5316.0,11406.0
2020-09-08,421649.0,7201.0,5367.0,11265.0
2020-09-09,420300.0,7115.0,5317.0,11146.0
2020-09-10,421360.0,7277.0,5245.0,11047.0
2020-09-11,422097.0,7198.0,5235.0,11209.0
2020-09-12,422633.0,7169.0,5363.0,12079.0
2020-09-13,422226.0,7145.0,5382.0,13308.0
2020-09-14,417422.0,7168.0,5316.0,13601.0
2020-09-15,416106.0,7569.0,5483.0,13748.0
2020-09-16,416555.0,7606.0,4904.0,13706.0
2020-09-17,419836.0,7028.0,5218.0,13821.0
2020-09-18,423866.0,7434.0,5261.0,12455.0
2020-09-19,425803.0,7597.0,5331.0,13970.0
2020-09-20,425677.0,7599.0,5413.0,13215.0
2020-09-21,417963.0,7571.0,5264.0,12233.0
2020-09-22,413475.0,7600.0,5310.0,11936.0
2020-09-23,419688.0,7585.0,5198.0,12390.0
2020-09-24,417979.0,7587.0,4986.0,11183.0
2020-09-25,420366.0,7593.0,4710.0,11427.0
2020-09-26,419306.0,8242.0,4211.0,12657.0
2020-09-27,396369.0,10728.0,4654.0,11483.0
2020-09-28,395875.0,10749.0,4829.0,10968.0
2020-09-29,411131.0,10607.0,4678.0,10143.0
2020-09-30,418583.0,10677.0,4642.0,10349.0
2020-10-01,417647.0,10253.0,4781.0,11299.0
2020-10-02,421271.0,7673.0,4665.0,11220.0
2020-10-03,421046.0,7397.0,4913.0,11714.0
2020-10-04,423684.0,7412.0,5274.0,10693.0
2020-10-05,423364.0,7417.0,4827.0,11293.0
2020-10-06,423118.0,7870.0,4077.0,11640.0
2020-10-07,423189.0,7871.0,3748.0,11459.0
2020-10-08,423706.0,7750.0,4518.0,11437.0
2020-10-09,420165.0,7787.0,5179.0,13110.0
2020-10-10,413183.0,7804.0,5317.0,12884.0
2020-10-11,418186.0,7841.0,5275.0,13084.0
2020-10-12,428068.0,7941.0,5465.0,13327.0
2020-10-13,435520.0,8193.0,5532.0,12855.0
2020-10-14,437779.0,6836.0,5460.0,12351.0
2020-10-15,435630.0,5504.0,5400.0,12281.0
2020-10-16,439433.0,5593.0,5608.0,12897.0
2020-10-17,440325.0,5610.0,5703.0,13400.0
2020-10-18,441631.0,5608.0,5708.0,13905.0
2020-10-19,437817.0,5625.0,5658.0,12663.0
2020-10-20,437078.0,5625.0,5686.0,11168.0
2020-10-21,440056.0,5669.0,5995.0,10315.0
2020-10-22,440081.0,5729.0,6215.0,11907.0
2020-10-23,442296.0,5680.0,5799.0,11771.0
2020-10-24,446002.0,5427.0,5757.0,11574.0
2020-10-25,446867.0,5474.0,6205.0,10535.0
2020-10-26,445499.0,7841.0,5699.0,11070.0
2020-10-27,444966.0,8439.0,5675.0,11437.0
2020-10-28,439772.0,8494.0,5761.0,11733.0
2020-10-29,442586.0,8480.0,6086.0,11375.0
2020-10-30,433948.0,8515.0,6119.0,11388.0
2020-10-31,420404.0,8447.0,6216.0,12001.0
2020-11-01,420033.0,8385.0,6362.0,11587.0
2020-11-02,415106.0,8588.0,5999.0,12159.0
2020-11-03,414878.0,8595.0,6383.0,11646.0
2020-11-04,418329.0,8645.0,6364.0,10572.0
2020-11-05,417466.0,8618.0,6187.0,8931.0
2020-11-06,430680.0,8613.0,6404.0,10986.0
2020-11-07,447844.0,8600.0,6116.0,12034.0
2020-11-08,449268.0,8596.0,6295.0,12243.0
2020-11-09,428814.0,8493.0,5653.0,11950.0
2020-11-10,446925.0,8591.0,5674.0,12053.0
2020-11-11,441016.0,8590.0,6030.0,11835.0
2020-11-12,433394.0,8559.0,5754.0,12067.0
2020-11-13,435749.0,8586.0,5854.0,11893.0
2020-11-14,437813.0,8592.0,5864.0,11874.0
2020-11-15,436413.0,8581.0,5384.0,10595.0
2020-11-16,436350.0,8634.0,4860.0,11115.0
2020-11-17,436865.0,8648.0,4662.0,11003.0
2020-11-18,419130.0,8591.0,4891.0,11516.0
2020-11-19,435511.0,8623.0,5028.0,11597.0
2020-11-20,435467.0,8243.0,4989.0,11758.0
2020-11-21,433206.0,8605.0,4917.0,12028.0
2020-11-22,434928.0,8617.0,5147.0,12267.0
2020-11-23,435710.0,8603.0,5391.0,11666.0
2020-11-24,432724.0,8596.0,5464.0,11181.0
2020-11-25,432581.0,8437.0,5417.0,8669.0
2020-11-26,433203.0,8441.0,5211.0,11258.0
2020-11-27,436951.0,8612.0,5364.0,11476.0
2020-11-28,436274.0,8625.0,5596.0,11659.0
2020-11-29,418168.0,8656.0,5627.0,12265.0
2020-11-30,420992.0,8603.0,5651.0,11903.0
2020-12-01,436032.0,8755.0,5619.0,12482.0
2020-12-02,434825.0,8806.0,5761.0,12324.0
2020-12-03,434985.0,8849.0,6198.0,12235.0
2020-12-04,435418.0,8807.0,6403.0,11400.0
2020-12-05,437441.0,8865.0,6287.0,12669.0
2020-12-06,435995.0,8791.0,5763.0,12982.0
2020-12-07,434389.0,8372.0,5375.0,13152.0
2020-12-08,435896.0,8265.0,5585.0,13031.0
2020-12-09,434971.0,8233.0,5684.0,13201.0
2020-12-10,435977.0,8556.0,6012.0,12602.0
2020-12-11,437527.0,8614.0,6264.0,12701.0
2020-12-12,436474.0,8772.0,6265.0,12653.0
2020-12-13,437553.0,8722.0,6422.0,13009.0
2020-12-14,437573.0,8690.0,6340.0,12715.0
2020-12-15,434715.0,8478.0,6078.0,12225.0
2020-12-16,435238.0,8765.0,6237.0,12791.0
2020-12-17,422948.0,8414.0,5933.0,12724.0
2020-12-18,420063.0,8322.0,5753.0,12775.0
2020-12-19,420346.0,8372.0,5874.0,12327.0
2020-12-20,423542.0,8312.0,5912.0,12640.0
2020-12-21,426939.0,8272.0,6129.0,12077.0
2020-12-22,441514.0,8156.0,5553.0,12495.0
2020-12-23,442470.0,8175.0,5835.0,12148.0
2020-12-24,440143.0,8517.0,6133.0,12390.0
2020-12-25,439652.0,8482.0,6576.0,11678.0
2020-12-26,440508.0,8886.0,6334.0,10695.0
2020-12-27,439005.0,8835.0,6080.0,10433.0
2020-12-28,437026.0,8825.0,6053.0,10337.0
2020-12-29,437526.0,8870.0,5651.0,9913.0
2020-12-30,439606.0,8846.0,5258.0,11038.0
2020-12-31,439782.0,8840.0,5659.0,11257.0
2021-01-01,439574.0,8751.0,5729.0,11775.0
2021-01-02,437791.0,8822.0,5647.0,11257.0
2021-01-03,439099.0,8386.0,5772.0,10812.0
2021-01-04,439406.0,8800.0,4743.0,10775.0
2021-01-05,435288.0,8775.0,4890.0,10848.0
2021-01-06,436592.0,8832.0,5474.0,10661.0
2021-01-07,438576.0,8716.0,5155.0,9565.0
2021-01-08,437876.0,8885.0,5805.0,9747.0
2021-01-09,439369.0,8837.0,5978.0,10222.0
2021-01-10,440847.0,8825.0,6053.0,9521.0
2021-01-11,436818.0,8851.0,5778.0,8661.0
2021-01-12,437420.0,8778.0,5740.0,9865.0
2021-01-13,439125.0,8807.0,5944.0,10531.0
2021-01-14,437313.0,8735.0,5821.0,11298.0
2021-01-15,436714.0,8864.0,5836.0,10498.0
2021-01-16,437274.0,9200.0,6147.0,11384.0
2021-01-17,436665.0,9571.0,6155.0,11673.0
2021-01-18,438909.0,9425.0,6075.0,11482.0
2021-01-19,435058.0,9354.0,5483.0,10768.0
2021-01-20,438638.0,9622.0,5584.0,11644.0
2021-01-21,440030.0,9678.0,6085.0,11992.0
2021-01-22,437879.0,9369.0,5535.0,12132.0
2021-01-23,438835.0,8726.0,5722.0,12560.0
2021-01-24,439089.0,8862.0,5836.0,12269.0
2021-01-25,439770.0,8830.0,5760.0,12455.0
2021-01-26,438928.0,8994.0,5962.0,12037.0
2021-01-27,432670.0,8935.0,5650.0,11743.0
2021-01-28,433698.0,8226.0,5951.0,11641.0
2021-01-29,435536.0,8242.0,5793.0,12116.0
2021-01-30,433923.0,8227.0,5982.0,12326.0
2021-01-31,440467.0,8209.0,5758.0,11946.0
2021-02-01,438211.0,8188.0,5816.0,12911.0
2021-02-02,436345.0,8257.0,5512.0,12912.0
2021-02-03,438847.0,8196.0,5661.0,12690.0
2021-02-04,428701.0,8286.0,5691.0,12306.0
2021-02-05,439741.0,8255.0,5681.0,12922.0
2021-02-06,440014.0,8257.0,5521.0,12530.0
2021-02-07,439127.0,8296.0,5417.0,12749.0
2021-02-08,435663.0,8264.0,5243.0,11609.0
2021-02-09,433446.0,8177.0,5052.0,11838.0
2021-02-10,432226.0,8015.0,5555.0,11863.0
2021-02-11,412894.0,8152.0,5841.0,10477.0
2021-02-12,436746.0,8082.0,5781.0,10050.0
2021-02-13,436913.0,8054.0,5052.0,10300.0
2021-02-14,438633.0,7931.0,5369.0,11201.0
2021-02-15,436520.0,8056.0,5244.0,10540.0
2021-02-16,435402.0,8156.0,5196.0,10823.0
2021-02-17,434986.0,8195.0,5799.0,11566.0
2021-02-18,433360.0,8056.0,5860.0,10823.0
2021-02-19,410949.0,7839.0,5857.0,11293.0
2021-02-20,408493.0,7846.0,6039.0,11157.0
2021-02-21,408729.0,7740.0,5901.0,11218.0
2021-02-22,404576.0,7446.0,5410.0,11234.0
2021-02-23,405694.0,7711.0,5571.0,10308.0
2021-02-24,421027.0,7885.0,5634.0,10222.0
2021-02-25,438328.0,8195.0,5793.0,10970.0
2021-02-26,436816.0,8330.0,5483.0,11129.0
2021-02-27,436908.0,8906.0,5366.0,11812.0
2021-02-28,468827.0,8893.0,5738.0,11521.0
2021-03-01,467877.0,8628.0,5659.0,11282.0
2021-03-02,466895.0,8357.0,5410.0,11203.0
2021-03-03,470529.0,7924.0,5805.0,10630.0
2021-03-04,471763.0,7921.0,5817.0,10362.0
2021-03-05,472002.0,7915.0,5760.0,9928.0
2021-03-06,471879.0,7930.0,6052.0,10186.0
2021-03-07,472077.0,7898.0,6124.0,10485.0
2021-03-08,468365.0,7919.0,5473.0,10488.0
2021-03-09,465917.0,7920.0,5669.0,10098.0
2021-03-10,468699.0,7936.0,5692.0,9387.0
2021-03-11,465885.0,7864.0,5983.0,9701.0
2021-03-12,463621.0,7940.0,6049.0,10082.0
2021-03-13,463765.0,7929.0,6248.0,10241.0
2021-03-14,464235.0,7959.0,6171.0,9924.0
2021-03-15,464416.0,7646.0,6086.0,9019.0
2021-03-16,465106.0,7798.0,6148.0,8196.0
2021-03-17,467421.0,7922.0,6195.0,8291.0
2021-03-18,465566.0,7895.0,5760.0,8595.0
2021-03-19,465642.0,7901.0,5990.0,8915.0
2021-03-20,467163.0,7824.0,5524.0,8979.0
2021-03-21,461090.0,7601.0,5928.0,8884.0
2021-03-22,435018.0,7396.0,5773.0,9030.0
2021-03-23,435666.0,8245.0,5696.0,8399.0
2021-03-24,434424.0,7822.0,5334.0,8446.0
2021-03-25,435545.0,7639.0,5510.0,8592.0
2021-03-26,459202.0,7489.0,6200.0,8923.0
2021-03-27,467785.0,7226.0,6307.0,10666.0
2021-03-28,466767.0,7216.0,6376.0,11421.0
2021-03-29,466509.0,7225.0,6247.0,10820.0
2021-03-30,463880.0,7380.0,6169.0,10712.0
2021-03-31,461642.0,7527.0,5917.0,11142.0
2021-04-01,463562.0,7591.0,6083.0,12172.0
2021-04-02,465579.0,7673.0,6381.0,12434.0
2021-04-03,467721.0,7753.0,6345.0,12182.0
2021-04-04,469125.0,7964.0,6076.0,11476.0
2021-04-05,462262.0,8036.0,4970.0,11104.0
2021-04-06,462961.0,7802.0,4717.0,10449.0
2021-04-07,469222.0,8036.0,4904.0,10417.0
2021-04-08,468166.0,7942.0,5430.0,9782.0
2021-04-09,469249.0,7896.0,5365.0,11031.0
2021-04-10,468649.0,6469.0,5086.0,11059.0
2021-04-11,465381.0,6423.0,5098.0,11581.0
2021-04-12,462454.0,6445.0,5213.0,11828.0
2021-04-13,463711.0,8361.0,5189.0,10954.0
2021-04-14,462970.0,8296.0,4965.0,11522.0
2021-04-15,463067.0,8300.0,5186.0,11152.0
2021-04-16,465572.0,8560.0,5039.0,10677.0
2021-04-17,466868.0,8234.0,4673.0,10851.0
2021-04-18,464893.0,8228.0,4807.0,11964.0
2021-04-19,460884.0,8253.0,4215.0,11543.0
2021-04-20,459710.0,8334.0,4314.0,11489.0
2021-04-21,461985.0,8320.0,4523.0,10574.0
2021-04-22,463603.0,8172.0,4522.0,11329.0
2021-04-23,465534.0,8156.0,4725.0,10858.0
2021-04-24,466319.0,8141.0,4838.0,11168.0
2021-04-25,467441.0,8274.0,5542.0,11591.0
2021-04-26,467014.0,8471.0,5573.0,12101.0
2021-04-27,466273.0,8420.0,5279.0,11639.0
2021-04-28,467258.0,8551.0,5218.0,12100.0
2021-04-29,465045.0,8402.0,5321.0,12247.0
2021-04-30,465501.0,8087.0,5537.0,12297.0
2021-05-01,467676.0,8391.0,5678.0,12215.0
2021-05-02,466716.0,8353.0,5684.0,12076.0
2021-05-03,463815.0,8676.0,5649.0,12608.0
2021-05-04,461826.0,8369.0,5567.0,12394.0
2021-05-05,460082.0,8371.0,5570.0,11865.0
2021-05-06,472661.0,8445.0,5229.0,11986.0
2021-05-07,477422.0,8353.0,5020.0,11556.0
2021-05-08,480139.0,8222.0,5221.0,11075.0
2021-05-09,474355.0,8270.0,5001.0,10925.0
2021-05-10,471918.0,8383.0,4974.0,11007.0
2021-05-11,474071.0,8458.0,5228.0,10414.0
2021-05-12,477163.0,8462.0,5103.0,10639.0
2021-05-13,477427.0,8316.0,5411.0,10672.0
2021-05-14,477816.0,8455.0,5656.0,10066.0
2021-05-15,473047.0,8500.0,5153.0,9893.0
2021-05-16,464333.0,8784.0,5738.0,9509.0
2021-05-17,461801.0,8752.0,5912.0,9643.0
2021-05-18,461890.0,8979.0,6118.0,9558.0
2021-05-19,460870.0,8723.0,6168.0,9238.0
2021-05-20,469803.0,8677.0,6211.0,9181.0
2021-05-21,475102.0,8700.0,5875.0,10828.0
2021-05-22,474785.0,8807.0,5372.0,11555.0
2021-05-23,475236.0,8807.0,5413.0,11666.0
2021-05-24,476743.0,8735.0,5618.0,11785.0
2021-05-25,473004.0,8797.0,6146.0,11633.0
2021-05-26,480301.0,8728.0,6208.0,10373.0
2021-05-27,477612.0,8750.0,6211.0,10090.0
2021-05-28,477954.0,8788.0,6291.0,10709.0
2021-05-29,472467.0,8820.0,6241.0,10708.0
2021-05-30,456752.0,8729.0,6303.0,10710.0
2021-05-31,454805.0,8274.0,6327.0,10018.0
2021-06-01,452312.0,7965.0,5764.0,9681.0
2021-06-02,450193.0,8073.0,5641.0,10072.0
2021-06-03,447518.0,8047.0,5847.0,9861.0
2021-06-04,424720.0,7780.0,5813.0,9807.0
2021-06-05,444921.0,7612.0,5654.0,10331.0
2021-06-06,448266.0,7671.0,5907.0,10623.0
2021-06-07,445071.0,7660.0,5952.0,10584.0
2021-06-08,442439.0,7757.0,5699.0,9560.0
2021-06-09,437560.0,7985.0,5821.0,9687.0
2021-06-10,438983.0,7151.0,5812.0,9675.0
2021-06-11,448225.0,8080.0,5683.0,10793.0
2021-06-12,456438.0,8060.0,5392.0,10682.0
2021-06-13,458183.0,7805.0,5333.0,10574.0
2021-06-14,454948.0,7694.0,5238.0,10670.0
2021-06-15,456032.0,7820.0,5214.0,10146.0
2021-06-16,442046.0,8148.0,5219.0,10973.0
2021-06-17,414497.0,8106.0,5141.0,10907.0
2021-06-18,411156.0,7711.0,5147.0,11027.0
2021-06-19,420354.0,7780.0,5023.0,11253.0
2021-06-20,424595.0,7224.0,4952.0,11093.0
2021-06-21,425492.0,7133.0,4862.0,10933.0
2021-06-22,429571.0,7193.0,4853.0,10585.0
2021-06-23,431277.0,7370.0,4851.0,10931.0
2021-06-24,430201.0,7294.0,4862.0,11088.0
2021-06-25,433097.0,7392.0,4748.0,10967.0
2021-06-26,432445.0,7922.0,4242.0,10733.0
2021-06-27,431874.0,8250.0,4463.0,9127.0
2021-06-28,427914.0,8418.0,5119.0,9176.0
2021-06-29,427544.0,8230.0,4732.0,9375.0
2021-06-30,431152.0,8408.0,4936.0,9373.0
2021-07-01,428903.0,8539.0,5298.0,9490.0
2021-07-02,427995.0,8457.0,5316.0,10202.0
2021-07-03,428044.0,8494.0,5358.0,9968.0
2021-07-04,428433.0,8814.0,5473.0,10006.0
2021-07-05,427948.0,8732.0,5343.0,8882.0
2021-07-06,391680.0,8986.0,5327.0,9193.0
2021-07-07,399923.0,9017.0,5015.0,9794.0
2021-07-08,395254.0,8699.0,4915.0,10144.0
2021-07-09,393201.0,8515.0,5030.0,9957.0
2021-07-10,392949.0,8436.0,5026.0,9822.0
2021-07-11,392544.0,8263.0,5424.0,9885.0
2021-07-12,401128.0,8209.0,5098.0,10023.0
2021-07-13,396114.0,8252.0,5380.0,9999.0
2021-07-14,398937.0,8101.0,5801.0,9743.0
2021-07-15,399702.0,8247.0,5600.0,8550.0
2021-07-16,400664.0,8366.0,5313.0,8571.0
2021-07-17,399172.0,8127.0,5473.0,9261.0
2021-07-18,400418.0,8163.0,5495.0,9326.0
2021-07-19,399496.0,8186.0,5583.0,8893.0
2021-07-20,396168.0,8146.0,6025.0,9715.0
2021-07-21,396232.0,8267.0,6075.0,10040.0
2021-07-22,398091.0,8348.0,6129.0,9605.0
2021-07-23,401482.0,8294.0,5881.0,9922.0
2021-07-24,402168.0,9096.0,5599.0,9493.0
2021-07-25,399385.0,13102.0,5751.0,8802.0
2021-07-26,396657.0,13574.0,5538.0,9211.0
2021-07-27,396134.0,14318.0,5471.0,10014.0
2021-07-28,394838.0,15022.0,5554.0,11211.0
2021-07-29,396869.0,14639.0,5613.0,11211.0
2021-07-30,397462.0,14939.0,5878.0,11254.0
2021-07-31,398470.0,14609.0,5773.0,11119.0
2021-08-01,399648.0,15150.0,5687.0,11145.0
2021-08-02,392561.0,15054.0,6090.0,11593.0
2021-08-03,391772.0,14566.0,5843.0,12487.0
2021-08-04,392004.0,15250.0,5666.0,12178.0
2021-08-05,394800.0,13860.0,5510.0,12330.0
2021-08-06,395955.0,11640.0,5785.0,11857.0
2021-08-07,395816.0,8982.0,5768.0,11946.0
2021-08-08,394063.0,9264.0,5975.0,12304.0
2021-08-09,393642.0,9541.0,6136.0,12186.0
2021-08-10,393710.0,12267.0,6175.0,12305.0
2021-08-11,393075.0,9218.0,6099.0,11884.0
2021-08-12,393736.0,9705.0,5982.0,11671.0
2021-08-13,393348.0,11707.0,6048.0,11502.0
2021-08-14,393516.0,8144.0,5955.0,11345.0
2021-08-15,393369.0,8165.0,5508.0,11224.0
2021-08-16,392999.0,8175.0,5254.0,10679.0
2021-08-17,397636.0,8180.0,5287.0,11477.0
2021-08-18,398245.0,8133.0,5570.0,11243.0
2021-08-19,398235.0,8056.0,5596.0,12109.0
2021-08-20,398787.0,8205.0,5573.0,12329.0
2021-08-21,399469.0,8130.0,5529.0,12482.0
2021-08-22,398567.0,8137.0,5462.0,12600.0
2021-08-23,397704.0,8715.0,5297.0,12729.0
2021-08-24,398480.0,8478.0,5430.0,12477.0
2021-08-25,397365.0,8085.0,5244.0,12532.0
2021-08-26,398172.0,8235.0,5904.0,12694.0
2021-08-27,399877.0,8231.0,6249.0,12677.0
2021-08-28,400234.0,8162.0,6067.0,12271.0
2021-08-29,399331.0,8184.0,6114.0,10264.0
2021-08-30,399253.0,8179.0,6032.0,10650.0
2021-08-31,399444.0,8316.0,6017.0,10589.0
2021-09-01,400714.0,8439.0,5614.0,11019.0
2021-09-02,400421.0,8073.0,6148.0,11496.0
2021-09-03,399882.0,8221.0,6498.0,11547.0
2021-09-04,400340.0,8221.0,6564.0,11347.0
2021-09-05,400195.0,8129.0,6283.0,10896.0
2021-09-06,396455.0,8141.0,5817.0,10751.0
2021-09-07,396997.0,8190.0,6024.0,10944.0
2021-09-08,397264.0,8334.0,6306.0,11832.0
2021-09-09,396449.0,8210.0,6268.0,11556.0
2021-09-10,396262.0,8192.0,6682.0,12248.0
2021-09-11,398317.0,8216.0,6669.0,12378.0
2021-09-12,398348.0,8208.0,6157.0,12071.0
2021-09-13,397012.0,7949.0,5784.0,11924.0
2021-09-14,397275.0,8052.0,5409.0,12238.0
2021-09-15,395077.0,8260.0,5649.0,12227.0
2021-09-16,397065.0,8725.0,5633.0,12433.0
2021-09-17,399225.0,8699.0,5447.0,11542.0
2021-09-18,400836.0,8676.0,5546.0,12070.0
2021-09-19,401498.0,8587.0,5532.0,12182.0
2021-09-20,402042.0,8583.0,5748.0,12116.0
2021-09-21,404765.0,8522.0,5546.0,11961.0
2021-09-22,405663.0,8705.0,5432.0,11699.0
2021-09-23,405763.0,8449.0,5477.0,12067.0
2021-09-24,403751.0,8372.0,5158.0,12241.0
2021-09-25,403210.0,8653.0,5083.0,12344.0
2021-09-26,403063.0,8274.0,5408.0,12182.0
2021-09-27,400534.0,8223.0,5647.0,11261.0
2021-09-28,402440.0,8309.0,5424.0,11412.0
2021-09-29,404169.0,8188.0,5151.0,11045.0
2021-09-30,406431.0,8129.0,5141.0,11418.0
2021-10-01,407695.0,8047.0,5341.0,11183.0
2021-10-02,408554.0,8336.0,5357.0,12192.0
2021-10-03,407965.0,8254.0,5549.0,11877.0
2021-10-04,407962.0,7947.0,5425.0,11270.0
2021-10-05,409117.0,7986.0,5338.0,12343.0
2021-10-06,409687.0,7942.0,5427.0,11469.0
2021-10-07,411015.0,7937.0,5458.0,11285.0
2021-10-08,411605.0,7712.0,5425.0,12441.0
2021-10-09,411615.0,8150.0,5610.0,12600.0
2021-10-10,408989.0,8097.0,5452.0,12987.0
2021-10-11,406571.0,8093.0,5581.0,12782.0
2021-10-12,408634.0,8171.0,5335.0,12043.0
2021-10-13,409861.0,8337.0,5358.0,11907.0
2021-10-14,411396.0,8418.0,5554.0,11756.0
2021-10-15,412395.0,8339.0,5597.0,11561.0
2021-10-16,410906.0,8213.0,6125.0,12820.0
2021-10-17,411342.0,8225.0,6002.0,13559.0
2021-10-18,411544.0,8290.0,6035.0,13253.0
2021-10-19,412291.0,8271.0,6043.0,12556.0
2021-10-20,412490.0,8420.0,6059.0,12334.0
2021-10-21,413582.0,8255.0,5980.0,12721.0
2021-10-22,416683.0,8357.0,6037.0,12780.0
2021-10-23,418151.0,7974.0,5757.0,13309.0
2021-10-24,418649.0,7897.0,5139.0,13219.0
2021-10-25,418602.0,8352.0,5848.0,12647.0
2021-10-26,420428.0,8342.0,6017.0,11904.0
2021-10-27,419583.0,8332.0,5878.0,12760.0
2021-10-28,417450.0,8326.0,5750.0,13083.0
2021-10-29,419971.0,8323.0,5477.0,13060.0
2021-10-30,421240.0,8242.0,5048.0,13393.0
2021-10-31,422616.0,7612.0,4369.0,13241.0
2021-11-01,421066.0,8521.0,4756.0,12844.0
2021-11-02,422147.0,8138.0,4714.0,12822.0
2021-11-03,420448.0,8659.0,4822.0,13080.0
2021-11-04,420329.0,8776.0,4862.0,12939.0
2021-11-05,420580.0,8784.0,4835.0,13364.0
2021-11-06,422492.0,8536.0,4373.0,13023.0
2021-11-07,421091.0,8135.0,4240.0,12782.0
2021-11-08,421277.0,8178.0,4762.0,13008.0
2021-11-09,423990.0,8491.0,5390.0,13110.0
2021-11-10,423641.0,8471.0,5377.0,12488.0
2021-11-11,424277.0,8453.0,5533.0,12043.0
2021-11-12,423279.0,8455.0,5588.0,11853.0
2021-11-13,422797.0,8416.0,5667.0,12719.0
2021-11-14,424524.0,8415.0,5669.0,13444.0
2021-11-15,424268.0,8934.0,5590.0,14232.0
2021-11-16,423454.0,9009.0,5562.0,14020.0
2021-11-17,425164.0,8356.0,5411.0,13895.0
2021-11-18,424702.0,8222.0,5848.0,14117.0
2021-11-19,425640.0,8347.0,5916.0,13828.0
2021-11-20,425636.0,8403.0,5417.0,13373.0
2021-11-21,423574.0,8146.0,4874.0,13450.0
2021-11-22,425551.0,8539.0,5416.0,13220.0
2021-11-23,425358.0,8500.0,5680.0,13267.0
2021-11-24,424049.0,8313.0,5427.0,13226.0
2021-11-25,426309.0,8516.0,5944.0,13508.0
2021-11-26,426703.0,8625.0,5903.0,13016.0
2021-11-27,427234.0,8516.0,5937.0,12934.0
2021-11-28,425720.0,8484.0,5957.0,12917.0
2021-11-29,413747.0,8502.0,5906.0,12095.0
2021-11-30,422725.0,8487.0,5620.0,12159.0
2021-12-01,425638.0,8774.0,5451.0,11968.0
2021-12-02,425382.0,8761.0,5501.0,12421.0
2021-12-03,427972.0,8819.0,5615.0,12902.0
2021-12-04,427461.0,8795.0,5659.0,12446.0
2021-12-05,427477.0,8355.0,5437.0,12423.0
2021-12-06,427143.0,8628.0,5644.0,12602.0
2021-12-07,427133.0,9080.0,5805.0,11839.0
2021-12-08,427260.0,9054.0,5944.0,10990.0
2021-12-09,427428.0,8877.0,5933.0,11260.0
2021-12-10,427686.0,8652.0,5630.0,11531.0
2021-12-11,427630.0,8569.0,5754.0,12927.0
2021-12-12,428150.0,8711.0,5823.0,12858.0
2021-12-13,426725.0,9034.0,5692.0,12474.0
2021-12-14,426459.0,9182.0,5763.0,11957.0
2021-12-15,426392.0,9131.0,5749.0,12808.0
2021-12-16,425567.0,8848.0,5861.0,11285.0
2021-12-17,426860.0,8769.0,5736.0,12872.0
2021-12-18,426811.0,8855.0,5189.0,13104.0
2021-12-19,426398.0,8865.0,5017.0,13211.0
2021-12-20,427879.0,8864.0,5634.0,13123.0
2021-12-21,429669.0,8774.0,5808.0,14106.0
2021-12-22,427064.0,8733.0,5865.0,13709.0
2021-12-23,427365.0,8765.0,5888.0,13111.0
2021-12-24,426777.0,8811.0,5854.0,13723.0
2021-12-25,426294.0,9062.0,5629.0,13280.0
2021-12-26,425523.0,8913.0,6226.0,13936.0
2021-12-27,422104.0,9016.0,5739.0,12612.0
2021-12-28,421681.0,9018.0,4975.0,12636.0
2021-12-29,423187.0,8745.0,5356.0,12833.0
2021-12-30,424032.0,8743.0,5441.0,12709.0
2021-12-31,412382.0,8802.0,5721.0,12725.0
2022-01-01,411638.0,8678.0,4544.0,12174.0
2022-01-02,408732.0,8633.0,4439.0,13119.0
2022-01-03,408249.0,8664.0,4851.0,13177.0
2022-01-04,412903.0,8324.0,4965.0,13715.0
2022-01-05,412027.0,8210.0,4953.0,13345.0
2022-01-06,420357.0,8070.0,5030.0,12979.0
2022-01-07,426000.0,8332.0,4887.0,12597.0
2022-01-08,423328.0,8553.0,4849.0,13490.0
2022-01-09,423312.0,8391.0,4925.0,12770.0
2022-01-10,422957.0,8214.0,4886.0,12982.0
2022-01-11,424615.0,8660.0,4504.0,12726.0
2022-01-12,426018.0,8303.0,4225.0,12391.0
2022-01-13,426768.0,9520.0,4030.0,12746.0
2022-01-14,431059.0,8893.0,3799.0,12867.0
2022-01-15,431699.0,8793.0,4040.0,13435.0
2022-01-16,429790.0,8783.0,4381.0,12930.0
2022-01-17,431473.0,8390.0,4608.0,12075.0
2022-01-18,431224.0,8885.0,4548.0,11405.0
2022-01-19,430451.0,7762.0,4281.0,11488.0
2022-01-20,423763.0,8376.0,4139.0,11888.0
2022-01-21,423125.0,8464.0,3770.0,11683.0
2022-01-22,422459.0,8595.0,4175.0,11632.0
2022-01-23,422584.0,8610.0,4793.0,10841.0
2022-01-24,423504.0,8673.0,4611.0,10987.0
2022-01-25,424794.0,8441.0,4990.0,11693.0
2022-01-26,425116.0,8342.0,4984.0,11400.0
2022-01-27,424895.0,8417.0,4970.0,11832.0
2022-01-28,427042.0,8543.0,4980.0,11757.0
2022-01-29,425429.0,8604.0,5064.0,11303.0
2022-01-30,426487.0,8631.0,5106.0,11120.0
2022-01-31,426799.0,8673.0,4968.0,10821.0
2022-02-01,426200.0,8663.0,5000.0,9752.0
2022-02-02,426494.0,8670.0,5062.0,11439.0
2022-02-03,426679.0,9470.0,4949.0,11734.0
2022-02-04,426735.0,10191.0,5132.0,11501.0
2022-02-05,425541.0,13731.0,5212.0,11060.0
2022-02-06,425043.0,13474.0,5077.0,11508.0
2022-02-07,425245.0,13889.0,5547.0,11575.0
2022-02-08,423432.0,13944.0,5445.0,12553.0
2022-02-09,421759.0,12423.0,5465.0,12639.0
2022-02-10,421813.0,9434.0,5784.0,11750.0
2022-02-11,422883.0,12536.0,5892.0,10083.0
2022-02-12,422364.0,13125.0,5722.0,8304.0
2022-02-13,422499.0,14472.0,5798.0,11505.0
2022-02-14,424504.0,14541.0,5988.0,10705.0
2022-02-15,425466.0,12505.0,5924.0,8685.0
2022-02-16,424937.0,8476.0,6056.0,10838.0
2022-02-17,422920.0,11938.0,5953.0,11489.0
2022-02-18,423022.0,8825.0,5916.0,11980.0
2022-02-19,422829.0,11749.0,5900.0,12434.0
2022-02-20,423042.0,12489.0,5706.0,12319.0
2022-02-21,425487.0,14243.0,5565.0,12197.0
2022-02-22,424420.0,15146.0,5753.0,12026.0
2022-02-23,425362.0,15244.0,6078.0,11732.0
2022-02-24,424196.0,13372.0,6102.0,12466.0
2022-02-25,424666.0,11452.0,5948.0,12170.0
2022-02-26,425770.0,11826.0,5621.0,10298.0
2022-02-27,424414.0,8736.0,5963.0,11369.0
2022-02-28,425554.0,8612.0,6130.0,12423.0
2022-03-01,424924.0,8479.0,6368.0,12950.0
2022-03-02,422995.0,8587.0,6571.0,11835.0
2022-03-03,422838.0,11784.0,6709.0,12474.0
2022-03-04,423831.0,11604.0,6627.0,12832.0
2022-03-05,423683.0,8288.0,5663.0,12823.0
2022-03-06,423489.0,7796.0,5573.0,12775.0
2022-03-07,424146.0,7987.0,6108.0,12819.0
2022-03-08,405112.0,10829.0,6284.0,11336.0
