,DE_LU_WINDONSHORE,FR_WINDONSHORE,IT_NORD_WINDONSHORE,ES_WINDONSHORE
2019-01-01,3047300.0,50639.0,170.0,80690.0
2019-01-02,2355646.0,76238.0,256.0,193184.0
2019-01-03,905269.0,62208.0,48.0,106798.0
2019-01-04,1838940.0,57399.0,27.0,78064.0
2019-01-05,2026364.0,66353.0,73.0,121478.0
2019-01-06,729606.0,45000.0,93.0,162757.0
2019-01-07,1578239.0,67061.0,46.0,159865.0
2019-01-08,3492975.0,147654.0,89.0,167550.0
2019-01-09,2611740.0,141801.0,242.0,253391.0
2019-01-10,601169.0,68471.0,219.0,256150.0
2019-01-11,1625858.0,50426.0,87.0,222593.0
2019-01-12,2494863.0,119435.0,89.0,199286.0
2019-01-13,3199341.0,215406.0,141.0,187441.0
2019-01-14,2902677.0,110434.0,417.0,181404.0
2019-01-15,2987224.0,43816.0,111.0,52723.0
2019-01-16,2481905.0,97826.0,430.0,67141.0
2019-01-17,2492073.0,125659.0,264.0,84388.0
2019-01-18,836652.0,46658.0,219.0,76897.0
2019-01-19,429802.0,56020.0,250.0,140511.0
2019-01-20,196557.0,32210.0,153.0,205916.0
2019-01-21,375222.0,40293.0,331.0,163816.0
2019-01-22,794436.0,90066.0,113.0,251855.0
2019-01-23,522717.0,83343.0,220.0,372942.0
2019-01-24,132022.0,48803.0,305.0,292116.0
2019-01-25,559977.0,63113.0,303.0,241213.0
2019-01-26,1747742.0,155606.0,109.0,120083.0
2019-01-27,1999883.0,244409.0,403.0,295637.0
2019-01-28,1676545.0,126223.0,312.0,310637.0
2019-01-29,1048494.0,100105.0,72.0,302998.0
2019-01-30,1481681.0,109360.0,200.0,276308.0
2019-01-31,750159.0,93208.0,174.0,364735.0
2019-02-01,988836.0,62236.0,453.0,352115.0
2019-02-02,335596.0,141876.0,220.0,304621.0
2019-02-03,910095.0,95175.0,225.0,220109.0
2019-02-04,1586731.0,108978.0,294.0,150662.0
2019-02-05,1079345.0,47817.0,213.0,92300.0
2019-02-06,1097006.0,84848.0,223.0,74053.0
2019-02-07,2124948.0,172053.0,63.0,88547.0
2019-02-08,2702507.0,211932.0,72.0,133154.0
2019-02-09,3361646.0,212835.0,159.0,159892.0
2019-02-10,2852346.0,243809.0,411.0,255645.0
2019-02-11,2822887.0,86765.0,539.0,138949.0
2019-02-12,1539796.0,32649.0,146.0,70469.0
2019-02-13,1407599.0,50064.0,122.0,73631.0
2019-02-14,497195.0,66734.0,51.0,150796.0
2019-02-15,644798.0,61943.0,93.0,89237.0
2019-02-16,1091603.0,50979.0,78.0,153770.0
2019-02-17,610690.0,100542.0,39.0,168015.0
2019-02-18,769052.0,69176.0,87.0,111389.0
2019-02-19,1854495.0,26315.0,100.0,27748.0
2019-02-20,1049316.0,24562.0,25.0,64201.0
2019-02-21,1305751.0,20912.0,38.0,102454.0
2019-02-22,798340.0,56338.0,82.0,93790.0
2019-02-23,708138.0,90911.0,481.0,121708.0
2019-02-24,339133.0,57611.0,309.0,78071.0
2019-02-25,403205.0,54671.0,175.0,60273.0
2019-02-26,287738.0,41716.0,60.0,97618.0
2019-02-27,622112.0,30586.0,58.0,99619.0
2019-02-28,1566797.0,158322.0,191.0,95441.0
2019-03-01,689579.0,107426.0,138.0,92035.0
2019-03-02,864275.0,133287.0,142.0,140168.0
2019-03-03,2945444.0,226730.0,241.0,187404.0
2019-03-04,3416620.0,234627.0,460.0,240039.0
2019-03-05,2589842.0,153098.0,318.0,186440.0
2019-03-06,1977849.0,201134.0,264.0,334293.0
2019-03-07,2972706.0,218309.0,369.0,172008.0
2019-03-08,2703472.0,137374.0,289.0,61750.0
2019-03-09,3244909.0,190567.0,374.0,67895.0
2019-03-10,1915501.0,234410.0,429.0,113422.0
2019-03-11,2291243.0,173868.0,340.0,108098.0
2019-03-12,2356560.0,200863.0,155.0,149680.0
2019-03-13,3386363.0,241200.0,275.0,213160.0
2019-03-14,3062387.0,252953.0,217.0,147094.0
2019-03-15,3173204.0,251428.0,240.0,89765.0
2019-03-16,2659580.0,220297.0,367.0,106625.0
2019-03-17,2663222.0,189737.0,425.0,207041.0
2019-03-18,2401866.0,68245.0,273.0,163982.0
2019-03-19,632341.0,32704.0,256.0,181410.0
2019-03-20,688744.0,36094.0,346.0,178331.0
2019-03-21,529068.0,43209.0,338.0,106701.0
2019-03-22,362231.0,19808.0,279.0,78674.0
2019-03-23,590434.0,33995.0,208.0,95694.0
2019-03-24,535144.0,51905.0,123.0,136826.0
2019-03-25,1856102.0,137340.0,263.0,246005.0
2019-03-26,1443049.0,78371.0,511.0,294171.0
2019-03-27,735673.0,62241.0,436.0,212802.0
2019-03-28,387690.0,60547.0,393.0,168647.0
2019-03-29,360950.0,57415.0,284.0,141410.0
2019-03-30,497186.0,40877.0,74.0,114365.0
2019-03-31,860878.0,66178.0,47.0,74471.0
2019-04-01,1137075.0,59028.0,149.0,37386.0
2019-04-02,1403965.0,94705.0,167.0,56554.0
2019-04-03,619332.0,53521.0,404.0,159058.0
2019-04-04,532863.0,64619.0,225.0,143849.0
2019-04-05,310375.0,72164.0,180.0,194726.0
2019-04-06,632482.0,66941.0,59.0,253572.0
2019-04-07,588990.0,36041.0,88.0,209567.0
2019-04-08,611910.0,21764.0,43.0,189915.0
2019-04-09,933339.0,22633.0,37.0,241185.0
2019-04-10,1036310.0,79520.0,67.0,198102.0
2019-04-11,819374.0,114841.0,76.0,160872.0
2019-04-12,658532.0,90396.0,103.0,120180.0
2019-04-13,794845.0,78448.0,50.0,67572.0
2019-04-14,947177.0,57014.0,322.0,87232.0
2019-04-15,1166699.0,102021.0,171.0,180312.0
2019-04-16,1273616.0,51672.0,56.0,99890.0
2019-04-17,1156894.0,67385.0,29.0,219383.0
2019-04-18,1476439.0,92296.0,103.0,109837.0
2019-04-19,1025032.0,59318.0,180.0,182247.0
2019-04-20,616895.0,72571.0,256.0,223160.0
2019-04-21,539185.0,45878.0,368.0,113585.0
2019-04-22,1746242.0,49915.0,351.0,90003.0
2019-04-23,2517625.0,59800.0,194.0,185301.0
2019-04-24,1541873.0,154521.0,333.0,298110.0
2019-04-25,1120178.0,140277.0,102.0,289290.0
2019-04-26,1006424.0,86791.0,292.0,160183.0
2019-04-27,888896.0,199969.0,273.0,92767.0
2019-04-28,406731.0,88278.0,261.0,114013.0
2019-04-29,941785.0,35271.0,169.0,61648.0
2019-04-30,593221.0,42893.0,65.0,65123.0
2019-05-01,900232.0,27363.0,118.0,120421.0
2019-05-02,1435545.0,52448.0,290.0,191843.0
2019-05-03,1211350.0,35166.0,218.0,159659.0
2019-05-04,912721.0,132095.0,105.0,167057.0
2019-05-05,663439.0,103910.0,345.0,165140.0
2019-05-06,954536.0,41295.0,69.0,56434.0
2019-05-07,365453.0,35222.0,114.0,155838.0
2019-05-08,1170886.0,158888.0,281.0,320296.0
2019-05-09,774529.0,150222.0,203.0,228514.0
2019-05-10,725230.0,49626.0,236.0,180083.0
2019-05-11,1000309.0,131515.0,291.0,137286.0
2019-05-12,1308178.0,113229.0,386.0,188822.0
2019-05-13,1010234.0,162130.0,344.0,186934.0
2019-05-14,955317.0,151447.0,105.0,92541.0
2019-05-15,878637.0,105278.0,142.0,95359.0
2019-05-16,830648.0,56331.0,64.0,148492.0
2019-05-17,441870.0,40939.0,77.0,274727.0
2019-05-18,437452.0,29390.0,192.0,147206.0
2019-05-19,442777.0,43995.0,85.0,132671.0
2019-05-20,723063.0,56401.0,336.0,62386.0
2019-05-21,1287694.0,52715.0,382.0,51709.0
2019-05-22,1333831.0,26157.0,113.0,39881.0
2019-05-23,288982.0,21584.0,37.0,66548.0
2019-05-24,612470.0,39583.0,44.0,173069.0
2019-05-25,455177.0,47980.0,54.0,173992.0
2019-05-26,1203917.0,66623.0,287.0,141287.0
2019-05-27,831364.0,68533.0,277.0,142658.0
2019-05-28,481914.0,90126.0,144.0,192013.0
2019-05-29,368579.0,53036.0,135.0,180635.0
2019-05-30,1099627.0,50044.0,89.0,107802.0
2019-05-31,521279.0,18658.0,31.0,81257.0
2019-06-01,362183.0,24874.0,39.0,76476.0
2019-06-02,652145.0,57894.0,49.0,90393.0
2019-06-03,649913.0,30070.0,49.0,87970.0
2019-06-04,616526.0,81353.0,76.0,169046.0
2019-06-05,752609.0,65016.0,226.0,174445.0
2019-06-06,1069122.0,57913.0,437.0,196358.0
2019-06-07,970708.0,214876.0,175.0,159379.0
2019-06-08,2020152.0,146912.0,258.0,113553.0
2019-06-09,570055.0,35777.0,210.0,93452.0
2019-06-10,556589.0,53589.0,141.0,116464.0
2019-06-11,360194.0,29564.0,130.0,129508.0
2019-06-12,659349.0,57520.0,256.0,85245.0
2019-06-13,776019.0,90434.0,120.0,115666.0
2019-06-14,643755.0,37814.0,184.0,113066.0
2019-06-15,1136943.0,69216.0,225.0,75301.0
2019-06-16,260725.0,44101.0,63.0,52953.0
2019-06-17,254241.0,25450.0,83.0,55927.0
2019-06-18,414368.0,44165.0,68.0,161013.0
2019-06-19,507182.0,68808.0,354.0,84426.0
2019-06-20,504381.0,44040.0,499.0,91741.0
2019-06-21,312884.0,40683.0,114.0,80827.0
2019-06-22,649496.0,45505.0,165.0,83831.0
2019-06-23,814696.0,51495.0,67.0,109209.0
2019-06-24,931726.0,59056.0,57.0,75528.0
2019-06-25,588308.0,52694.0,131.0,66960.0
2019-06-26,863285.0,87333.0,223.0,142123.0
2019-06-27,1017091.0,99563.0,71.0,164077.0
2019-06-28,269597.0,66415.0,106.0,83134.0
2019-06-29,255590.0,46812.0,141.0,65515.0
2019-06-30,1039563.0,50399.0,80.0,89200.0
2019-07-01,1169758.0,47563.0,104.0,134429.0
2019-07-02,1178945.0,56878.0,83.0,124418.0
2019-07-03,806182.0,98833.0,93.0,103653.0
2019-07-04,788962.0,60458.0,47.0,93127.0
2019-07-05,873157.0,31042.0,137.0,53961.0
2019-07-06,1068810.0,28975.0,590.0,72425.0
2019-07-07,1115853.0,37233.0,513.0,92376.0
2019-07-08,816533.0,57318.0,233.0,131484.0
2019-07-09,711049.0,75804.0,134.0,107756.0
2019-07-10,362378.0,39667.0,218.0,64710.0
2019-07-11,179465.0,29292.0,79.0,53829.0
2019-07-12,344856.0,70368.0,101.0,59953.0
2019-07-13,641696.0,53208.0,202.0,127343.0
2019-07-14,389281.0,87991.0,84.0,120555.0
2019-07-15,606259.0,65739.0,542.0,129134.0
2019-07-16,729737.0,24721.0,256.0,112404.0
2019-07-17,132261.0,30091.0,135.0,98187.0
2019-07-18,218704.0,55055.0,44.0,75819.0
2019-07-19,275559.0,33363.0,32.0,90987.0
2019-07-20,747690.0,88838.0,169.0,95798.0
2019-07-21,811237.0,24694.0,212.0,99334.0
2019-07-22,352748.0,24993.0,62.0,133162.0
2019-07-23,244980.0,46412.0,38.0,109945.0
2019-07-24,406434.0,39449.0,33.0,87217.0
2019-07-25,544832.0,49255.0,49.0,117803.0
2019-07-26,1095398.0,61792.0,271.0,102773.0
2019-07-27,1234836.0,65582.0,248.0,168396.0
2019-07-28,610611.0,86442.0,216.0,78837.0
2019-07-29,351688.0,47408.0,143.0,114424.0
2019-07-30,294893.0,140556.0,119.0,113215.0
2019-07-31,454882.0,66928.0,203.0,138787.0
2019-08-01,165025.0,27367.0,154.0,88970.0
2019-08-02,190788.0,46242.0,368.0,54473.0
2019-08-03,304750.0,28601.0,114.0,53648.0
2019-08-04,176633.0,27626.0,70.0,57966.0
2019-08-05,364019.0,45608.0,128.0,52830.0
2019-08-06,493217.0,31506.0,444.0,63903.0
2019-08-07,612796.0,38550.0,369.0,91418.0
2019-08-08,989944.0,30300.0,67.0,142402.0
2019-08-09,581581.0,129893.0,76.0,191146.0
2019-08-10,1937155.0,179175.0,455.0,70570.0
2019-08-11,1006956.0,54489.0,272.0,105619.0
2019-08-12,726525.0,69812.0,379.0,131012.0
2019-08-13,879009.0,53428.0,127.0,88058.0
2019-08-14,495529.0,69637.0,105.0,62513.0
2019-08-15,1244093.0,118864.0,109.0,76228.0
2019-08-16,620397.0,60923.0,106.0,56017.0
2019-08-17,1280462.0,90857.0,74.0,96585.0
2019-08-18,857119.0,95272.0,141.0,109220.0
2019-08-19,834595.0,52769.0,217.0,123665.0
2019-08-20,397167.0,37530.0,150.0,150207.0
2019-08-21,215007.0,41704.0,109.0,123949.0
2019-08-22,367291.0,39244.0,334.0,101957.0
2019-08-23,303694.0,42445.0,392.0,81966.0
2019-08-24,520336.0,28735.0,218.0,64355.0
2019-08-25,418749.0,20578.0,77.0,123382.0
2019-08-26,274732.0,23788.0,66.0,111652.0
2019-08-27,302623.0,30343.0,46.0,23710.0
2019-08-28,325181.0,27134.0,195.0,22624.0
2019-08-29,305884.0,28971.0,33.0,59359.0
2019-08-30,108195.0,24732.0,54.0,51453.0
2019-08-31,548526.0,70557.0,135.0,45920.0
2019-09-01,754981.0,48007.0,53.0,131565.0
2019-09-02,546699.0,52110.0,63.0,211650.0
2019-09-03,878195.0,38026.0,315.0,84624.0
2019-09-04,913308.0,82321.0,174.0,114188.0
2019-09-05,1468166.0,85157.0,110.0,228930.0
2019-09-06,804076.0,63881.0,482.0,243576.0
2019-09-07,247808.0,60905.0,123.0,204031.0
2019-09-08,98228.0,50437.0,274.0,109553.0
2019-09-09,456444.0,26708.0,197.0,97725.0
2019-09-10,952485.0,35601.0,246.0,287537.0
2019-09-11,1140697.0,59306.0,169.0,241630.0
2019-09-12,823080.0,40531.0,172.0,147519.0
2019-09-13,993016.0,42694.0,120.0,166283.0
2019-09-14,264556.0,47250.0,195.0,154030.0
2019-09-15,1263504.0,29184.0,101.0,97862.0
2019-09-16,534878.0,29677.0,93.0,32759.0
2019-09-17,1959964.0,61660.0,258.0,39195.0
2019-09-18,1306794.0,129864.0,77.0,30152.0
2019-09-19,599338.0,136672.0,351.0,36631.0
2019-09-20,408874.0,133968.0,476.0,117939.0
2019-09-21,615268.0,118451.0,290.0,154709.0
2019-09-22,741424.0,108853.0,310.0,140164.0
2019-09-23,517705.0,70799.0,180.0,107618.0
2019-09-24,363922.0,123111.0,169.0,159643.0
2019-09-25,545576.0,128681.0,325.0,92871.0
2019-09-26,844125.0,148715.0,60.0,59461.0
2019-09-27,1215141.0,143051.0,322.0,50877.0
2019-09-28,2223602.0,144271.0,685.0,42258.0
2019-09-29,2388530.0,229655.0,555.0,98155.0
2019-09-30,2624936.0,91673.0,587.0,51545.0
2019-10-01,1484137.0,145622.0,261.0,147938.0
2019-10-02,1392579.0,101258.0,376.0,150919.0
2019-10-03,835968.0,54683.0,484.0,104521.0
2019-10-04,979996.0,144710.0,188.0,46558.0
2019-10-05,937771.0,48033.0,40.0,45252.0
2019-10-06,988463.0,135860.0,85.0,85211.0
2019-10-07,489448.0,85590.0,590.0,102072.0
2019-10-08,1742896.0,118871.0,74.0,67834.0
2019-10-09,1795371.0,168596.0,720.0,77743.0
2019-10-10,2176544.0,119497.0,101.0,87797.0
2019-10-11,2830336.0,138429.0,85.0,121453.0
2019-10-12,1748252.0,125237.0,102.0,205764.0
2019-10-13,1554584.0,157182.0,28.0,187610.0
2019-10-14,954172.0,126728.0,53.0,262315.0
2019-10-15,606389.0,96570.0,740.0,192847.0
2019-10-16,1495195.0,173154.0,326.0,145904.0
2019-10-17,1033859.0,104698.0,156.0,133817.0
2019-10-18,1725842.0,164536.0,437.0,121845.0
2019-10-19,1316006.0,69771.0,805.0,147493.0
2019-10-20,460488.0,78148.0,508.0,115914.0
2019-10-21,554049.0,65248.0,202.0,21453.0
2019-10-22,430950.0,47055.0,100.0,138148.0
2019-10-23,586033.0,68876.0,114.0,136865.0
2019-10-24,879407.0,107027.0,103.0,166605.0
2019-10-25,1657039.0,116423.0,225.0,107843.0
2019-10-26,2426501.0,157166.0,104.0,96359.0
2019-10-27,1872830.0,62198.0,36.0,52767.0
2019-10-28,814646.0,59982.0,33.0,63224.0
2019-10-29,464729.0,75057.0,69.0,69821.0
2019-10-30,477904.0,52840.0,24.0,96059.0
2019-10-31,621953.0,63178.0,234.0,152253.0
2019-11-01,1373227.0,142228.0,285.0,267350.0
2019-11-02,1940441.0,219400.0,449.0,312717.0
2019-11-03,928750.0,166591.0,723.0,343367.0
2019-11-04,903871.0,181514.0,791.0,343445.0
2019-11-05,627329.0,78920.0,727.0,324916.0
2019-11-06,374993.0,61628.0,400.0,209877.0
2019-11-07,920147.0,139564.0,353.0,246034.0
2019-11-08,394227.0,50114.0,286.0,300963.0
2019-11-09,515915.0,72341.0,153.0,252304.0
2019-11-10,345245.0,69703.0,246.0,280087.0
2019-11-11,1275477.0,133267.0,429.0,211036.0
2019-11-12,1570384.0,132773.0,609.0,223470.0
2019-11-13,1043710.0,93532.0,80.0,245729.0
2019-11-14,1182700.0,77711.0,201.0,278370.0
2019-11-15,1429499.0,65208.0,365.0,206667.0
2019-11-16,1001040.0,54484.0,590.0,153858.0
2019-11-17,980554.0,33292.0,670.0,208214.0
2019-11-18,1141275.0,62588.0,478.0,173085.0
2019-11-19,1147071.0,41944.0,251.0,92575.0
2019-11-20,113685.0,88645.0,135.0,104435.0
2019-11-21,334962.0,97221.0,145.0,132396.0
2019-11-22,860529.0,182563.0,117.0,309906.0
2019-11-23,1918702.0,113054.0,564.0,333107.0
2019-11-24,754058.0,56067.0,590.0,247767.0
2019-11-25,181645.0,83919.0,583.0,242245.0
2019-11-26,709046.0,140833.0,519.0,268280.0
2019-11-27,1849049.0,246652.0,783.0,304655.0
2019-11-28,3000653.0,189901.0,718.0,248519.0
2019-11-29,1944581.0,55383.0,407.0,114524.0
2019-11-30,605035.0,95243.0,79.0,190256.0
2019-12-01,409737.0,90104.0,346.0,115730.0
2019-12-02,991327.0,81553.0,232.0,246553.0
2019-12-03,735647.0,60323.0,700.0,155801.0
2019-12-04,736710.0,44520.0,796.0,132205.0
2019-12-05,1228895.0,32407.0,414.0,154114.0
2019-12-06,2995628.0,166594.0,81.0,44632.0
2019-12-07,2801904.0,93880.0,383.0,34241.0
2019-12-08,3187462.0,244859.0,418.0,119124.0
2019-12-09,2464246.0,255410.0,312.0,196842.0
2019-12-10,1785004.0,147888.0,676.0,146900.0
2019-12-11,1396806.0,120363.0,215.0,243479.0
2019-12-12,1205715.0,195174.0,288.0,364215.0
2019-12-13,1888933.0,270789.0,657.0,382900.0
2019-12-14,2841656.0,242493.0,445.0,290854.0
2019-12-15,2849793.0,172358.0,799.0,180178.0
2019-12-16,1322309.0,113907.0,175.0,244177.0
2019-12-17,1939601.0,152329.0,420.0,105672.0
2019-12-18,1216875.0,140672.0,126.0,198801.0
2019-12-19,1674464.0,244433.0,163.0,302494.0
2019-12-20,2045612.0,221468.0,925.0,293051.0
2019-12-21,1253021.0,205122.0,802.0,219133.0
2019-12-22,1416735.0,245189.0,491.0,222371.0
2019-12-23,1958389.0,192585.0,717.0,197644.0
2019-12-24,1622439.0,224368.0,450.0,75941.0
2019-12-25,1005686.0,80786.0,197.0,82723.0
2019-12-26,456265.0,135459.0,100.0,100204.0
2019-12-27,425815.0,91967.0,119.0,66449.0
2019-12-28,370011.0,53403.0,196.0,55313.0
2019-12-29,911816.0,58537.0,152.0,49339.0
2019-12-30,2143390.0,47067.0,464.0,46358.0
2019-12-31,1374521.0,38694.0,77.0,41432.0
2020-01-01,589075.0,40259.0,45.0,23866.0
2020-01-02,1034410.0,83149.0,121.0,75814.0
2020-01-03,2540124.0,155886.0,414.0,78610.0
2020-01-04,2697326.0,72298.0,133.0,112970.0
2020-01-05,883737.0,41097.0,156.0,56653.0
2020-01-06,1023683.0,93708.0,78.0,50869.0
2020-01-07,1524689.0,93827.0,170.0,53145.0
2020-01-08,1813035.0,96361.0,160.0,55984.0
2020-01-09,1791473.0,216136.0,539.0,132319.0
2020-01-10,2099552.0,111304.0,404.0,167587.0
2020-01-11,1618187.0,83426.0,521.0,73956.0
2020-01-12,2631889.0,127318.0,212.0,54872.0
2020-01-13,1418280.0,153054.0,68.0,132271.0
2020-01-14,3158421.0,276838.0,349.0,190607.0
2020-01-15,2897788.0,212384.0,359.0,188397.0
2020-01-16,1359390.0,163377.0,72.0,210214.0
2020-01-17,1808122.0,176666.0,325.0,197591.0
2020-01-18,1555012.0,72054.0,547.0,198029.0
2020-01-19,685503.0,125216.0,700.0,327441.0
2020-01-20,617443.0,121148.0,970.0,338754.0
2020-01-21,1052874.0,73078.0,629.0,271441.0
2020-01-22,741316.0,99407.0,86.0,151620.0
2020-01-23,271157.0,95923.0,76.0,79673.0
2020-01-24,507695.0,33026.0,133.0,58361.0
2020-01-25,366620.0,37045.0,228.0,45065.0
2020-01-26,605288.0,98987.0,59.0,134340.0
2020-01-27,1810674.0,208721.0,495.0,261080.0
2020-01-28,2863812.0,261372.0,792.0,211218.0
2020-01-29,2895598.0,148431.0,356.0,205393.0
2020-01-30,2874949.0,187334.0,449.0,224994.0
2020-01-31,3041199.0,159849.0,564.0,190769.0
2020-02-01,3101669.0,216879.0,620.0,226600.0
2020-02-02,2075564.0,222575.0,633.0,160316.0
2020-02-03,2170137.0,180738.0,476.0,119017.0
2020-02-04,2344133.0,224230.0,852.0,189208.0
2020-02-05,1246203.0,55593.0,930.0,155549.0
2020-02-06,969155.0,81384.0,158.0,138488.0
2020-02-07,729449.0,110791.0,216.0,93578.0
2020-02-08,1327721.0,97161.0,32.0,67434.0
2020-02-09,3016442.0,270158.0,386.0,166254.0
2020-02-10,3393731.0,281300.0,685.0,215722.0
2020-02-11,3662272.0,259870.0,470.0,102992.0
2020-02-12,3285483.0,150994.0,163.0,45706.0
2020-02-13,1942406.0,262831.0,493.0,158402.0
2020-02-14,917792.0,103270.0,174.0,63521.0
2020-02-15,2208106.0,193470.0,78.0,122188.0
2020-02-16,3370267.0,279253.0,262.0,182959.0
2020-02-17,2894852.0,210270.0,586.0,172491.0
2020-02-18,3163205.0,195980.0,150.0,106352.0
2020-02-19,2696808.0,151442.0,101.0,79381.0
2020-02-20,2479705.0,190747.0,132.0,99092.0
2020-02-21,2866590.0,118394.0,102.0,89151.0
2020-02-22,3513209.0,189415.0,166.0,54177.0
2020-02-23,3019045.0,222434.0,730.0,51665.0
2020-02-24,2205786.0,193610.0,376.0,70847.0
2020-02-25,2845142.0,233028.0,675.0,209950.0
2020-02-26,1639367.0,210878.0,692.0,229900.0
2020-02-27,1018356.0,206921.0,606.0,276422.0
2020-02-28,2073538.0,169553.0,460.0,168802.0
2020-02-29,2910907.0,280004.0,666.0,330093.0
2020-03-01,2471795.0,201841.0,603.0,349018.0
2020-03-02,954702.0,165113.0,861.0,339750.0
2020-03-03,1020964.0,77326.0,312.0,339194.0
2020-03-04,771793.0,94360.0,231.0,290762.0
2020-03-05,1168877.0,185843.0,304.0,349954.0
2020-03-06,1790544.0,155272.0,283.0,347224.0
2020-03-07,1358144.0,86316.0,347.0,200575.0
2020-03-08,1880399.0,195011.0,105.0,172607.0
2020-03-09,1116328.0,161003.0,409.0,222308.0
2020-03-10,3201177.0,262535.0,233.0,143892.0
2020-03-11,2430654.0,225807.0,506.0,71218.0
2020-03-12,3207757.0,188272.0,768.0,95344.0
2020-03-13,2697069.0,104414.0,448.0,142760.0
2020-03-14,767913.0,79583.0,237.0,53081.0
2020-03-15,1934016.0,107380.0,552.0,151134.0
2020-03-16,605234.0,59357.0,346.0,247091.0
2020-03-17,744492.0,26216.0,47.0,214180.0
2020-03-18,1178695.0,21998.0,240.0,111043.0
2020-03-19,223881.0,43634.0,102.0,117883.0
2020-03-20,781774.0,118612.0,61.0,128282.0
2020-03-21,2178274.0,179979.0,67.0,66913.0
2020-03-22,1858066.0,193667.0,586.0,50006.0
2020-03-23,1457711.0,159917.0,880.0,122468.0
2020-03-24,1322410.0,121841.0,425.0,126667.0
2020-03-25,1510000.0,113859.0,921.0,55319.0
2020-03-26,1643157.0,130271.0,713.0,196700.0
2020-03-27,1330292.0,66951.0,659.0,105984.0
2020-03-28,1129643.0,122306.0,234.0,38710.0
2020-03-29,2112432.0,261970.0,72.0,166903.0
2020-03-30,837508.0,220463.0,136.0,224595.0
2020-03-31,464601.0,161342.0,500.0,206830.0
2020-04-01,811106.0,78058.0,422.0,79194.0
2020-04-02,1429915.0,48826.0,67.0,130020.0
2020-04-03,1229679.0,37340.0,151.0,86472.0
2020-04-04,478808.0,69504.0,168.0,201845.0
2020-04-05,1612992.0,141036.0,645.0,175380.0
2020-04-06,1104774.0,92443.0,445.0,81365.0
2020-04-07,606065.0,51586.0,311.0,75155.0
2020-04-08,474801.0,32849.0,294.0,66334.0
2020-04-09,548168.0,43522.0,98.0,87578.0
2020-04-10,370745.0,57181.0,54.0,78468.0
2020-04-11,270497.0,32678.0,85.0,74021.0
2020-04-12,519928.0,42474.0,415.0,102462.0
2020-04-13,1742087.0,169127.0,510.0,70969.0
2020-04-14,987996.0,128925.0,293.0,104275.0
2020-04-15,924355.0,103830.0,376.0,193981.0
2020-04-16,520527.0,62309.0,190.0,206688.0
2020-04-17,324846.0,50040.0,224.0,150203.0
2020-04-18,689405.0,31906.0,203.0,46918.0
2020-04-19,1409794.0,70077.0,95.0,80817.0
2020-04-20,2221505.0,126456.0,691.0,126133.0
2020-04-21,2480543.0,108049.0,938.0,183390.0
2020-04-22,1737061.0,67901.0,811.0,110804.0
2020-04-23,416864.0,29363.0,228.0,66670.0
2020-04-24,1132476.0,28647.0,297.0,82910.0
2020-04-25,578110.0,39094.0,739.0,37623.0
2020-04-26,139070.0,21368.0,406.0,59258.0
2020-04-27,275162.0,35901.0,510.0,120342.0
2020-04-28,510033.0,115273.0,554.0,182807.0
2020-04-29,724608.0,136413.0,562.0,249280.0
2020-04-30,1435381.0,195832.0,766.0,311834.0
2020-05-01,1344948.0,162736.0,768.0,255153.0
2020-05-02,1237796.0,87736.0,215.0,136167.0
2020-05-03,432202.0,39406.0,187.0,70254.0
2020-05-04,575382.0,63027.0,258.0,226333.0
2020-05-05,788353.0,93392.0,768.0,96536.0
2020-05-06,805324.0,49906.0,217.0,52428.0
2020-05-07,370072.0,35743.0,168.0,157755.0
2020-05-08,198223.0,47318.0,249.0,108491.0
2020-05-09,292043.0,43138.0,283.0,106439.0
2020-05-10,775697.0,90782.0,205.0,155029.0
2020-05-11,1983532.0,237074.0,844.0,175188.0
2020-05-12,799899.0,84848.0,745.0,61328.0
2020-05-13,477406.0,126975.0,290.0,65130.0
2020-05-14,696825.0,183446.0,304.0,152904.0
2020-05-15,846849.0,104723.0,769.0,175449.0
2020-05-16,822266.0,55117.0,267.0,182227.0
2020-05-17,875357.0,51730.0,289.0,100830.0
2020-05-18,782526.0,52622.0,420.0,98587.0
2020-05-19,564052.0,65212.0,567.0,94127.0
2020-05-20,181235.0,47523.0,381.0,49166.0
2020-05-21,251111.0,30335.0,57.0,45763.0
2020-05-22,862457.0,72671.0,202.0,49395.0
2020-05-23,1322825.0,105459.0,698.0,158624.0
2020-05-24,1639508.0,60995.0,212.0,150716.0
2020-05-25,1235151.0,56501.0,120.0,161873.0
2020-05-26,154980.0,84738.0,174.0,203885.0
2020-05-27,460737.0,79309.0,80.0,166786.0
2020-05-28,904173.0,94458.0,124.0,109332.0
2020-05-29,531165.0,102519.0,394.0,77213.0
2020-05-30,917537.0,80442.0,127.0,95793.0
2020-05-31,1022431.0,102012.0,36.0,88052.0
2020-06-01,772351.0,68921.0,93.0,46137.0
2020-06-02,340673.0,31753.0,155.0,39564.0
2020-06-03,380074.0,44115.0,642.0,91550.0
2020-06-04,615346.0,70215.0,768.0,207707.0
2020-06-05,1581470.0,172647.0,318.0,101372.0
2020-06-06,1485955.0,134980.0,494.0,97198.0
2020-06-07,820072.0,43260.0,699.0,195002.0
2020-06-08,168567.0,63037.0,189.0,170978.0
2020-06-09,361124.0,61945.0,140.0,129112.0
2020-06-10,457142.0,32755.0,140.0,79667.0
2020-06-11,470902.0,66231.0,138.0,226125.0
2020-06-12,743796.0,93004.0,188.0,247600.0
2020-06-13,765755.0,72077.0,338.0,158414.0
2020-06-14,797811.0,56521.0,97.0,80456.0
2020-06-15,393717.0,50298.0,44.0,83501.0
2020-06-16,87284.0,33793.0,63.0,115472.0
2020-06-17,311952.0,33134.0,307.0,61144.0
2020-06-18,429028.0,43399.0,696.0,49759.0
2020-06-19,540810.0,40213.0,333.0,55634.0
2020-06-20,913324.0,29416.0,54.0,57325.0
2020-06-21,348611.0,76543.0,117.0,96758.0
2020-06-22,543011.0,37143.0,71.0,128802.0
2020-06-23,309061.0,58590.0,36.0,98904.0
2020-06-24,515192.0,77751.0,95.0,88618.0
2020-06-25,730956.0,53370.0,200.0,83795.0
2020-06-26,517880.0,61111.0,112.0,114392.0
2020-06-27,613224.0,125428.0,71.0,88067.0
2020-06-28,904549.0,89927.0,234.0,70117.0
2020-06-29,1030217.0,102482.0,590.0,97921.0
2020-06-30,1820037.0,88843.0,188.0,87945.0
2020-07-01,1073593.0,79641.0,167.0,96007.0
2020-07-02,611592.0,83002.0,145.0,127004.0
2020-07-03,810834.0,72470.0,143.0,126698.0
2020-07-04,1918119.0,154451.0,254.0,104056.0
2020-07-05,2129685.0,166968.0,49.0,118489.0
2020-07-06,2165617.0,107623.0,117.0,206109.0
2020-07-07,803870.0,43312.0,585.0,121289.0
2020-07-08,380376.0,53919.0,133.0,157372.0
2020-07-09,627749.0,63715.0,37.0,90726.0
2020-07-10,1225538.0,74246.0,94.0,140758.0
2020-07-11,513949.0,60764.0,215.0,212388.0
2020-07-12,369701.0,69747.0,416.0,168083.0
2020-07-13,169332.0,50591.0,257.0,187065.0
2020-07-14,337446.0,45036.0,90.0,195588.0
2020-07-15,190906.0,43041.0,85.0,215946.0
2020-07-16,197183.0,44731.0,39.0,189468.0
2020-07-17,163159.0,42620.0,57.0,199236.0
2020-07-18,66558.0,29845.0,115.0,74821.0
2020-07-19,225202.0,30909.0,87.0,82718.0
2020-07-20,513044.0,70745.0,129.0,141163.0
2020-07-21,484794.0,75759.0,65.0,163190.0
2020-07-22,266620.0,51095.0,92.0,73512.0
2020-07-23,184826.0,28501.0,77.0,71411.0
2020-07-24,830844.0,48518.0,288.0,106087.0
2020-07-25,430129.0,75997.0,90.0,71825.0
2020-07-26,944589.0,69440.0,188.0,63046.0
2020-07-27,623841.0,113817.0,37.0,105340.0
2020-07-28,1597378.0,88416.0,72.0,136260.0
2020-07-29,1129805.0,28175.0,122.0,117481.0
2020-07-30,373648.0,46089.0,49.0,132209.0
2020-07-31,318756.0,65420.0,59.0,54948.0
2020-08-01,565256.0,55019.0,61.0,140208.0
2020-08-02,394409.0,66303.0,148.0,175717.0
2020-08-03,306803.0,71695.0,217.0,143422.0
2020-08-04,250538.0,44001.0,533.0,114432.0
2020-08-05,572872.0,35058.0,406.0,66081.0
2020-08-06,378607.0,29403.0,449.0,106211.0
2020-08-07,250846.0,34590.0,276.0,103370.0
2020-08-08,211630.0,29462.0,170.0,90449.0
2020-08-09,393201.0,41918.0,53.0,80741.0
2020-08-10,571289.0,34098.0,44.0,116454.0
2020-08-11,894883.0,24625.0,37.0,142716.0
2020-08-12,793901.0,41234.0,47.0,91297.0
2020-08-13,512897.0,42103.0,137.0,34928.0
2020-08-14,212273.0,31841.0,102.0,60936.0
2020-08-15,144833.0,22713.0,56.0,124062.0
2020-08-16,484531.0,38979.0,77.0,123663.0
2020-08-17,366661.0,48793.0,307.0,103765.0
2020-08-18,286131.0,31719.0,125.0,86441.0
2020-08-19,233691.0,74407.0,65.0,170570.0
2020-08-20,597688.0,71814.0,42.0,177425.0
2020-08-21,955715.0,136498.0,43.0,109110.0
2020-08-22,1281193.0,135843.0,270.0,72005.0
2020-08-23,1483898.0,100908.0,120.0,109853.0
2020-08-24,801083.0,46394.0,169.0,89294.0
2020-08-25,1024479.0,164806.0,83.0,74330.0
2020-08-26,3297631.0,149690.0,310.0,47980.0
2020-08-27,1073966.0,82629.0,91.0,69379.0
2020-08-28,948088.0,113293.0,475.0,169223.0
2020-08-29,634676.0,72213.0,560.0,220706.0
2020-08-30,404478.0,81081.0,750.0,147494.0
2020-08-31,328475.0,45837.0,103.0,84249.0
2020-09-01,279969.0,37988.0,78.0,69966.0
2020-09-02,171223.0,30392.0,43.0,111264.0
2020-09-03,1067926.0,50616.0,26.0,69906.0
2020-09-04,809294.0,37037.0,36.0,94980.0
2020-09-05,731039.0,51557.0,152.0,181876.0
2020-09-06,507643.0,41250.0,305.0,249558.0
2020-09-07,392358.0,44255.0,216.0,245289.0
2020-09-08,1098621.0,27083.0,380.0,151005.0
2020-09-09,991816.0,31136.0,84.0,76045.0
2020-09-10,350050.0,34675.0,49.0,93959.0
2020-09-11,217430.0,26743.0,258.0,80428.0
2020-09-12,909567.0,28381.0,377.0,99387.0
2020-09-13,664948.0,29929.0,472.0,133113.0
2020-09-14,291016.0,49788.0,464.0,138757.0
2020-09-15,229011.0,36497.0,282.0,53452.0
2020-09-16,685988.0,53124.0,87.0,55726.0
2020-09-17,1012808.0,120672.0,160.0,135155.0
2020-09-18,904572.0,118446.0,188.0,168397.0
2020-09-19,792916.0,69583.0,90.0,141746.0
2020-09-20,559703.0,33371.0,70.0,67316.0
2020-09-21,175600.0,23057.0,36.0,41217.0
2020-09-22,123445.0,29749.0,124.0,47487.0
2020-09-23,692461.0,108159.0,388.0,117699.0
2020-09-24,1561943.0,161291.0,594.0,241639.0
2020-09-25,987868.0,248468.0,792.0,307169.0
2020-09-26,1275618.0,223285.0,312.0,270024.0
2020-09-27,433053.0,209232.0,265.0,207683.0
2020-09-28,224627.0,93103.0,236.0,118790.0
2020-09-29,215709.0,35504.0,111.0,47856.0
2020-09-30,233100.0,59053.0,101.0,73655.0
2020-10-01,821960.0,121988.0,381.0,211013.0
2020-10-02,1553325.0,141676.0,520.0,359937.0
2020-10-03,1645719.0,116619.0,607.0,296956.0
2020-10-04,1770579.0,228244.0,545.0,253373.0
2020-10-05,1497930.0,217035.0,575.0,170418.0
2020-10-06,2038619.0,240137.0,569.0,155127.0
2020-10-07,1579432.0,137378.0,140.0,98465.0
2020-10-08,2342110.0,159944.0,80.0,57098.0
2020-10-09,798177.0,65901.0,98.0,56388.0
2020-10-10,1270783.0,81462.0,190.0,207538.0
2020-10-11,830842.0,88015.0,493.0,235560.0
2020-10-12,249804.0,57672.0,568.0,170079.0
2020-10-13,496583.0,78229.0,135.0,157869.0
2020-10-14,2009207.0,94067.0,202.0,200458.0
2020-10-15,1223946.0,101543.0,333.0,173071.0
2020-10-16,513573.0,53897.0,135.0,92417.0
2020-10-17,216374.0,21590.0,62.0,49973.0
2020-10-18,1126466.0,23895.0,32.0,72785.0
2020-10-19,590342.0,115916.0,32.0,294860.0
2020-10-20,1565138.0,207379.0,45.0,332254.0
2020-10-21,2146944.0,242959.0,113.0,228559.0
2020-10-22,1982848.0,95387.0,144.0,133580.0
2020-10-23,836773.0,82372.0,437.0,167528.0
2020-10-24,1748182.0,205090.0,195.0,219465.0
2020-10-25,1772975.0,152843.0,474.0,278813.0
2020-10-26,1080166.0,164122.0,536.0,265829.0
2020-10-27,2040099.0,190226.0,169.0,235271.0
2020-10-28,2186037.0,222078.0,150.0,109619.0
2020-10-29,2213900.0,168667.0,69.0,59418.0
2020-10-30,2124705.0,108293.0,87.0,89600.0
2020-10-31,1014759.0,138462.0,145.0,123545.0
2020-11-01,1913169.0,230812.0,221.0,123580.0
2020-11-02,2895005.0,212513.0,209.0,82225.0
2020-11-03,1436870.0,111802.0,82.0,175080.0
2020-11-04,1065337.0,60359.0,139.0,216671.0
2020-11-05,937900.0,122078.0,466.0,304468.0
2020-11-06,555591.0,138241.0,466.0,330235.0
2020-11-07,479156.0,116149.0,112.0,220872.0
2020-11-08,318405.0,73285.0,99.0,153597.0
2020-11-09,284331.0,46774.0,62.0,56189.0
2020-11-10,234701.0,23027.0,58.0,37504.0
2020-11-11,175789.0,72512.0,59.0,141547.0
2020-11-12,1007343.0,93872.0,88.0,98462.0
2020-11-13,950724.0,110905.0,89.0,79188.0
2020-11-14,1053649.0,172557.0,109.0,137007.0
2020-11-15,2377286.0,275686.0,132.0,215008.0
2020-11-16,2180088.0,158235.0,365.0,96936.0
2020-11-17,1826582.0,73346.0,701.0,62690.0
2020-11-18,1650184.0,133609.0,206.0,87295.0
2020-11-19,2661643.0,160644.0,195.0,191798.0
2020-11-20,975835.0,63322.0,953.0,250410.0
2020-11-21,2296619.0,70315.0,971.0,109419.0
2020-11-22,1831770.0,34077.0,472.0,57775.0
2020-11-23,1296875.0,22926.0,113.0,49877.0
2020-11-24,1045807.0,82624.0,539.0,103522.0
2020-11-25,830889.0,100124.0,115.0,124511.0
2020-11-26,525122.0,51685.0,70.0,225421.0
2020-11-27,162735.0,51910.0,85.0,152775.0
2020-11-28,472266.0,90904.0,406.0,73156.0
2020-11-29,318014.0,74938.0,581.0,58168.0
2020-11-30,807294.0,66109.0,238.0,90740.0
2020-12-01,431540.0,160611.0,297.0,171973.0
2020-12-02,264893.0,67039.0,408.0,254830.0
2020-12-03,1443898.0,184725.0,69.0,228705.0
2020-12-04,1728917.0,167694.0,552.0,292407.0
2020-12-05,723240.0,120679.0,578.0,278297.0
2020-12-06,752491.0,58295.0,338.0,307665.0
2020-12-07,1038740.0,46938.0,331.0,374632.0
2020-12-08,473444.0,57365.0,535.0,327958.0
2020-12-09,269506.0,67877.0,261.0,267880.0
2020-12-10,182239.0,108019.0,92.0,355757.0
2020-12-11,1144486.0,156361.0,55.0,376129.0
2020-12-12,581877.0,123490.0,223.0,331060.0
2020-12-13,480593.0,142147.0,146.0,192000.0
2020-12-14,1550360.0,159668.0,34.0,178129.0
2020-12-15,938377.0,87594.0,103.0,190228.0
2020-12-16,759026.0,142387.0,103.0,156216.0
2020-12-17,1617249.0,108419.0,93.0,64355.0
2020-12-18,1385333.0,165206.0,96.0,128109.0
2020-12-19,1710239.0,196495.0,100.0,131186.0
2020-12-20,1072198.0,102778.0,124.0,133561.0
2020-12-21,1772022.0,236177.0,108.0,153981.0
2020-12-22,2384268.0,197638.0,396.0,135410.0
2020-12-23,1058796.0,216797.0,445.0,137936.0
2020-12-24,1613536.0,214330.0,658.0,137997.0
2020-12-25,704919.0,127172.0,520.0,288951.0
2020-12-26,1879869.0,146675.0,723.0,225031.0
2020-12-27,3288135.0,247873.0,410.0,272969.0
2020-12-28,1060359.0,176204.0,724.0,392314.0
2020-12-29,1213815.0,95695.0,529.0,307117.0
2020-12-30,1527174.0,82010.0,189.0,233382.0
2020-12-31,940059.0,76917.0,296.0,231321.0
2021-01-01,272520.0,31329.0,333.0,241440.0
2021-01-02,297526.0,43652.0,467.0,272741.0
2021-01-03,1354831.0,42048.0,267.0,218905.0
2021-01-04,1072987.0,50747.0,100.0,130259.0
2021-01-05,927055.0,46391.0,205.0,71691.0
2021-01-06,543460.0,26873.0,349.0,71327.0
2021-01-07,487443.0,26366.0,133.0,102765.0
2021-01-08,398542.0,28818.0,243.0,228231.0
2021-01-09,226217.0,95386.0,507.0,244481.0
2021-01-10,686829.0,86976.0,618.0,256800.0
2021-01-11,2238382.0,100749.0,453.0,229022.0
2021-01-12,2363485.0,208247.0,256.0,170481.0
2021-01-13,2792075.0,143655.0,144.0,175750.0
2021-01-14,1028670.0,195165.0,291.0,215617.0
2021-01-15,560368.0,114547.0,588.0,220672.0
2021-01-16,437666.0,105867.0,305.0,172815.0
2021-01-17,337354.0,99544.0,271.0,160867.0
2021-01-18,1678279.0,91556.0,78.0,61203.0
2021-01-19,2750285.0,226767.0,538.0,156108.0
2021-01-20,2988627.0,296953.0,586.0,336500.0
2021-01-21,3346377.0,258852.0,603.0,388367.0
2021-01-22,2036328.0,111450.0,751.0,391629.0
2021-01-23,712642.0,128541.0,459.0,411104.0
2021-01-24,701005.0,127011.0,473.0,343718.0
2021-01-25,492553.0,101066.0,351.0,273075.0
2021-01-26,1245787.0,104190.0,278.0,153211.0
2021-01-27,1060073.0,108206.0,91.0,218788.0
2021-01-28,900591.0,246934.0,588.0,232213.0
2021-01-29,1692702.0,279792.0,415.0,257605.0
2021-01-30,748264.0,151046.0,488.0,379389.0
2021-01-31,656506.0,100440.0,421.0,317651.0
2021-02-01,793308.0,115366.0,71.0,357279.0
2021-02-02,848358.0,215877.0,239.0,297773.0
2021-02-03,1729610.0,221885.0,698.0,242000.0
2021-02-04,906855.0,72249.0,389.0,106013.0
2021-02-05,1060365.0,48444.0,55.0,173718.0
2021-02-06,2381122.0,74273.0,111.0,196150.0
2021-02-07,2787552.0,89581.0,610.0,263150.0
2021-02-08,1536744.0,37516.0,673.0,342478.0
2021-02-09,501577.0,92576.0,539.0,337194.0
2021-02-10,560809.0,137206.0,435.0,284200.0
2021-02-11,388838.0,136473.0,167.0,195174.0
2021-02-12,947476.0,184784.0,286.0,273676.0
2021-02-13,761370.0,166233.0,442.0,185109.0
2021-02-14,1101648.0,188005.0,356.0,175036.0
2021-02-15,1884149.0,199543.0,249.0,217670.0
2021-02-16,1233738.0,198698.0,587.0,188975.0
2021-02-17,1887982.0,169494.0,352.0,156372.0
2021-02-18,1773571.0,200679.0,271.0,205798.0
2021-02-19,1406602.0,143454.0,420.0,235531.0
2021-02-20,1460957.0,249145.0,92.0,282863.0
2021-02-21,1121987.0,165894.0,248.0,240727.0
2021-02-22,998652.0,116452.0,254.0,172388.0
2021-02-23,1270766.0,169153.0,66.0,173222.0
2021-02-24,1451893.0,142614.0,148.0,257605.0
2021-02-25,1007612.0,66678.0,78.0,138255.0
2021-02-26,979995.0,76818.0,92.0,143190.0
2021-02-27,626960.0,157683.0,399.0,212882.0
2021-02-28,469500.0,140882.0,675.0,222330.0
2021-03-01,344778.0,88732.0,529.0,214694.0
2021-03-02,276818.0,66371.0,323.0,113762.0
2021-03-03,565473.0,34939.0,85.0,61913.0
2021-03-04,690039.0,43468.0,541.0,87640.0
2021-03-05,598148.0,116638.0,234.0,151783.0
2021-03-06,826844.0,113713.0,439.0,131811.0
2021-03-07,1086504.0,50183.0,170.0,69961.0
2021-03-08,236132.0,56776.0,154.0,166045.0
2021-03-09,288765.0,50037.0,428.0,138338.0
2021-03-10,1085503.0,177184.0,236.0,121481.0
2021-03-11,3586362.0,310447.0,581.0,213360.0
2021-03-12,3374618.0,270872.0,530.0,173420.0
2021-03-13,3461092.0,307847.0,538.0,146977.0
2021-03-14,2384457.0,223149.0,621.0,200079.0
2021-03-15,2114712.0,188297.0,203.0,232949.0
2021-03-16,1306987.0,105974.0,485.0,318266.0
2021-03-17,415948.0,178136.0,127.0,354598.0
2021-03-18,225853.0,81505.0,211.0,307803.0
2021-03-19,920060.0,173923.0,301.0,309813.0
2021-03-20,896649.0,105267.0,528.0,358243.0
2021-03-21,2152555.0,114825.0,615.0,299947.0
2021-03-22,732125.0,77266.0,240.0,236494.0
2021-03-23,440083.0,35621.0,119.0,64080.0
2021-03-24,491009.0,39857.0,73.0,26678.0
2021-03-25,335948.0,44169.0,146.0,46075.0
2021-03-26,1066862.0,145078.0,266.0,108032.0
2021-03-27,2428080.0,144893.0,373.0,135858.0
2021-03-28,1822067.0,83710.0,67.0,139700.0
2021-03-29,1678105.0,62034.0,67.0,229604.0
2021-03-30,433492.0,48581.0,65.0,198215.0
2021-03-31,159072.0,41370.0,75.0,214907.0
2021-04-01,962618.0,81325.0,200.0,165527.0
2021-04-02,1337388.0,186238.0,435.0,83565.0
2021-04-03,909294.0,199052.0,414.0,233565.0
2021-04-04,1063607.0,72202.0,466.0,180385.0
2021-04-05,2801604.0,137383.0,428.0,115067.0
2021-04-06,2147705.0,120942.0,557.0,264717.0
2021-04-07,2483354.0,94926.0,366.0,208884.0
2021-04-08,1815902.0,32088.0,454.0,142216.0
2021-04-09,1559484.0,94319.0,303.0,123645.0
2021-04-10,680529.0,99811.0,296.0,83685.0
2021-04-11,1297961.0,113882.0,344.0,223430.0
2021-04-12,914891.0,54253.0,385.0,171399.0
2021-04-13,1062172.0,66190.0,427.0,73826.0
2021-04-14,537428.0,96871.0,87.0,131949.0
2021-04-15,714611.0,103748.0,184.0,190643.0
2021-04-16,729008.0,105481.0,469.0,230478.0
2021-04-17,502243.0,112211.0,555.0,208205.0
2021-04-18,250888.0,54433.0,234.0,104811.0
2021-04-19,228686.0,26323.0,160.0,63761.0
2021-04-20,213751.0,25863.0,170.0,46285.0
2021-04-21,1042682.0,70793.0,120.0,44654.0
2021-04-22,1648356.0,118049.0,132.0,63576.0
2021-04-23,927788.0,114008.0,188.0,204566.0
2021-04-24,673954.0,132622.0,90.0,213221.0
2021-04-25,673303.0,192987.0,182.0,138739.0
2021-04-26,518847.0,161468.0,184.0,49920.0
2021-04-27,935807.0,46050.0,343.0,58647.0
2021-04-28,772538.0,45244.0,179.0,65633.0
2021-04-29,1268767.0,45647.0,523.0,86826.0
2021-04-30,339531.0,29709.0,427.0,78093.0
2021-05-01,259974.0,51100.0,326.0,166052.0
2021-05-02,1049580.0,33699.0,766.0,93385.0
2021-05-03,1271929.0,109714.0,166.0,100208.0
2021-05-04,3443488.0,243099.0,593.0,65957.0
2021-05-05,2848422.0,145923.0,746.0,74099.0
2021-05-06,1094438.0,94330.0,656.0,125927.0
2021-05-07,1234550.0,50779.0,587.0,85781.0
2021-05-08,1055815.0,136239.0,123.0,210955.0
2021-05-09,1594905.0,184692.0,115.0,243273.0
2021-05-10,1177599.0,124409.0,161.0,184492.0
2021-05-11,548798.0,86168.0,458.0,270943.0
2021-05-12,560959.0,64746.0,503.0,290697.0
2021-05-13,460979.0,77031.0,387.0,225094.0
2021-05-14,491848.0,84921.0,356.0,198291.0
2021-05-15,650129.0,133631.0,506.0,275272.0
2021-05-16,729879.0,154003.0,808.0,278542.0
2021-05-17,829378.0,217122.0,366.0,97549.0
2021-05-18,614295.0,75865.0,459.0,195187.0
2021-05-19,435054.0,104357.0,203.0,137106.0
2021-05-20,629853.0,118822.0,132.0,86100.0
2021-05-21,2194447.0,241976.0,777.0,154262.0
2021-05-22,2375713.0,198978.0,750.0,113261.0
2021-05-23,1274259.0,145529.0,539.0,125225.0
2021-05-24,1448142.0,202184.0,212.0,170005.0
2021-05-25,1893255.0,194907.0,360.0,136338.0
2021-05-26,1822392.0,122232.0,159.0,82755.0
2021-05-27,1408667.0,30122.0,172.0,51050.0
2021-05-28,482569.0,44567.0,81.0,50679.0
2021-05-29,473198.0,70841.0,103.0,86915.0
2021-05-30,474650.0,81982.0,227.0,115678.0
2021-05-31,336473.0,76830.0,78.0,107139.0
2021-06-01,451942.0,81548.0,65.0,98992.0
2021-06-02,791417.0,60471.0,70.0,66823.0
2021-06-03,762556.0,32503.0,70.0,125525.0
2021-06-04,286200.0,42690.0,175.0,104958.0
2021-06-05,365458.0,47459.0,560.0,83022.0
2021-06-06,331913.0,39489.0,111.0,128111.0
2021-06-07,260309.0,30407.0,87.0,96847.0
2021-06-08,207128.0,28233.0,177.0,76993.0
2021-06-09,114606.0,30224.0,109.0,97643.0
2021-06-10,155900.0,29557.0,61.0,111598.0
2021-06-11,264043.0,36426.0,58.0,196704.0
2021-06-12,1579173.0,40087.0,84.0,168465.0
2021-06-13,807366.0,47336.0,74.0,90724.0
2021-06-14,327398.0,36706.0,67.0,80216.0
2021-06-15,214175.0,25905.0,119.0,112871.0
2021-06-16,408396.0,37402.0,59.0,103208.0
2021-06-17,763339.0,67917.0,83.0,92558.0
2021-06-18,457764.0,89899.0,139.0,117548.0
2021-06-19,541104.0,50910.0,267.0,101722.0
2021-06-20,924522.0,54319.0,323.0,246776.0
2021-06-21,913830.0,52683.0,451.0,166134.0
2021-06-22,437474.0,85646.0,271.0,120772.0
2021-06-23,207592.0,52138.0,81.0,144316.0
2021-06-24,134190.0,43123.0,414.0,136876.0
2021-06-25,114120.0,31223.0,288.0,109727.0
2021-06-26,120274.0,28534.0,60.0,126014.0
2021-06-27,264235.0,40343.0,69.0,161209.0
2021-06-28,302991.0,37008.0,110.0,119438.0
2021-06-29,357157.0,43617.0,603.0,71363.0
2021-06-30,704269.0,44586.0,595.0,66925.0
2021-07-01,942359.0,23546.0,252.0,53061.0
2021-07-02,450141.0,21213.0,66.0,85164.0
2021-07-03,151401.0,38093.0,171.0,109438.0
2021-07-04,255235.0,62945.0,181.0,172804.0
2021-07-05,453682.0,93486.0,114.0,185315.0
2021-07-06,1304337.0,157610.0,213.0,159918.0
2021-07-07,386960.0,52047.0,265.0,94132.0
2021-07-08,209891.0,40140.0,346.0,117197.0
2021-07-09,700453.0,22175.0,97.0,103894.0
2021-07-10,413685.0,31149.0,66.0,101236.0
2021-07-11,327303.0,24117.0,128.0,135636.0
2021-07-12,302877.0,60356.0,142.0,257684.0
2021-07-13,394928.0,93478.0,504.0,163691.0
2021-07-14,588578.0,133145.0,404.0,187707.0
2021-07-15,316534.0,139567.0,191.0,189092.0
2021-07-16,475563.0,84548.0,156.0,163436.0
2021-07-17,1050438.0,76603.0,242.0,109029.0
2021-07-18,828965.0,112985.0,305.0,160264.0
2021-07-19,465920.0,83419.0,112.0,83207.0
2021-07-20,282329.0,54937.0,154.0,58843.0
2021-07-21,208843.0,44195.0,85.0,58677.0
2021-07-22,147201.0,51372.0,87.0,109835.0
2021-07-23,157828.0,88860.0,71.0,185822.0
2021-07-24,642854.0,73114.0,297.0,131115.0
2021-07-25,429142.0,66358.0,405.0,102619.0
2021-07-26,336204.0,49203.0,246.0,88691.0
2021-07-27,564562.0,59890.0,287.0,109374.0
2021-07-28,1094390.0,107396.0,328.0,137658.0
2021-07-29,1902858.0,66377.0,116.0,120905.0
2021-07-30,1073131.0,147971.0,367.0,146302.0
2021-07-31,1857232.0,71041.0,367.0,217881.0
2021-08-01,581999.0,51634.0,651.0,90020.0
2021-08-02,741070.0,29083.0,317.0,68179.0
2021-08-03,183557.0,31260.0,377.0,81985.0
2021-08-04,145153.0,33215.0,575.0,112742.0
2021-08-05,328678.0,100184.0,480.0,129339.0
2021-08-06,889240.0,141133.0,469.0,135764.0
2021-08-07,797150.0,148567.0,624.0,158035.0
2021-08-08,1612764.0,117929.0,580.0,88718.0
2021-08-09,998699.0,68119.0,326.0,83058.0
2021-08-10,563538.0,26179.0,62.0,66128.0
2021-08-11,168535.0,18524.0,59.0,72510.0
2021-08-12,166599.0,22781.0,105.0,104860.0
2021-08-13,581721.0,28164.0,80.0,74647.0
2021-08-14,710091.0,24738.0,78.0,90132.0
2021-08-15,518636.0,77285.0,394.0,141858.0
2021-08-16,2103895.0,114909.0,537.0,227587.0
2021-08-17,2295708.0,71739.0,170.0,238622.0
2021-08-18,1602052.0,52070.0,138.0,179981.0
2021-08-19,869914.0,35286.0,77.0,91538.0
2021-08-20,258192.0,21486.0,63.0,71300.0
2021-08-21,158359.0,40345.0,82.0,77141.0
2021-08-22,684700.0,86228.0,436.0,142262.0
2021-08-23,994347.0,84089.0,160.0,226376.0
2021-08-24,662669.0,142063.0,285.0,186282.0
2021-08-25,1075790.0,95672.0,229.0,74147.0
2021-08-26,1106457.0,74908.0,326.0,43521.0
2021-08-27,936036.0,75837.0,239.0,87502.0
2021-08-28,583716.0,92778.0,406.0,162637.0
2021-08-29,706323.0,75394.0,88.0,97436.0
2021-08-30,899130.0,86775.0,255.0,64968.0
2021-08-31,744316.0,94931.0,59.0,85781.0
2021-09-01,397694.0,124223.0,81.0,97280.0
2021-09-02,282131.0,100590.0,135.0,27306.0
2021-09-03,393517.0,36972.0,131.0,19016.0
2021-09-04,230308.0,22749.0,108.0,33122.0
2021-09-05,329401.0,22475.0,117.0,79082.0
2021-09-06,101173.0,42237.0,188.0,145215.0
2021-09-07,110817.0,89535.0,76.0,210186.0
2021-09-08,421181.0,80773.0,124.0,126221.0
2021-09-09,436213.0,57075.0,71.0,109424.0
2021-09-10,309267.0,45842.0,65.0,60045.0
2021-09-11,444479.0,31182.0,59.0,31896.0
2021-09-12,458296.0,25706.0,76.0,53115.0
2021-09-13,212097.0,45186.0,68.0,151956.0
2021-09-14,376696.0,55238.0,129.0,110928.0
2021-09-15,648697.0,37192.0,612.0,46678.0
2021-09-16,965628.0,21490.0,598.0,75082.0
2021-09-17,519445.0,22504.0,191.0,52911.0
2021-09-18,368424.0,41420.0,229.0,106109.0
2021-09-19,463226.0,61771.0,500.0,90001.0
2021-09-20,189131.0,52915.0,78.0,194810.0
2021-09-21,540368.0,59082.0,310.0,207118.0
2021-09-22,604117.0,38131.0,178.0,151411.0
2021-09-23,2357099.0,30328.0,210.0,203376.0
2021-09-24,1461269.0,24038.0,230.0,115643.0
2021-09-25,438071.0,35009.0,70.0,117403.0
2021-09-26,428938.0,59497.0,211.0,101032.0
2021-09-27,673820.0,118472.0,94.0,71057.0
2021-09-28,333536.0,61833.0,126.0,67031.0
2021-09-29,1558836.0,129008.0,88.0,121956.0
2021-09-30,1919340.0,70628.0,168.0,68525.0
2021-10-01,1684527.0,116800.0,98.0,40885.0
2021-10-02,1399133.0,195289.0,95.0,189274.0
2021-10-03,2385984.0,159466.0,187.0,230125.0
2021-10-04,802740.0,119252.0,426.0,201482.0
2021-10-05,999996.0,199921.0,786.0,159992.0
2021-10-06,1118442.0,142146.0,663.0,122493.0
2021-10-07,126710.0,49434.0,879.0,102599.0
2021-10-08,640892.0,84112.0,808.0,86579.0
2021-10-09,882249.0,56964.0,782.0,131607.0
2021-10-10,390849.0,48946.0,362.0,196428.0
2021-10-11,971568.0,61793.0,119.0,162184.0
2021-10-12,1053203.0,66157.0,157.0,152776.0
2021-10-13,607670.0,49821.0,209.0,164555.0
2021-10-14,1373515.0,35351.0,161.0,72204.0
2021-10-15,1632047.0,30741.0,100.0,60416.0
2021-10-16,502699.0,30405.0,171.0,52338.0
2021-10-17,533260.0,42793.0,83.0,51715.0
2021-10-18,700082.0,77020.0,29.0,76863.0
2021-10-19,1724944.0,158689.0,133.0,192103.0
2021-10-20,3127961.0,267920.0,557.0,205576.0
2021-10-21,3257667.0,185904.0,752.0,113734.0
2021-10-22,2973586.0,65317.0,131.0,165737.0
2021-10-23,1030678.0,45331.0,364.0,65974.0
2021-10-24,1093416.0,73436.0,882.0,50598.0
2021-10-25,957983.0,56690.0,529.0,43382.0
2021-10-26,1314134.0,66045.0,395.0,70291.0
2021-10-27,1439983.0,57324.0,557.0,48747.0
2021-10-28,1071603.0,149713.0,410.0,166760.0
2021-10-29,1516766.0,198111.0,158.0,222364.0
2021-10-30,1605188.0,148671.0,176.0,269754.0
2021-10-31,1656238.0,193823.0,176.0,311478.0
2021-11-01,1486735.0,163146.0,345.0,300029.0
2021-11-02,456821.0,78262.0,561.0,284636.0
2021-11-03,314007.0,71711.0,472.0,239856.0
2021-11-04,1329726.0,74215.0,463.0,174238.0
2021-11-05,1254050.0,54066.0,492.0,233315.0
2021-11-06,1955056.0,81358.0,953.0,272323.0
2021-11-07,2679286.0,104714.0,634.0,286809.0
2021-11-08,864940.0,47987.0,543.0,272931.0
2021-11-09,817839.0,38945.0,835.0,180428.0
2021-11-10,404320.0,25406.0,422.0,90835.0
2021-11-11,218922.0,26447.0,283.0,58183.0
2021-11-12,653821.0,76042.0,110.0,85065.0
2021-11-13,524186.0,89589.0,172.0,129571.0
2021-11-14,437757.0,75002.0,196.0,220869.0
2021-11-15,518634.0,64247.0,478.0,261913.0
2021-11-16,101830.0,30301.0,313.0,214780.0
2021-11-17,1119344.0,44466.0,161.0,275429.0
2021-11-18,2304818.0,37645.0,104.0,209371.0
2021-11-19,2239631.0,32553.0,44.0,156707.0
2021-11-20,1517764.0,23247.0,95.0,78242.0
2021-11-21,827146.0,65346.0,466.0,88878.0
2021-11-22,905611.0,211548.0,263.0,166141.0
2021-11-23,818661.0,171506.0,814.0,208207.0
2021-11-24,480561.0,70551.0,593.0,185920.0
2021-11-25,752468.0,63355.0,445.0,245754.0
2021-11-26,1290496.0,158109.0,414.0,255113.0
2021-11-27,731399.0,158595.0,689.0,365448.0
2021-11-28,278784.0,166244.0,301.0,343949.0
2021-11-29,826893.0,76118.0,551.0,293662.0
2021-11-30,3092575.0,238619.0,580.0,80214.0
2021-12-01,3532081.0,229627.0,912.0,236266.0
2021-12-02,1579946.0,140665.0,293.0,329854.0
2021-12-03,2525522.0,185342.0,368.0,288250.0
2021-12-04,946147.0,219217.0,444.0,318262.0
2021-12-05,666275.0,144565.0,113.0,384187.0
2021-12-06,665497.0,134545.0,506.0,277728.0
2021-12-07,1544472.0,208048.0,186.0,303135.0
2021-12-08,1615342.0,151840.0,443.0,415592.0
2021-12-09,544348.0,151172.0,171.0,383957.0
2021-12-10,497580.0,277926.0,495.0,409564.0
2021-12-11,576292.0,103451.0,535.0,253613.0
2021-12-12,1449744.0,85574.0,121.0,99302.0
2021-12-13,747135.0,37209.0,60.0,92515.0
2021-12-14,724543.0,25967.0,123.0,61382.0
2021-12-15,1096921.0,40474.0,269.0,108964.0
2021-12-16,699273.0,80922.0,284.0,127452.0
2021-12-17,507947.0,149171.0,275.0,112056.0
2021-12-18,995906.0,117684.0,265.0,85693.0
2021-12-19,1969017.0,67662.0,432.0,122699.0
2021-12-20,561753.0,70880.0,685.0,123524.0
2021-12-21,191576.0,55150.0,586.0,130923.0
2021-12-22,507444.0,84474.0,311.0,143551.0
2021-12-23,1430859.0,149338.0,640.0,162395.0
2021-12-24,1764843.0,76336.0,832.0,196470.0
2021-12-25,670262.0,40001.0,463.0,152448.0
2021-12-26,1016028.0,64792.0,546.0,241049.0
2021-12-27,1267846.0,184012.0,383.0,384288.0
2021-12-28,1802261.0,286015.0,565.0,368830.0
2021-12-29,1218575.0,221562.0,103.0,204447.0
2021-12-30,2674609.0,158339.0,432.0,92738.0
2021-12-31,2651367.0,100725.0,227.0,119538.0
2022-01-01,1545489.0,97154.0,458.0,129730.0
2022-01-02,2571254.0,225281.0,772.0,98409.0
2022-01-03,2978689.0,198703.0,780.0,157433.0
2022-01-04,1413654.0,157198.0,1099.0,299099.0
2022-01-05,2912299.0,121609.0,1099.0,275580.0
2022-01-06,1140982.0,89985.0,906.0,191876.0
2022-01-07,2026790.0,207741.0,343.0,204307.0
2022-01-08,1887113.0,245607.0,163.0,263439.0
2022-01-09,1711230.0,138893.0,993.0,384298.0
2022-01-10,214849.0,39825.0,1005.0,297348.0
2022-01-11,392124.0,57094.0,1014.0,239596.0
2022-01-12,586465.0,57373.0,1186.0,254931.0
2022-01-13,1697673.0,63242.0,937.0,124311.0
2022-01-14,1414174.0,25175.0,407.0,81839.0
2022-01-15,271709.0,28063.0,368.0,61003.0
2022-01-16,1726811.0,57552.0,740.0,64564.0
2022-01-17,2562187.0,39969.0,442.0,76241.0
2022-01-18,641203.0,64489.0,458.0,52692.0
2022-01-19,2029889.0,65556.0,660.0,100483.0
2022-01-20,2787998.0,92120.0,506.0,211448.0
2022-01-21,1968898.0,88965.0,618.0,303223.0
2022-01-22,1143092.0,54954.0,440.0,166096.0
2022-01-23,464746.0,62101.0,414.0,97583.0
2022-01-24,315411.0,43608.0,431.0,83757.0
2022-01-25,388476.0,17153.0,427.0,102732.0
2022-01-26,1464718.0,28388.0,663.0,123360.0
2022-01-27,3061059.0,82899.0,719.0,136534.0
2022-01-28,2259654.0,51648.0,555.0,207556.0
2022-01-29,3529271.0,162722.0,428.0,113405.0
2022-01-30,2806304.0,62276.0,438.0,95610.0
2022-01-31,1686239.0,247456.0,787.0,293798.0
2022-02-01,3132371.0,208949.0,507.0,294372.0
2022-02-02,2736022.0,117051.0,526.0,133623.0
2022-02-03,1416658.0,62736.0,372.0,83830.0
2022-02-04,2715538.0,163925.0,236.0,103614.0
2022-02-05,3259755.0,140587.0,36.0,190924.0
2022-02-06,3559275.0,320616.0,745.0,144887.0
2022-02-07,3092034.0,125857.0,792.0,226520.0
2022-02-08,2872172.0,83176.0,469.0,129308.0
2022-02-09,1996208.0,57972.0,1094.0,99144.0
2022-02-10,1248268.0,86980.0,990.0,48393.0
2022-02-11,1579104.0,63024.0,495.0,64846.0
2022-02-12,1359952.0,103401.0,1171.0,41238.0
2022-02-13,2454215.0,250686.0,290.0,244609.0
2022-02-14,2665916.0,196749.0,496.0,281263.0
2022-02-15,2235555.0,209367.0,405.0,182036.0
2022-02-16,3658522.0,314021.0,262.0,308797.0
2022-02-17,3813011.0,257578.0,776.0,166531.0
2022-02-18,3043770.0,272447.0,956.0,146423.0
2022-02-19,3203455.0,238431.0,562.0,215921.0
2022-02-20,3375348.0,285117.0,416.0,133469.0
2022-02-21,3658978.0,304522.0,963.0,196959.0
2022-02-22,3013468.0,181298.0,460.0,168756.0
2022-02-23,2148593.0,43830.0,61.0,106642.0
2022-02-24,2798320.0,184502.0,474.0,139135.0
2022-02-25,2833968.0,109408.0,470.0,291032.0
2022-02-26,650639.0,123759.0,996.0,146314.0
2022-02-27,1082379.0,146019.0,1027.0,57188.0
2022-02-28,1027390.0,71999.0,453.0,61094.0
2022-03-01,666013.0,46886.0,613.0,125964.0
2022-03-02,197924.0,46120.0,297.0,180171.0
2022-03-03,431561.0,30493.0,301.0,176759.0
2022-03-04,520039.0,66832.0,147.0,266042.0
2022-03-05,510372.0,60976.0,720.0,151439.0
2022-03-06,413287.0,112106.0,637.0,121205.0
2022-03-07,565086.0,143586.0,141.0,107260.0
2022-03-08,740363.0,124783.0,447.0,145543.0
