,DE_LU_HYDROSTORAGE,FR_HYDROSTORAGE,IT_NORD_HYDROSTORAGE
2019-01-01,66671.0,1550.0,3897.0
2019-01-02,84180.0,10973.0,8831.0
2019-01-03,135867.0,16627.0,3260.0
2019-01-04,81286.0,22215.0,4210.0
2019-01-05,67840.0,8765.0,1700.0
2019-01-06,87668.0,9491.0,2012.0
2019-01-07,162205.0,19166.0,8376.0
2019-01-08,83658.0,10789.0,11362.0
2019-01-09,96467.0,19075.0,2373.0
2019-01-10,184807.0,32482.0,5165.0
2019-01-11,107214.0,20366.0,3982.0
2019-01-12,74119.0,6042.0,3759.0
2019-01-13,40258.0,1308.0,1521.0
2019-01-14,132308.0,23552.0,8177.0
2019-01-15,115734.0,14701.0,6225.0
2019-01-16,113449.0,11870.0,4927.0
2019-01-17,65948.0,7843.0,2413.0
2019-01-18,165806.0,17627.0,3028.0
2019-01-19,58391.0,9158.0,1482.0
2019-01-20,68552.0,2698.0,0.0
2019-01-21,187087.0,27331.0,9935.0
2019-01-22,113674.0,14905.0,8050.0
2019-01-23,192955.0,30935.0,10012.0
2019-01-24,175136.0,38073.0,9130.0
2019-01-25,151133.0,23428.0,1784.0
2019-01-26,82989.0,2447.0,2435.0
2019-01-27,65271.0,2706.0,1295.0
2019-01-28,111968.0,18321.0,3787.0
2019-01-29,164522.0,17034.0,2442.0
2019-01-30,122412.0,23373.0,1565.0
2019-01-31,169096.0,27357.0,3867.0
2019-02-01,122825.0,14521.0,2637.0
2019-02-02,68818.0,5254.0,3167.0
2019-02-03,65712.0,7797.0,2144.0
2019-02-04,96734.0,21945.0,5134.0
2019-02-05,138744.0,23747.0,52.0
2019-02-06,123161.0,17017.0,3775.0
2019-02-07,114323.0,14540.0,7540.0
2019-02-08,132368.0,7447.0,4351.0
2019-02-09,70831.0,2288.0,5898.0
2019-02-10,82167.0,2841.0,2358.0
2019-02-11,147411.0,17571.0,8872.0
2019-02-12,110006.0,18920.0,5133.0
2019-02-13,97911.0,16747.0,7043.0
2019-02-14,130395.0,16338.0,5317.0
2019-02-15,106389.0,13907.0,2298.0
2019-02-16,84954.0,5895.0,2352.0
2019-02-17,58611.0,3591.0,1360.0
2019-02-18,130803.0,14241.0,6277.0
2019-02-19,91383.0,18435.0,1447.0
2019-02-20,130560.0,22906.0,2462.0
2019-02-21,89981.0,21130.0,1513.0
2019-02-22,123507.0,12505.0,4345.0
2019-02-23,47510.0,7054.0,4209.0
2019-02-24,52686.0,5462.0,5171.0
2019-02-25,128043.0,12601.0,2621.0
2019-02-26,125757.0,16894.0,6422.0
2019-02-27,121400.0,15725.0,3007.0
2019-02-28,68492.0,12985.0,2410.0
2019-03-01,157207.0,25257.0,3728.0
2019-03-02,55777.0,9136.0,1967.0
2019-03-03,116977.0,1325.0,222.0
2019-03-04,141034.0,11336.0,3100.0
2019-03-05,131669.0,15755.0,3067.0
2019-03-06,103565.0,24619.0,8910.0
2019-03-07,112659.0,11454.0,4120.0
2019-03-08,171312.0,22061.0,2244.0
2019-03-09,85842.0,394.0,539.0
2019-03-10,131914.0,7041.0,1790.0
2019-03-11,164672.0,18565.0,5395.0
2019-03-12,101675.0,13817.0,8858.0
2019-03-13,152227.0,6008.0,6129.0
2019-03-14,143182.0,22446.0,6684.0
2019-03-15,134043.0,18922.0,5342.0
2019-03-16,161710.0,7919.0,699.0
2019-03-17,88425.0,5486.0,2032.0
2019-03-18,149062.0,20452.0,6746.0
2019-03-19,142045.0,20947.0,3886.0
2019-03-20,100331.0,16901.0,588.0
2019-03-21,94509.0,16475.0,932.0
2019-03-22,104482.0,13428.0,1941.0
2019-03-23,81530.0,7471.0,3274.0
2019-03-24,72283.0,1621.0,3733.0
2019-03-25,117852.0,10247.0,2078.0
2019-03-26,108651.0,13908.0,3968.0
2019-03-27,83681.0,13247.0,710.0
2019-03-28,119201.0,15273.0,2835.0
2019-03-29,101433.0,15159.0,4447.0
2019-03-30,103654.0,11443.0,1334.0
2019-03-31,46513.0,3612.0,2221.0
2019-04-01,124230.0,16646.0,7237.0
2019-04-02,136945.0,12905.0,4869.0
2019-04-03,143113.0,21914.0,9089.0
2019-04-04,161867.0,18102.0,6278.0
2019-04-05,147233.0,19328.0,5726.0
2019-04-06,84017.0,9977.0,96.0
2019-04-07,52504.0,3488.0,1287.0
2019-04-08,135899.0,13948.0,7576.0
2019-04-09,99013.0,8813.0,8603.0
2019-04-10,85087.0,11694.0,13256.0
2019-04-11,115728.0,11967.0,6970.0
2019-04-12,123176.0,11529.0,2873.0
2019-04-13,74466.0,8244.0,2934.0
2019-04-14,74864.0,7609.0,2630.0
2019-04-15,115258.0,11892.0,2889.0
2019-04-16,134720.0,14824.0,7242.0
2019-04-17,104543.0,9918.0,8814.0
2019-04-18,146755.0,10880.0,5203.0
2019-04-19,100296.0,9838.0,4731.0
2019-04-20,98098.0,4091.0,7867.0
2019-04-21,103937.0,9756.0,2474.0
2019-04-22,32236.0,3661.0,3813.0
2019-04-23,167319.0,19683.0,5275.0
2019-04-24,93160.0,9986.0,3650.0
2019-04-25,144484.0,9481.0,1917.0
2019-04-26,134418.0,14921.0,1290.0
2019-04-27,82537.0,6129.0,6791.0
2019-04-28,55499.0,7477.0,2831.0
2019-04-29,131801.0,24077.0,9665.0
2019-04-30,134172.0,21397.0,10172.0
2019-05-01,26937.0,0.0,7195.0
2019-05-02,116081.0,17379.0,8157.0
2019-05-03,137310.0,17503.0,4556.0
2019-05-04,65460.0,7009.0,2218.0
2019-05-05,60369.0,7262.0,2689.0
2019-05-06,135709.0,22465.0,3224.0
2019-05-07,139862.0,26131.0,5316.0
2019-05-08,90634.0,3493.0,7829.0
2019-05-09,104679.0,14215.0,4791.0
2019-05-10,142294.0,18545.0,3906.0
2019-05-11,34819.0,4819.0,2430.0
2019-05-12,51092.0,3422.0,2969.0
2019-05-13,77000.0,15166.0,5246.0
2019-05-14,60162.0,16476.0,2817.0
2019-05-15,81232.0,15802.0,4078.0
2019-05-16,85824.0,20539.0,3301.0
2019-05-17,114508.0,24741.0,2455.0
2019-05-18,86416.0,8563.0,2636.0
2019-05-19,45073.0,3165.0,2594.0
2019-05-20,150375.0,27267.0,3238.0
2019-05-21,81561.0,17478.0,7215.0
2019-05-22,103166.0,17765.0,4954.0
2019-05-23,93257.0,21605.0,5044.0
2019-05-24,91003.0,13272.0,5159.0
2019-05-25,75799.0,1218.0,3502.0
2019-05-26,51526.0,1373.0,3796.0
2019-05-27,115673.0,15066.0,8464.0
2019-05-28,110289.0,15965.0,7069.0
2019-05-29,126263.0,19808.0,7866.0
2019-05-30,62156.0,6025.0,10100.0
2019-05-31,117760.0,10898.0,14850.0
2019-06-01,108279.0,15317.0,6526.0
2019-06-02,97718.0,9001.0,2119.0
2019-06-03,142711.0,25607.0,7794.0
2019-06-04,88499.0,21702.0,9226.0
2019-06-05,133289.0,16107.0,12002.0
2019-06-06,142868.0,16548.0,12185.0
2019-06-07,132652.0,6408.0,12980.0
2019-06-08,81809.0,4556.0,5504.0
2019-06-09,67262.0,5466.0,4726.0
2019-06-10,57112.0,6414.0,10063.0
2019-06-11,128077.0,23985.0,6648.0
2019-06-12,148758.0,20039.0,11793.0
2019-06-13,95234.0,15091.0,10419.0
2019-06-14,132793.0,27212.0,8298.0
2019-06-15,85395.0,6549.0,3938.0
2019-06-16,59324.0,6106.0,5477.0
2019-06-17,109227.0,19860.0,9838.0
2019-06-18,145140.0,17375.0,12459.0
2019-06-19,162686.0,14127.0,14199.0
2019-06-20,73345.0,12404.0,7534.0
2019-06-21,90761.0,18766.0,6269.0
2019-06-22,56717.0,2691.0,2676.0
2019-06-23,58359.0,4842.0,634.0
2019-06-24,138927.0,17714.0,10484.0
2019-06-25,184767.0,14035.0,11348.0
2019-06-26,118632.0,17381.0,14583.0
2019-06-27,79176.0,12108.0,12038.0
2019-06-28,153035.0,21032.0,19307.0
2019-06-29,101636.0,11093.0,5820.0
2019-06-30,93731.0,8644.0,4487.0
2019-07-01,116039.0,16904.0,15234.0
2019-07-02,83639.0,17666.0,17890.0
2019-07-03,100177.0,12881.0,7398.0
2019-07-04,116370.0,18449.0,12634.0
2019-07-05,144546.0,22572.0,9288.0
2019-07-06,57757.0,11668.0,5242.0
2019-07-07,56968.0,6220.0,3305.0
2019-07-08,83242.0,19906.0,11306.0
2019-07-09,102802.0,11607.0,12464.0
2019-07-10,82540.0,17131.0,8809.0
2019-07-11,154043.0,21060.0,7984.0
2019-07-12,103392.0,16736.0,5231.0
2019-07-13,39067.0,6566.0,2929.0
2019-07-14,29673.0,4364.0,1668.0
2019-07-15,93533.0,14653.0,6303.0
2019-07-16,71891.0,10414.0,5538.0
2019-07-17,99109.0,15940.0,6665.0
2019-07-18,89465.0,12137.0,5497.0
2019-07-19,114406.0,17780.0,5875.0
2019-07-20,60606.0,3716.0,3848.0
2019-07-21,39768.0,5326.0,1139.0
2019-07-22,94935.0,11847.0,7912.0
2019-07-23,121306.0,14075.0,7783.0
2019-07-24,135610.0,19817.0,12841.0
2019-07-25,106728.0,17957.0,10672.0
2019-07-26,99305.0,15945.0,12641.0
2019-07-27,46556.0,2348.0,1427.0
2019-07-28,47714.0,4800.0,1629.0
2019-07-29,118286.0,17418.0,8255.0
2019-07-30,73899.0,9543.0,7000.0
2019-07-31,70347.0,12545.0,10307.0
2019-08-01,95262.0,18538.0,6374.0
2019-08-02,86272.0,11815.0,5526.0
2019-08-03,35753.0,5572.0,2496.0
2019-08-04,51393.0,6951.0,1585.0
2019-08-05,100867.0,15910.0,8682.0
2019-08-06,72444.0,13845.0,8668.0
2019-08-07,65016.0,11572.0,5280.0
2019-08-08,88740.0,14977.0,4800.0
2019-08-09,113133.0,10125.0,7815.0
2019-08-10,80006.0,12284.0,4046.0
2019-08-11,76570.0,6953.0,3793.0
2019-08-12,95154.0,15346.0,9072.0
2019-08-13,76058.0,8782.0,8165.0
2019-08-14,98934.0,12927.0,7531.0
2019-08-15,43009.0,4854.0,2554.0
2019-08-16,109959.0,13572.0,4828.0
2019-08-17,106208.0,9506.0,2205.0
2019-08-18,49287.0,4553.0,1735.0
2019-08-19,113513.0,9977.0,6252.0
2019-08-20,133971.0,16937.0,4659.0
2019-08-21,137581.0,11990.0,5309.0
2019-08-22,105431.0,8827.0,4714.0
2019-08-23,121394.0,11111.0,5028.0
2019-08-24,78620.0,6257.0,4259.0
2019-08-25,79082.0,7249.0,1842.0
2019-08-26,169325.0,24525.0,8255.0
2019-08-27,165338.0,16469.0,17086.0
2019-08-28,120335.0,25449.0,20649.0
2019-08-29,111836.0,18278.0,8025.0
2019-08-30,111022.0,16276.0,6772.0
2019-08-31,60747.0,6632.0,7002.0
2019-09-01,29477.0,2344.0,5745.0
2019-09-02,103300.0,15306.0,11393.0
2019-09-03,94337.0,16277.0,10234.0
2019-09-04,116181.0,10047.0,10829.0
2019-09-05,71841.0,8774.0,11209.0
2019-09-06,116489.0,14438.0,11818.0
2019-09-07,57313.0,5048.0,7142.0
2019-09-08,79433.0,4562.0,1825.0
2019-09-09,111727.0,19223.0,12541.0
2019-09-10,85558.0,13082.0,12092.0
2019-09-11,74121.0,9639.0,13459.0
2019-09-12,108631.0,17490.0,14167.0
2019-09-13,98334.0,12996.0,9018.0
2019-09-14,77234.0,5741.0,2284.0
2019-09-15,41923.0,3573.0,1842.0
2019-09-16,124561.0,22220.0,8358.0
2019-09-17,61220.0,10966.0,12708.0
2019-09-18,80849.0,11341.0,11733.0
2019-09-19,86558.0,17069.0,13247.0
2019-09-20,99657.0,13306.0,4780.0
2019-09-21,68392.0,6478.0,1575.0
2019-09-22,56118.0,7655.0,897.0
2019-09-23,134984.0,7885.0,12817.0
2019-09-24,94522.0,11161.0,13158.0
2019-09-25,113798.0,14180.0,14611.0
2019-09-26,90222.0,8167.0,8672.0
2019-09-27,118261.0,10983.0,13720.0
2019-09-28,104734.0,5280.0,2674.0
2019-09-29,98898.0,1218.0,761.0
2019-09-30,99704.0,14458.0,9336.0
2019-10-01,132720.0,9676.0,13425.0
2019-10-02,104628.0,7915.0,11860.0
2019-10-03,116128.0,7346.0,5326.0
2019-10-04,93712.0,13281.0,12072.0
2019-10-05,70698.0,8972.0,655.0
2019-10-06,51199.0,802.0,1057.0
2019-10-07,146426.0,14332.0,7074.0
2019-10-08,120870.0,11799.0,12147.0
2019-10-09,95111.0,7213.0,5680.0
2019-10-10,102187.0,9593.0,5013.0
2019-10-11,84060.0,6593.0,9162.0
2019-10-12,127841.0,9867.0,940.0
2019-10-13,55554.0,4194.0,1347.0
2019-10-14,137983.0,11599.0,10940.0
2019-10-15,141323.0,15148.0,13491.0
2019-10-16,73366.0,9755.0,6877.0
2019-10-17,138793.0,14073.0,10732.0
2019-10-18,103075.0,10059.0,8016.0
2019-10-19,85763.0,4796.0,957.0
2019-10-20,118609.0,6476.0,1613.0
2019-10-21,146536.0,21059.0,3899.0
2019-10-22,115624.0,18614.0,5227.0
2019-10-23,115433.0,18365.0,4133.0
2019-10-24,118953.0,11070.0,4578.0
2019-10-25,147498.0,9577.0,4268.0
2019-10-26,131039.0,1662.0,1090.0
2019-10-27,132724.0,6793.0,767.0
2019-10-28,93789.0,18678.0,8884.0
2019-10-29,125718.0,29624.0,8515.0
2019-10-30,112445.0,26444.0,5725.0
2019-10-31,97181.0,18470.0,7407.0
2019-11-01,51356.0,5352.0,2834.0
2019-11-02,70850.0,1535.0,9031.0
2019-11-03,88893.0,7181.0,3279.0
2019-11-04,92644.0,19989.0,5222.0
2019-11-05,126227.0,24396.0,9407.0
2019-11-06,159814.0,28908.0,14052.0
2019-11-07,71021.0,20506.0,7198.0
2019-11-08,159587.0,27521.0,9695.0
2019-11-09,52184.0,4417.0,5404.0
2019-11-10,67457.0,5731.0,3441.0
2019-11-11,99031.0,15969.0,10278.0
2019-11-12,70933.0,25026.0,15017.0
2019-11-13,101744.0,27706.0,12158.0
2019-11-14,105553.0,30383.0,10700.0
2019-11-15,140143.0,30631.0,10600.0
2019-11-16,34524.0,6563.0,5489.0
2019-11-17,64717.0,5810.0,6583.0
2019-11-18,133304.0,37086.0,12482.0
2019-11-19,111952.0,32097.0,13857.0
2019-11-20,176636.0,26164.0,8623.0
2019-11-21,136776.0,19816.0,7232.0
2019-11-22,81294.0,11208.0,8597.0
2019-11-23,28676.0,9786.0,5626.0
2019-11-24,74410.0,5676.0,3584.0
2019-11-25,167669.0,25646.0,12214.0
2019-11-26,110545.0,13820.0,6120.0
2019-11-27,97692.0,11035.0,6763.0
2019-11-28,79306.0,9351.0,10479.0
2019-11-29,84368.0,18229.0,10554.0
2019-11-30,74608.0,4157.0,5210.0
2019-12-01,80706.0,7638.0,3481.0
2019-12-02,114872.0,27828.0,14827.0
2019-12-03,115049.0,25884.0,16455.0
2019-12-04,142053.0,36966.0,17851.0
2019-12-05,132183.0,34314.0,15065.0
2019-12-06,99270.0,10139.0,8352.0
2019-12-07,137799.0,3577.0,7242.0
2019-12-08,63250.0,3136.0,2470.0
2019-12-09,137455.0,13440.0,6404.0
2019-12-10,139957.0,26644.0,5864.0
2019-12-11,160493.0,29583.0,14709.0
2019-12-12,138752.0,26513.0,15909.0
2019-12-13,150003.0,21401.0,10145.0
2019-12-14,48315.0,5559.0,3407.0
2019-12-15,78892.0,13795.0,1989.0
2019-12-16,140632.0,28142.0,12214.0
2019-12-17,89768.0,33971.0,3585.0
2019-12-18,125689.0,19747.0,4111.0
2019-12-19,115233.0,9587.0,7449.0
2019-12-20,102392.0,16543.0,17916.0
2019-12-21,138767.0,12417.0,9570.0
2019-12-22,123019.0,4441.0,6674.0
2019-12-23,144481.0,24814.0,10264.0
2019-12-24,127067.0,7874.0,13082.0
2019-12-25,102840.0,12769.0,6179.0
2019-12-26,102820.0,18119.0,6819.0
2019-12-27,132872.0,23090.0,5355.0
2019-12-28,90885.0,20971.0,7973.0
2019-12-29,114243.0,14763.0,3987.0
2019-12-30,97733.0,24725.0,5242.0
2019-12-31,164305.0,16556.0,11241.0
2020-01-01,101986.0,7111.0,926.0
2020-01-02,134468.0,14229.0,2349.0
2020-01-03,118568.0,9482.0,4151.0
2020-01-04,65108.0,7592.0,2524.0
2020-01-05,91452.0,11043.0,5537.0
2020-01-06,108493.0,11215.0,2189.0
2020-01-07,138433.0,23358.0,3526.0
2020-01-08,124964.0,23136.0,5040.0
2020-01-09,82347.0,13371.0,7726.0
2020-01-10,114884.0,16809.0,4597.0
2020-01-11,90988.0,5075.0,2024.0
2020-01-12,28541.0,8784.0,401.0
2020-01-13,181465.0,23399.0,7801.0
2020-01-14,124005.0,17638.0,7190.0
2020-01-15,109356.0,15639.0,3676.0
2020-01-16,145136.0,10723.0,4647.0
2020-01-17,124060.0,19831.0,4550.0
2020-01-18,118651.0,11189.0,2519.0
2020-01-19,69394.0,4283.0,755.0
2020-01-20,132708.0,31057.0,3352.0
2020-01-21,117464.0,17156.0,6074.0
2020-01-22,162951.0,31706.0,4060.0
2020-01-23,156235.0,27490.0,3299.0
2020-01-24,140642.0,29448.0,3913.0
2020-01-25,98654.0,20142.0,1364.0
2020-01-26,68584.0,9185.0,829.0
2020-01-27,134263.0,24816.0,5194.0
2020-01-28,127160.0,22360.0,6318.0
2020-01-29,109688.0,29520.0,6507.0
2020-01-30,140079.0,19905.0,3571.0
2020-01-31,155337.0,14065.0,3572.0
2020-02-01,117718.0,0.0,917.0
2020-02-02,132728.0,1939.0,4671.0
2020-02-03,144204.0,9109.0,2557.0
2020-02-04,110351.0,7693.0,8824.0
2020-02-05,153423.0,29466.0,3582.0
2020-02-06,133674.0,29681.0,2876.0
2020-02-07,142280.0,23764.0,6877.0
2020-02-08,98423.0,7694.0,653.0
2020-02-09,71520.0,767.0,110.0
2020-02-10,174036.0,13256.0,4564.0
2020-02-11,135592.0,13769.0,4378.0
2020-02-12,112047.0,17599.0,5529.0
2020-02-13,117568.0,21185.0,3193.0
2020-02-14,184432.0,28739.0,2606.0
2020-02-15,100181.0,3931.0,3654.0
2020-02-16,64574.0,143.0,3642.0
2020-02-17,164117.0,22033.0,2756.0
2020-02-18,117514.0,15519.0,4745.0
2020-02-19,138691.0,32573.0,6349.0
2020-02-20,139565.0,19319.0,7366.0
2020-02-21,166979.0,22530.0,5331.0
2020-02-22,49343.0,3298.0,2830.0
2020-02-23,115023.0,550.0,480.0
2020-02-24,149879.0,19315.0,5777.0
2020-02-25,130189.0,15102.0,4976.0
2020-02-26,163418.0,31161.0,2924.0
2020-02-27,183863.0,40064.0,5651.0
2020-02-28,142471.0,15501.0,6834.0
2020-02-29,64390.0,1692.0,2643.0
2020-03-01,97119.0,8991.0,5004.0
2020-03-02,139950.0,22222.0,7062.0
2020-03-03,159598.0,27134.0,7182.0
2020-03-04,148608.0,24519.0,8083.0
2020-03-05,138624.0,20489.0,6943.0
2020-03-06,178526.0,15853.0,5326.0
2020-03-07,112364.0,10475.0,339.0
2020-03-08,72928.0,7450.0,1922.0
2020-03-09,177665.0,26237.0,5881.0
2020-03-10,110592.0,11894.0,3035.0
2020-03-11,168427.0,7038.0,3365.0
2020-03-12,139700.0,10247.0,7458.0
2020-03-13,161479.0,21084.0,8110.0
2020-03-14,105478.0,9206.0,6729.0
2020-03-15,71581.0,3399.0,1979.0
2020-03-16,134949.0,19604.0,5576.0
2020-03-17,130476.0,15928.0,2921.0
2020-03-18,146317.0,19584.0,2024.0
2020-03-19,120226.0,13079.0,2461.0
2020-03-20,106837.0,15578.0,2172.0
2020-03-21,120260.0,4219.0,5909.0
2020-03-22,79628.0,1275.0,5521.0
2020-03-23,171222.0,9390.0,4602.0
2020-03-24,127982.0,12529.0,6393.0
2020-03-25,102694.0,12946.0,2169.0
2020-03-26,129787.0,15123.0,2253.0
2020-03-27,150624.0,17757.0,7398.0
2020-03-28,132474.0,9772.0,4500.0
2020-03-29,67616.0,4681.0,2975.0
2020-03-30,159673.0,24857.0,1170.0
2020-03-31,164366.0,22764.0,1316.0
2020-04-01,162608.0,26761.0,2908.0
2020-04-02,96486.0,19179.0,7305.0
2020-04-03,168507.0,29466.0,11025.0
2020-04-04,140409.0,10554.0,977.0
2020-04-05,68402.0,3880.0,5068.0
2020-04-06,174504.0,24659.0,3465.0
2020-04-07,137760.0,21767.0,8503.0
2020-04-08,151740.0,19680.0,2913.0
2020-04-09,135182.0,7967.0,5243.0
2020-04-10,123300.0,17203.0,5667.0
2020-04-11,150093.0,14501.0,8829.0
2020-04-12,104865.0,16036.0,6464.0
2020-04-13,61809.0,0.0,493.0
2020-04-14,176586.0,22362.0,820.0
2020-04-15,151420.0,14765.0,1942.0
2020-04-16,133450.0,19789.0,996.0
2020-04-17,159824.0,18826.0,2700.0
2020-04-18,125032.0,12401.0,4228.0
2020-04-19,79937.0,5844.0,1586.0
2020-04-20,177880.0,4795.0,5020.0
2020-04-21,151011.0,8878.0,1943.0
2020-04-22,169107.0,10440.0,1118.0
2020-04-23,168420.0,28694.0,5780.0
2020-04-24,98865.0,13717.0,7371.0
2020-04-25,136842.0,13396.0,3554.0
2020-04-26,93808.0,14906.0,2125.0
2020-04-27,142371.0,33641.0,2545.0
2020-04-28,142916.0,19544.0,2650.0
2020-04-29,128552.0,15148.0,5524.0
2020-04-30,142817.0,5846.0,13003.0
2020-05-01,82753.0,3906.0,5674.0
2020-05-02,137453.0,13125.0,3586.0
2020-05-03,95318.0,9953.0,1165.0
2020-05-04,115011.0,7302.0,8501.0
2020-05-05,102091.0,20022.0,2670.0
2020-05-06,104396.0,24246.0,3045.0
2020-05-07,132451.0,22269.0,3699.0
2020-05-08,134284.0,13351.0,3916.0
2020-05-09,116933.0,13687.0,8867.0
2020-05-10,73490.0,724.0,2201.0
2020-05-11,113698.0,6975.0,2738.0
2020-05-12,105049.0,23239.0,3032.0
2020-05-13,133988.0,16406.0,949.0
2020-05-14,129511.0,13584.0,566.0
2020-05-15,125288.0,19196.0,1229.0
2020-05-16,127572.0,12962.0,2911.0
2020-05-17,87173.0,11591.0,542.0
2020-05-18,126255.0,17551.0,1441.0
2020-05-19,140454.0,16616.0,3546.0
2020-05-20,190564.0,23726.0,2389.0
2020-05-21,126065.0,17753.0,3406.0
2020-05-22,153834.0,16128.0,7492.0
2020-05-23,93517.0,5114.0,3363.0
2020-05-24,59685.0,10765.0,1610.0
2020-05-25,160080.0,17103.0,6013.0
2020-05-26,183735.0,20982.0,5172.0
2020-05-27,136141.0,23276.0,3893.0
2020-05-28,123078.0,23952.0,8621.0
2020-05-29,134406.0,16310.0,7157.0
2020-05-30,124885.0,9698.0,5302.0
2020-05-31,89052.0,2335.0,1307.0
2020-06-01,70383.0,8751.0,1038.0
2020-06-02,169116.0,27763.0,2389.0
2020-06-03,161273.0,26530.0,2597.0
2020-06-04,117518.0,14207.0,3757.0
2020-06-05,111954.0,4736.0,1105.0
2020-06-06,93393.0,11113.0,747.0
2020-06-07,52892.0,9327.0,2963.0
2020-06-08,116347.0,17537.0,1327.0
2020-06-09,115652.0,21254.0,5825.0
2020-06-10,120145.0,20857.0,5655.0
2020-06-11,67216.0,9770.0,3093.0
2020-06-12,75131.0,11272.0,9102.0
2020-06-13,73501.0,5996.0,5847.0
2020-06-14,71622.0,11487.0,1427.0
2020-06-15,111645.0,24459.0,4548.0
2020-06-16,111730.0,25117.0,4570.0
2020-06-17,71880.0,24842.0,5534.0
2020-06-18,80784.0,23604.0,13295.0
2020-06-19,92627.0,17051.0,9225.0
2020-06-20,82974.0,6538.0,10254.0
2020-06-21,42554.0,3334.0,6376.0
2020-06-22,111368.0,23112.0,11594.0
2020-06-23,102036.0,16242.0,13996.0
2020-06-24,92742.0,22647.0,13725.0
2020-06-25,93177.0,23451.0,13183.0
2020-06-26,112443.0,23080.0,8717.0
2020-06-27,83293.0,7581.0,6114.0
2020-06-28,59267.0,4848.0,5367.0
2020-06-29,129105.0,16764.0,10876.0
2020-06-30,101954.0,17197.0,11234.0
2020-07-01,117569.0,15110.0,8562.0
2020-07-02,143066.0,14761.0,10335.0
2020-07-03,134744.0,13587.0,7547.0
2020-07-04,128177.0,1333.0,4980.0
2020-07-05,99523.0,3747.0,5756.0
2020-07-06,100607.0,10307.0,10588.0
2020-07-07,126766.0,9809.0,12576.0
2020-07-08,167472.0,14175.0,16763.0
2020-07-09,99103.0,14714.0,14399.0
2020-07-10,108314.0,8036.0,8564.0
2020-07-11,82130.0,3040.0,4661.0
2020-07-12,63896.0,904.0,2936.0
2020-07-13,117002.0,12714.0,7860.0
2020-07-14,95113.0,8331.0,9253.0
2020-07-15,161298.0,13883.0,14614.0
2020-07-16,132814.0,13977.0,16882.0
2020-07-17,111508.0,13485.0,7835.0
2020-07-18,73251.0,4504.0,2539.0
2020-07-19,56433.0,1476.0,3386.0
2020-07-20,99610.0,12724.0,8683.0
2020-07-21,100672.0,11501.0,11265.0
2020-07-22,119970.0,13337.0,14717.0
2020-07-23,128515.0,11856.0,12192.0
2020-07-24,111231.0,7692.0,6042.0
2020-07-25,97939.0,1159.0,2783.0
2020-07-26,75984.0,4816.0,3920.0
2020-07-27,129163.0,11979.0,7736.0
2020-07-28,119236.0,9296.0,12173.0
2020-07-29,133587.0,14547.0,16820.0
2020-07-30,128221.0,11877.0,15441.0
2020-07-31,145636.0,15454.0,19533.0
2020-08-01,111040.0,5745.0,6558.0
2020-08-02,58783.0,2377.0,1932.0
2020-08-03,126152.0,10685.0,12291.0
2020-08-04,117349.0,11753.0,11986.0
2020-08-05,120159.0,9480.0,9830.0
2020-08-06,139959.0,11179.0,9631.0
2020-08-07,161412.0,14056.0,8485.0
2020-08-08,115325.0,5068.0,3166.0
2020-08-09,73680.0,2100.0,5966.0
2020-08-10,157291.0,15088.0,9804.0
2020-08-11,129669.0,15406.0,9275.0
2020-08-12,121229.0,14099.0,7934.0
2020-08-13,143401.0,13251.0,7886.0
2020-08-14,147911.0,16047.0,8748.0
2020-08-15,83993.0,4964.0,6465.0
2020-08-16,49612.0,4797.0,6986.0
2020-08-17,182619.0,15149.0,10208.0
2020-08-18,142068.0,12435.0,6815.0
2020-08-19,122380.0,7384.0,5179.0
2020-08-20,147280.0,4485.0,6722.0
2020-08-21,124240.0,5157.0,6388.0
2020-08-22,92932.0,6182.0,4863.0
2020-08-23,43837.0,805.0,4188.0
2020-08-24,125546.0,13339.0,15420.0
2020-08-25,93007.0,5360.0,8471.0
2020-08-26,80745.0,10622.0,12508.0
2020-08-27,110926.0,13393.0,18864.0
2020-08-28,118540.0,6626.0,8660.0
2020-08-29,85454.0,1981.0,4368.0
2020-08-30,46341.0,544.0,1741.0
2020-08-31,146910.0,11352.0,20914.0
2020-09-01,107595.0,13795.0,10930.0
2020-09-02,140627.0,14233.0,16479.0
2020-09-03,96621.0,13774.0,10820.0
2020-09-04,148023.0,11288.0,10834.0
2020-09-05,66940.0,2262.0,5960.0
2020-09-06,61013.0,2523.0,6788.0
2020-09-07,107514.0,16076.0,7397.0
2020-09-08,117118.0,12767.0,12279.0
2020-09-09,107875.0,15703.0,15077.0
2020-09-10,126535.0,19738.0,14510.0
2020-09-11,111923.0,8678.0,19258.0
2020-09-12,94053.0,1981.0,2317.0
2020-09-13,57011.0,3968.0,4136.0
2020-09-14,138361.0,15900.0,13818.0
2020-09-15,182733.0,22253.0,13010.0
2020-09-16,82361.0,13457.0,10162.0
2020-09-17,87604.0,7265.0,7489.0
2020-09-18,96089.0,7567.0,4664.0
2020-09-19,75362.0,5149.0,3135.0
2020-09-20,44926.0,2134.0,2706.0
2020-09-21,143127.0,21358.0,13997.0
2020-09-22,154152.0,18852.0,11624.0
2020-09-23,117799.0,11885.0,9370.0
2020-09-24,126325.0,14539.0,6421.0
2020-09-25,130043.0,12357.0,6843.0
2020-09-26,55047.0,2847.0,6544.0
2020-09-27,62169.0,6574.0,8103.0
2020-09-28,153242.0,22453.0,9762.0
2020-09-29,124674.0,23727.0,15783.0
2020-09-30,111100.0,12915.0,6029.0
2020-10-01,149345.0,14330.0,5956.0
2020-10-02,103643.0,12944.0,7502.0
2020-10-03,128991.0,3692.0,7847.0
2020-10-04,73442.0,651.0,7769.0
2020-10-05,132583.0,9752.0,17354.0
2020-10-06,124628.0,8391.0,17638.0
2020-10-07,117436.0,12451.0,14943.0
2020-10-08,78722.0,3423.0,13288.0
2020-10-09,180545.0,21027.0,20466.0
2020-10-10,77836.0,3338.0,9538.0
2020-10-11,69170.0,5349.0,8038.0
2020-10-12,136100.0,21036.0,15829.0
2020-10-13,119401.0,15845.0,11619.0
2020-10-14,114724.0,13526.0,12481.0
2020-10-15,147182.0,18889.0,8905.0
2020-10-16,118108.0,27163.0,10635.0
2020-10-17,89862.0,10661.0,7192.0
2020-10-18,56900.0,4769.0,5678.0
2020-10-19,155604.0,20143.0,11788.0
2020-10-20,128678.0,12985.0,8830.0
2020-10-21,126551.0,6280.0,7103.0
2020-10-22,103273.0,16284.0,7417.0
2020-10-23,146433.0,17413.0,11384.0
2020-10-24,89124.0,3720.0,5178.0
2020-10-25,73777.0,4819.0,6140.0
2020-10-26,139947.0,22680.0,12991.0
2020-10-27,110991.0,22031.0,10672.0
2020-10-28,111665.0,15671.0,13401.0
2020-10-29,107120.0,15938.0,11608.0
2020-10-30,109329.0,20629.0,12626.0
2020-10-31,77693.0,2114.0,7296.0
2020-11-01,69563.0,891.0,4096.0
2020-11-02,135972.0,10435.0,12272.0
2020-11-03,125872.0,11912.0,10522.0
2020-11-04,122945.0,16267.0,9258.0
2020-11-05,97265.0,18286.0,11116.0
2020-11-06,139331.0,18580.0,16234.0
2020-11-07,103243.0,8802.0,8227.0
2020-11-08,83256.0,3378.0,4333.0
2020-11-09,137394.0,19641.0,10060.0
2020-11-10,132522.0,28542.0,13906.0
2020-11-11,135345.0,9620.0,10667.0
2020-11-12,93622.0,18445.0,17427.0
2020-11-13,98714.0,19140.0,10167.0
2020-11-14,63167.0,4526.0,2433.0
2020-11-15,61609.0,1050.0,1694.0
2020-11-16,101720.0,16546.0,10709.0
2020-11-17,94695.0,18730.0,7703.0
2020-11-18,105705.0,18784.0,6914.0
2020-11-19,92428.0,12788.0,6435.0
2020-11-20,128141.0,22000.0,6765.0
2020-11-21,74898.0,5674.0,8887.0
2020-11-22,65035.0,5545.0,2855.0
2020-11-23,113421.0,22749.0,10042.0
2020-11-24,111802.0,9939.0,6838.0
2020-11-25,115852.0,16789.0,9740.0
2020-11-26,131479.0,33509.0,9448.0
2020-11-27,120368.0,31289.0,20432.0
2020-11-28,68004.0,1702.0,4641.0
2020-11-29,75291.0,5332.0,738.0
2020-11-30,118899.0,20212.0,6302.0
2020-12-01,148670.0,19881.0,12297.0
2020-12-02,148183.0,40218.0,21289.0
2020-12-03,107764.0,11057.0,6493.0
2020-12-04,97154.0,15030.0,4632.0
2020-12-05,74923.0,7516.0,2558.0
2020-12-06,63853.0,3420.0,1879.0
2020-12-07,105010.0,23958.0,13058.0
2020-12-08,94514.0,20994.0,10418.0
2020-12-09,136283.0,33708.0,19407.0
2020-12-10,159608.0,34949.0,10270.0
2020-12-11,120264.0,19293.0,1083.0
2020-12-12,100381.0,9012.0,1052.0
2020-12-13,72435.0,3692.0,1596.0
2020-12-14,73332.0,15640.0,7239.0
2020-12-15,134461.0,19265.0,7595.0
2020-12-16,132757.0,17341.0,13866.0
2020-12-17,100147.0,18631.0,11310.0
2020-12-18,102410.0,4083.0,12133.0
2020-12-19,96984.0,5796.0,537.0
2020-12-20,99358.0,7501.0,563.0
2020-12-21,107684.0,16215.0,6189.0
2020-12-22,91414.0,12990.0,5325.0
2020-12-23,137838.0,16614.0,7370.0
2020-12-24,111586.0,7443.0,11833.0
2020-12-25,129872.0,5908.0,4894.0
2020-12-26,69461.0,4348.0,1623.0
2020-12-27,40645.0,3953.0,1575.0
2020-12-28,138561.0,18862.0,4187.0
2020-12-29,106022.0,14507.0,6742.0
2020-12-30,120987.0,13545.0,10635.0
2020-12-31,115056.0,9405.0,3633.0
2021-01-01,66157.0,5223.0,1421.0
2021-01-02,100007.0,13703.0,6586.0
2021-01-03,85762.0,9223.0,2983.0
2021-01-04,145919.0,17082.0,12405.0
2021-01-05,145406.0,30770.0,7515.0
2021-01-06,85314.0,26286.0,3229.0
2021-01-07,161785.0,27105.0,8085.0
2021-01-08,162961.0,30657.0,8092.0
2021-01-09,112653.0,8121.0,2819.0
2021-01-10,73377.0,3384.0,2565.0
2021-01-11,126006.0,33697.0,8925.0
2021-01-12,140520.0,19166.0,6395.0
2021-01-13,73701.0,20698.0,11757.0
2021-01-14,144738.0,16422.0,10206.0
2021-01-15,168742.0,36125.0,9556.0
2021-01-16,54470.0,6392.0,5285.0
2021-01-17,79532.0,4099.0,2952.0
2021-01-18,109061.0,25538.0,5064.0
2021-01-19,117254.0,21199.0,7025.0
2021-01-20,100996.0,7134.0,2319.0
2021-01-21,109236.0,4571.0,4344.0
2021-01-22,118502.0,12973.0,12371.0
2021-01-23,87126.0,5046.0,3542.0
2021-01-24,69646.0,7314.0,4585.0
2021-01-25,141154.0,40703.0,5083.0
2021-01-26,141070.0,32400.0,6166.0
2021-01-27,124724.0,20114.0,4751.0
2021-01-28,124814.0,8725.0,4857.0
2021-01-29,92484.0,4222.0,8852.0
2021-01-30,144465.0,14262.0,1335.0
2021-01-31,62572.0,7632.0,1794.0
2021-02-01,162126.0,19153.0,6994.0
2021-02-02,119041.0,5765.0,3649.0
2021-02-03,133019.0,8281.0,2165.0
2021-02-04,135482.0,23173.0,6495.0
2021-02-05,125358.0,13254.0,12674.0
2021-02-06,69876.0,2480.0,2057.0
2021-02-07,83445.0,3630.0,524.0
2021-02-08,137230.0,22752.0,8965.0
2021-02-09,155359.0,30021.0,10629.0
2021-02-10,155156.0,33020.0,11197.0
2021-02-11,122838.0,35267.0,19259.0
2021-02-12,100849.0,24249.0,6043.0
2021-02-13,99964.0,7605.0,5124.0
2021-02-14,45382.0,4808.0,1065.0
2021-02-15,139095.0,20621.0,11004.0
2021-02-16,113846.0,16321.0,8669.0
2021-02-17,79426.0,10816.0,13194.0
2021-02-18,96178.0,10945.0,6967.0
2021-02-19,142421.0,16317.0,8104.0
2021-02-20,50709.0,963.0,3415.0
2021-02-21,80435.0,8467.0,645.0
2021-02-22,95149.0,17677.0,6340.0
2021-02-23,100652.0,9360.0,8139.0
2021-02-24,125538.0,9939.0,8575.0
2021-02-25,127487.0,11249.0,11976.0
2021-02-26,94858.0,13098.0,8770.0
2021-02-27,67122.0,11156.0,4247.0
2021-02-28,57098.0,6261.0,1083.0
2021-03-01,142121.0,21440.0,11350.0
2021-03-02,133519.0,26563.0,6424.0
2021-03-03,129577.0,21551.0,6420.0
2021-03-04,133210.0,16938.0,4803.0
2021-03-05,102279.0,15474.0,3582.0
2021-03-06,87167.0,7638.0,5194.0
2021-03-07,45682.0,6075.0,1099.0
2021-03-08,131618.0,24905.0,8109.0
2021-03-09,113928.0,23535.0,7793.0
2021-03-10,93390.0,11506.0,3961.0
2021-03-11,117609.0,9202.0,9385.0
2021-03-12,132315.0,14989.0,7239.0
2021-03-13,66850.0,2548.0,4104.0
2021-03-14,91942.0,6855.0,1287.0
2021-03-15,108616.0,22807.0,6737.0
2021-03-16,122360.0,18209.0,8177.0
2021-03-17,105960.0,20249.0,5952.0
2021-03-18,108823.0,32475.0,6715.0
2021-03-19,133907.0,21972.0,5434.0
2021-03-20,76900.0,7341.0,1323.0
2021-03-21,31346.0,3839.0,3256.0
2021-03-22,129207.0,20759.0,6909.0
2021-03-23,92688.0,18288.0,6521.0
2021-03-24,105119.0,12016.0,11493.0
2021-03-25,110168.0,20629.0,9750.0
2021-03-26,118745.0,13429.0,6606.0
2021-03-27,108129.0,15134.0,2443.0
2021-03-28,79705.0,5893.0,927.0
2021-03-29,135114.0,16652.0,6021.0
2021-03-30,142270.0,19805.0,8265.0
2021-03-31,136289.0,19431.0,6596.0
2021-04-01,122975.0,11581.0,8521.0
2021-04-02,101332.0,7588.0,10628.0
2021-04-03,120939.0,10548.0,11564.0
2021-04-04,128999.0,10892.0,4371.0
2021-04-05,65489.0,4736.0,5320.0
2021-04-06,181160.0,24641.0,7457.0
2021-04-07,117493.0,20845.0,10399.0
2021-04-08,155641.0,18419.0,8146.0
2021-04-09,125756.0,16902.0,6758.0
2021-04-10,81698.0,6520.0,5139.0
2021-04-11,57140.0,6658.0,3104.0
2021-04-12,108676.0,17775.0,13072.0
2021-04-13,68571.0,12584.0,8952.0
2021-04-14,102773.0,10165.0,7736.0
2021-04-15,68086.0,11818.0,8110.0
2021-04-16,81409.0,10580.0,5902.0
2021-04-17,67841.0,5604.0,4849.0
2021-04-18,53246.0,4142.0,3966.0
2021-04-19,113555.0,13429.0,11036.0
2021-04-20,80416.0,13938.0,10929.0
2021-04-21,76248.0,6593.0,12000.0
2021-04-22,86175.0,7509.0,4221.0
2021-04-23,112534.0,6764.0,3320.0
2021-04-24,82780.0,2558.0,7066.0
2021-04-25,46684.0,331.0,7397.0
2021-04-26,104218.0,9577.0,10358.0
2021-04-27,103800.0,11280.0,10251.0
2021-04-28,98641.0,12442.0,8023.0
2021-04-29,83613.0,14858.0,7706.0
2021-04-30,131989.0,9825.0,8741.0
2021-05-01,71999.0,2826.0,1103.0
2021-05-02,37001.0,5510.0,4700.0
2021-05-03,96227.0,10356.0,10316.0
2021-05-04,90583.0,6451.0,8738.0
2021-05-05,104146.0,10419.0,10651.0
2021-05-06,107379.0,13399.0,7176.0
2021-05-07,110664.0,9470.0,9070.0
2021-05-08,92323.0,4097.0,2287.0
2021-05-09,34596.0,3023.0,3541.0
2021-05-10,102934.0,13261.0,12563.0
2021-05-11,97410.0,11338.0,15219.0
2021-05-12,90103.0,11908.0,7176.0
2021-05-13,82028.0,6502.0,11387.0
2021-05-14,85233.0,13960.0,21364.0
2021-05-15,76517.0,5275.0,2158.0
2021-05-16,49063.0,1892.0,6984.0
2021-05-17,103480.0,12018.0,12308.0
2021-05-18,105281.0,14322.0,16833.0
2021-05-19,83532.0,15209.0,18292.0
2021-05-20,104873.0,14923.0,13466.0
2021-05-21,94964.0,11873.0,11994.0
2021-05-22,77901.0,5624.0,8938.0
2021-05-23,82804.0,8261.0,2235.0
2021-05-24,91438.0,6471.0,11570.0
2021-05-25,120332.0,10088.0,8450.0
2021-05-26,99148.0,16502.0,11939.0
2021-05-27,91979.0,15994.0,8674.0
2021-05-28,77375.0,17444.0,8360.0
2021-05-29,71568.0,5174.0,5065.0
2021-05-30,45223.0,5004.0,4161.0
2021-05-31,110419.0,12132.0,9652.0
2021-06-01,111885.0,8953.0,9853.0
2021-06-02,89235.0,9792.0,9913.0
2021-06-03,99493.0,11303.0,11186.0
2021-06-04,128518.0,15422.0,13585.0
2021-06-05,86228.0,2510.0,8321.0
2021-06-06,41337.0,4542.0,7965.0
2021-06-07,118152.0,13031.0,14231.0
2021-06-08,103913.0,17382.0,18828.0
2021-06-09,97849.0,15366.0,15777.0
2021-06-10,97203.0,12042.0,18354.0
2021-06-11,120289.0,7721.0,15148.0
2021-06-12,86371.0,0.0,10349.0
2021-06-13,77752.0,4916.0,12127.0
2021-06-14,122666.0,18243.0,19598.0
2021-06-15,110691.0,15314.0,11985.0
2021-06-16,98114.0,14807.0,21526.0
2021-06-17,106614.0,14648.0,19816.0
2021-06-18,125921.0,18763.0,9494.0
2021-06-19,96076.0,3183.0,11942.0
2021-06-20,90455.0,1198.0,10140.0
2021-06-21,82030.0,11213.0,13350.0
2021-06-22,95892.0,13768.0,16070.0
2021-06-23,100353.0,14103.0,17817.0
2021-06-24,118686.0,17408.0,15571.0
2021-06-25,77550.0,13304.0,12947.0
2021-06-26,68216.0,8293.0,12192.0
2021-06-27,66974.0,4423.0,9358.0
2021-06-28,103189.0,9555.0,13379.0
2021-06-29,117994.0,14621.0,14483.0
2021-06-30,90588.0,16777.0,5193.0
2021-07-01,77380.0,16009.0,8114.0
2021-07-02,77038.0,11358.0,10737.0
2021-07-03,57284.0,8362.0,8129.0
2021-07-04,43296.0,7032.0,4075.0
2021-07-05,119171.0,10652.0,7538.0
2021-07-06,43366.0,5363.0,14204.0
2021-07-07,88276.0,10303.0,16526.0
2021-07-08,138699.0,10395.0,8877.0
2021-07-09,80822.0,13098.0,11001.0
2021-07-10,65709.0,7305.0,9765.0
2021-07-11,61080.0,3960.0,5159.0
2021-07-12,79650.0,9772.0,14756.0
2021-07-13,84939.0,12608.0,11391.0
2021-07-14,128628.0,1597.0,7575.0
2021-07-15,75149.0,9709.0,10152.0
2021-07-16,93979.0,11078.0,10510.0
2021-07-17,111328.0,2513.0,5183.0
2021-07-18,76197.0,3594.0,4590.0
2021-07-19,105274.0,11682.0,12324.0
2021-07-20,89803.0,7475.0,15920.0
2021-07-21,85151.0,10106.0,9020.0
2021-07-22,89063.0,13702.0,7143.0
2021-07-23,82253.0,10392.0,11295.0
2021-07-24,64348.0,3375.0,5007.0
2021-07-25,37932.0,4338.0,2193.0
2021-07-26,90624.0,9713.0,14375.0
2021-07-27,84079.0,12139.0,19501.0
2021-07-28,70340.0,5608.0,17840.0
2021-07-29,85704.0,3812.0,13720.0
2021-07-30,112523.0,4271.0,14982.0
2021-07-31,50617.0,8466.0,8448.0
2021-08-01,42431.0,7179.0,3264.0
2021-08-02,100445.0,11599.0,10816.0
2021-08-03,89757.0,11907.0,18693.0
2021-08-04,103103.0,14199.0,10810.0
2021-08-05,72241.0,10352.0,11905.0
2021-08-06,95021.0,10863.0,8683.0
2021-08-07,88108.0,5127.0,6287.0
2021-08-08,51544.0,3050.0,5262.0
2021-08-09,99267.0,11551.0,14128.0
2021-08-10,115965.0,10034.0,13728.0
2021-08-11,95798.0,13650.0,16618.0
2021-08-12,77706.0,13621.0,13987.0
2021-08-13,88718.0,13657.0,8993.0
2021-08-14,86873.0,8042.0,11012.0
2021-08-15,45156.0,3769.0,10488.0
2021-08-16,67119.0,6812.0,12202.0
2021-08-17,76648.0,6200.0,8621.0
2021-08-18,72692.0,6006.0,10446.0
2021-08-19,80737.0,9234.0,5466.0
2021-08-20,115057.0,13378.0,6536.0
2021-08-21,70669.0,6752.0,3865.0
2021-08-22,57458.0,1972.0,3626.0
2021-08-23,84958.0,11566.0,12586.0
2021-08-24,103008.0,8085.0,11449.0
2021-08-25,76860.0,10069.0,13077.0
2021-08-26,101767.0,10516.0,8454.0
2021-08-27,92945.0,12136.0,5085.0
2021-08-28,62005.0,6849.0,4521.0
2021-08-29,46954.0,6510.0,3919.0
2021-08-30,111228.0,12510.0,10554.0
2021-08-31,81644.0,9946.0,8540.0
2021-09-01,96378.0,8749.0,7384.0
2021-09-02,106636.0,10897.0,12335.0
2021-09-03,106495.0,11171.0,11420.0
2021-09-04,76914.0,7557.0,5141.0
2021-09-05,47275.0,5482.0,6181.0
2021-09-06,128748.0,9356.0,9630.0
2021-09-07,125831.0,7195.0,9874.0
2021-09-08,94902.0,8207.0,7409.0
2021-09-09,119844.0,8950.0,11296.0
2021-09-10,102247.0,10264.0,9559.0
2021-09-11,55123.0,7023.0,3848.0
2021-09-12,42890.0,2950.0,4104.0
2021-09-13,142348.0,18823.0,12521.0
2021-09-14,113566.0,20832.0,12630.0
2021-09-15,86884.0,12935.0,15390.0
2021-09-16,92647.0,5598.0,5523.0
2021-09-17,89508.0,8004.0,6945.0
2021-09-18,57859.0,905.0,5049.0
2021-09-19,60536.0,3367.0,4559.0
2021-09-20,104732.0,11312.0,11796.0
2021-09-21,90104.0,7522.0,7677.0
2021-09-22,118869.0,10662.0,11011.0
2021-09-23,73820.0,7582.0,11077.0
2021-09-24,126610.0,8168.0,8330.0
2021-09-25,109461.0,7717.0,6555.0
2021-09-26,55124.0,5704.0,4760.0
2021-09-27,99198.0,10446.0,10007.0
2021-09-28,130445.0,19313.0,12515.0
2021-09-29,91486.0,9807.0,15593.0
2021-09-30,118284.0,13570.0,10987.0
2021-10-01,120326.0,10991.0,8235.0
2021-10-02,85279.0,1942.0,4311.0
2021-10-03,52947.0,267.0,3522.0
2021-10-04,138265.0,9969.0,8256.0
2021-10-05,107173.0,8652.0,7856.0
2021-10-06,66078.0,11768.0,7663.0
2021-10-07,92125.0,20913.0,11872.0
2021-10-08,93877.0,16762.0,11187.0
2021-10-09,70306.0,1248.0,7214.0
2021-10-10,85383.0,3544.0,5165.0
2021-10-11,87000.0,16064.0,13251.0
2021-10-12,74863.0,14825.0,10424.0
2021-10-13,62689.0,14399.0,5680.0
2021-10-14,63318.0,11643.0,11434.0
2021-10-15,92092.0,12276.0,8868.0
2021-10-16,89530.0,3361.0,8206.0
2021-10-17,80282.0,3306.0,5457.0
2021-10-18,126180.0,21231.0,9898.0
2021-10-19,98855.0,15471.0,10269.0
2021-10-20,108553.0,9787.0,5364.0
2021-10-21,133040.0,11424.0,7471.0
2021-10-22,97483.0,22952.0,12726.0
2021-10-23,132016.0,10388.0,4561.0
2021-10-24,68210.0,6086.0,5144.0
2021-10-25,136287.0,22838.0,9392.0
2021-10-26,142455.0,14884.0,10898.0
2021-10-27,140267.0,16683.0,6685.0
2021-10-28,112371.0,15262.0,5304.0
2021-10-29,128946.0,12335.0,6570.0
2021-10-30,96355.0,7586.0,2755.0
2021-10-31,41979.0,0.0,2335.0
2021-11-01,97913.0,6111.0,3987.0
2021-11-02,138378.0,16202.0,12648.0
2021-11-03,142632.0,22397.0,7857.0
2021-11-04,90549.0,17061.0,6974.0
2021-11-05,128308.0,22465.0,9964.0
2021-11-06,81943.0,8188.0,9996.0
2021-11-07,37678.0,4342.0,4466.0
2021-11-08,136713.0,23251.0,10960.0
2021-11-09,80455.0,15932.0,5416.0
2021-11-10,143839.0,33686.0,12598.0
2021-11-11,111375.0,16250.0,5931.0
2021-11-12,98335.0,9473.0,7302.0
2021-11-13,115430.0,11037.0,2083.0
2021-11-14,53216.0,1003.0,4170.0
2021-11-15,153599.0,33542.0,10410.0
2021-11-16,145575.0,32082.0,20869.0
2021-11-17,112951.0,18300.0,13949.0
2021-11-18,95350.0,10475.0,4801.0
2021-11-19,136305.0,14544.0,4482.0
2021-11-20,90139.0,5519.0,1429.0
2021-11-21,89743.0,887.0,2395.0
2021-11-22,107387.0,11754.0,10804.0
2021-11-23,138820.0,15579.0,13165.0
2021-11-24,146717.0,31251.0,14199.0
2021-11-25,143493.0,25079.0,16167.0
2021-11-26,99093.0,10548.0,4385.0
2021-11-27,90854.0,5594.0,7354.0
2021-11-28,86564.0,10487.0,6391.0
2021-11-29,164926.0,38725.0,20220.0
2021-11-30,130503.0,18944.0,2092.0
2021-12-01,60747.0,15403.0,6164.0
2021-12-02,164998.0,24102.0,9405.0
2021-12-03,88460.0,20137.0,5303.0
2021-12-04,121250.0,516.0,1304.0
2021-12-05,78166.0,5356.0,4740.0
2021-12-06,126311.0,29466.0,9362.0
2021-12-07,110633.0,13010.0,4307.0
2021-12-08,91201.0,11989.0,9576.0
2021-12-09,146947.0,31687.0,9125.0
2021-12-10,128790.0,15836.0,8977.0
2021-12-11,70476.0,11307.0,5201.0
2021-12-12,73051.0,4646.0,4369.0
2021-12-13,142354.0,23919.0,7997.0
2021-12-14,149821.0,23895.0,11356.0
2021-12-15,105607.0,20755.0,5522.0
2021-12-16,116716.0,21774.0,10447.0
2021-12-17,123388.0,17290.0,7136.0
2021-12-18,69305.0,1766.0,4869.0
2021-12-19,36459.0,11260.0,2278.0
2021-12-20,131649.0,32246.0,14425.0
2021-12-21,137490.0,41977.0,14942.0
2021-12-22,132662.0,25289.0,7789.0
2021-12-23,124699.0,7045.0,5164.0
2021-12-24,60357.0,6166.0,5308.0
2021-12-25,119887.0,4413.0,5146.0
2021-12-26,76918.0,7238.0,6217.0
2021-12-27,134469.0,22908.0,2008.0
2021-12-28,107815.0,11507.0,3527.0
2021-12-29,143948.0,26193.0,4361.0
2021-12-30,124921.0,16340.0,8398.0
2021-12-31,108425.0,17150.0,6905.0
2022-01-01,117436.0,11427.0,7056.0
2022-01-02,68554.0,1928.0,5210.0
2022-01-03,112219.0,25191.0,1397.0
2022-01-04,154395.0,22639.0,4982.0
2022-01-05,64902.0,17701.0,5566.0
2022-01-06,151087.0,16592.0,6096.0
2022-01-07,129565.0,24391.0,2926.0
2022-01-08,77382.0,2329.0,1565.0
2022-01-09,80978.0,4442.0,5761.0
2022-01-10,161909.0,34838.0,4644.0
2022-01-11,122419.0,13096.0,6391.0
2022-01-12,154166.0,20657.0,5330.0
2022-01-13,120148.0,15444.0,2222.0
2022-01-14,108020.0,29243.0,3978.0
2022-01-15,97945.0,9623.0,3068.0
2022-01-16,56175.0,8533.0,1719.0
2022-01-17,97759.0,17600.0,5455.0
2022-01-18,165410.0,21503.0,5185.0
2022-01-19,89565.0,16671.0,5244.0
2022-01-20,120278.0,20646.0,4889.0
2022-01-21,134598.0,10592.0,5418.0
2022-01-22,102095.0,5450.0,2617.0
2022-01-23,65759.0,5121.0,3383.0
2022-01-24,154340.0,27091.0,10685.0
2022-01-25,159468.0,35843.0,14382.0
2022-01-26,125045.0,29027.0,9373.0
2022-01-27,93851.0,23603.0,3952.0
2022-01-28,134679.0,16602.0,3149.0
2022-01-29,72054.0,3813.0,2014.0
2022-01-30,83106.0,4363.0,5448.0
2022-01-31,165771.0,8444.0,4983.0
2022-02-01,83083.0,8021.0,4479.0
2022-02-02,98059.0,14877.0,3968.0
2022-02-03,107253.0,17871.0,2873.0
2022-02-04,71914.0,16122.0,5478.0
2022-02-05,83860.0,10577.0,2926.0
2022-02-06,107838.0,569.0,6430.0
2022-02-07,113617.0,16726.0,8623.0
2022-02-08,74246.0,15327.0,6085.0
2022-02-09,97240.0,23390.0,6433.0
2022-02-10,88173.0,14831.0,5190.0
2022-02-11,106165.0,20150.0,5693.0
2022-02-12,73811.0,7949.0,3779.0
2022-02-13,69396.0,715.0,4180.0
2022-02-14,108988.0,14053.0,8050.0
2022-02-15,119645.0,21212.0,7342.0
2022-02-16,101136.0,11722.0,3481.0
2022-02-17,98568.0,17492.0,2110.0
2022-02-18,155978.0,17173.0,5987.0
2022-02-19,128244.0,11770.0,7416.0
2022-02-20,57394.0,2145.0,5078.0
2022-02-21,143341.0,18927.0,3934.0
2022-02-22,118464.0,14281.0,5671.0
2022-02-23,160758.0,13231.0,8729.0
2022-02-24,88762.0,11338.0,8612.0
2022-02-25,94711.0,17813.0,6100.0
2022-02-26,142242.0,12329.0,6713.0
2022-02-27,66204.0,7286.0,1749.0
2022-02-28,143452.0,23788.0,8467.0
2022-03-01,124352.0,22008.0,9530.0
2022-03-02,120762.0,30167.0,4905.0
2022-03-03,118197.0,23840.0,9864.0
2022-03-04,91840.0,16787.0,12751.0
2022-03-05,93975.0,5121.0,8256.0
2022-03-06,55579.0,7106.0,7501.0
2022-03-07,148732.0,27039.0,14922.0
2022-03-08,115658.0,24412.0,1634.0
