,DE_LU_SUN,FR_SUN,IT_NORD_SUN,ES_SUN
2019-01-01,40365.0,9342.0,5875.0,25653.0
2019-01-02,124469.0,14493.0,8035.0,25654.0
2019-01-03,90115.0,19307.0,10957.0,22583.0
2019-01-04,38324.0,15423.0,12435.0,23923.0
2019-01-05,27223.0,16381.0,6835.0,26112.0
2019-01-06,47374.0,10727.0,12911.0,26696.0
2019-01-07,41718.0,10654.0,11001.0,26723.0
2019-01-08,53980.0,7468.0,3475.0,26578.0
2019-01-09,52008.0,13023.0,6127.0,25666.0
2019-01-10,43908.0,16821.0,12968.0,27481.0
2019-01-11,21361.0,15676.0,12032.0,28228.0
2019-01-12,27489.0,12139.0,10238.0,27294.0
2019-01-13,24297.0,8260.0,12020.0,26809.0
2019-01-14,101124.0,11900.0,14856.0,26924.0
2019-01-15,60413.0,19852.0,15167.0,21799.0
2019-01-16,124178.0,15047.0,13289.0,14429.0
2019-01-17,80642.0,13094.0,6410.0,9758.0
2019-01-18,189648.0,14056.0,6885.0,13268.0
2019-01-19,252400.0,15107.0,4042.0,10134.0
2019-01-20,214053.0,9777.0,7351.0,15572.0
2019-01-21,206879.0,14820.0,6875.0,26042.0
2019-01-22,150150.0,13064.0,7548.0,9536.0
2019-01-23,108143.0,9886.0,5559.0,13064.0
2019-01-24,58040.0,17187.0,11872.0,17460.0
2019-01-25,64944.0,13205.0,16551.0,30037.0
2019-01-26,46130.0,13517.0,13655.0,32800.0
2019-01-27,95846.0,13474.0,3698.0,24294.0
2019-01-28,97511.0,14856.0,7118.0,23905.0
2019-01-29,143822.0,10751.0,17297.0,9394.0
2019-01-30,135693.0,13995.0,5807.0,14333.0
2019-01-31,217839.0,7765.0,8075.0,7878.0
2019-02-01,81485.0,11277.0,1917.0,14272.0
2019-02-02,80130.0,8474.0,2434.0,24964.0
2019-02-03,78352.0,18621.0,5086.0,34642.0
2019-02-04,226356.0,17846.0,15300.0,33384.0
2019-02-05,140983.0,17615.0,20428.0,35485.0
2019-02-06,218560.0,19620.0,21306.0,34429.0
2019-02-07,110686.0,16423.0,15043.0,33824.0
2019-02-08,222319.0,22015.0,19350.0,34448.0
2019-02-09,229383.0,18686.0,16436.0,28996.0
2019-02-10,101375.0,11283.0,5833.0,13537.0
2019-02-11,160390.0,22001.0,15271.0,28117.0
2019-02-12,186378.0,29599.0,22555.0,33810.0
2019-02-13,288385.0,32946.0,22172.0,36056.0
2019-02-14,411836.0,32737.0,21247.0,37211.0
2019-02-15,505850.0,33402.0,21259.0,32516.0
2019-02-16,511018.0,33220.0,21851.0,30500.0
2019-02-17,487544.0,32246.0,22320.0,34126.0
2019-02-18,522954.0,29335.0,22556.0,18221.0
2019-02-19,266464.0,21649.0,20853.0,19677.0
2019-02-20,300639.0,31656.0,15293.0,27835.0
2019-02-21,254416.0,33274.0,17760.0,33190.0
2019-02-22,190275.0,34351.0,22450.0,37929.0
2019-02-23,513762.0,35752.0,20457.0,28232.0
2019-02-24,510844.0,33359.0,22132.0,39126.0
2019-02-25,555547.0,35555.0,23672.0,42960.0
2019-02-26,525127.0,34576.0,16140.0,44948.0
2019-02-27,597815.0,36484.0,24385.0,40242.0
2019-02-28,486196.0,27055.0,23860.0,35577.0
2019-03-01,127495.0,22346.0,15559.0,28510.0
2019-03-02,140842.0,24051.0,19800.0,39374.0
2019-03-03,194634.0,28745.0,23393.0,39706.0
2019-03-04,241339.0,21577.0,13907.0,22782.0
2019-03-05,280093.0,32294.0,22527.0,16837.0
2019-03-06,400222.0,13349.0,17931.0,11159.0
2019-03-07,279473.0,30063.0,15004.0,30932.0
2019-03-08,333897.0,26148.0,24015.0,30327.0
2019-03-09,237147.0,18151.0,23586.0,46338.0
2019-03-10,205395.0,20109.0,18288.0,47355.0
2019-03-11,266663.0,34182.0,20618.0,47565.0
2019-03-12,443758.0,34605.0,29635.0,47544.0
2019-03-13,319364.0,29850.0,14797.0,45440.0
2019-03-14,136491.0,21708.0,23357.0,50340.0
2019-03-15,144520.0,20880.0,27567.0,52432.0
2019-03-16,212364.0,37454.0,25770.0,52840.0
2019-03-17,412810.0,27178.0,14367.0,44453.0
2019-03-18,407805.0,30192.0,18445.0,42547.0
2019-03-19,541565.0,32807.0,21566.0,41860.0
2019-03-20,642981.0,43252.0,30321.0,45727.0
2019-03-21,660176.0,44468.0,30337.0,50347.0
2019-03-22,657720.0,45408.0,29892.0,49141.0
2019-03-23,620602.0,43849.0,30096.0,36280.0
2019-03-24,549932.0,42879.0,29349.0,37931.0
2019-03-25,436314.0,41734.0,28854.0,49114.0
2019-03-26,343980.0,46927.0,29242.0,41488.0
2019-03-27,367916.0,46493.0,27785.0,52463.0
2019-03-28,409933.0,45879.0,31467.0,54506.0
2019-03-29,699439.0,45305.0,30109.0,48078.0
2019-03-30,817471.0,46778.0,30923.0,43033.0
2019-03-31,675607.0,45337.0,31016.0,18599.0
2019-04-01,856883.0,35933.0,28248.0,19043.0
2019-04-02,704912.0,26302.0,20792.0,33455.0
2019-04-03,477357.0,21795.0,13214.0,44084.0
2019-04-04,426332.0,34465.0,11273.0,53124.0
2019-04-05,317897.0,34182.0,15619.0,17913.0
2019-04-06,692721.0,18742.0,18566.0,19790.0
2019-04-07,747990.0,29859.0,17063.0,19119.0
2019-04-08,582303.0,32219.0,22932.0,21118.0
2019-04-09,583644.0,37439.0,22908.0,28114.0
2019-04-10,617042.0,33157.0,24146.0,33980.0
2019-04-11,600828.0,33966.0,9367.0,49225.0
2019-04-12,448095.0,49948.0,13860.0,58172.0
2019-04-13,491095.0,50963.0,14382.0,56506.0
2019-04-14,461273.0,42097.0,11731.0,45463.0
2019-04-15,901464.0,29404.0,29645.0,36437.0
2019-04-16,884934.0,29309.0,28896.0,53921.0
2019-04-17,804149.0,40003.0,30812.0,21686.0
2019-04-18,939007.0,39710.0,30791.0,11340.0
2019-04-19,952063.0,48870.0,32569.0,15102.0
2019-04-20,952780.0,48167.0,33487.0,15744.0
2019-04-21,958974.0,27705.0,27841.0,16765.0
2019-04-22,946745.0,34873.0,17909.0,29401.0
2019-04-23,747538.0,24751.0,5226.0,18097.0
2019-04-24,831810.0,33753.0,17764.0,16874.0
2019-04-25,847482.0,30379.0,18903.0,21736.0
2019-04-26,432301.0,37523.0,20304.0,47597.0
2019-04-27,504134.0,36497.0,34037.0,55733.0
2019-04-28,534026.0,35204.0,22941.0,54712.0
2019-04-29,407675.0,46133.0,16289.0,50435.0
2019-04-30,791996.0,52624.0,30806.0,57167.0
2019-05-01,747876.0,48752.0,33514.0,53361.0
2019-05-02,662154.0,33499.0,29390.0,52958.0
2019-05-03,503555.0,33675.0,17793.0,51050.0
2019-05-04,465822.0,34197.0,20683.0,54454.0
2019-05-05,612798.0,47267.0,10253.0,56170.0
2019-05-06,562219.0,54573.0,29578.0,47998.0
2019-05-07,699935.0,44032.0,31000.0,41470.0
2019-05-08,455627.0,21487.0,10965.0,24177.0
2019-05-09,572291.0,32921.0,26814.0,24788.0
2019-05-10,577841.0,35369.0,31070.0,43541.0
2019-05-11,438598.0,36913.0,23424.0,57828.0
2019-05-12,720141.0,54940.0,10394.0,61026.0
2019-05-13,953603.0,58507.0,11555.0,63497.0
2019-05-14,823892.0,57363.0,23904.0,64257.0
2019-05-15,717135.0,55347.0,22358.0,61109.0
2019-05-16,385598.0,48250.0,28699.0,56071.0
2019-05-17,682499.0,20330.0,25486.0,41216.0
2019-05-18,931020.0,27581.0,8752.0,50041.0
2019-05-19,830392.0,24235.0,9540.0,52626.0
2019-05-20,404526.0,31324.0,16114.0,50878.0
2019-05-21,337204.0,43171.0,25928.0,51575.0
2019-05-22,405428.0,51064.0,28809.0,57327.0
2019-05-23,959959.0,48462.0,30779.0,50260.0
2019-05-24,908396.0,36846.0,30293.0,43394.0
2019-05-25,693696.0,38952.0,25346.0,56839.0
2019-05-26,776136.0,38364.0,14942.0,62412.0
2019-05-27,612262.0,34652.0,6781.0,59231.0
2019-05-28,486272.0,36369.0,21166.0,61579.0
2019-05-29,732302.0,44764.0,14389.0,64425.0
2019-05-30,761398.0,46558.0,29325.0,63401.0
2019-05-31,671949.0,56186.0,33594.0,64334.0
2019-06-01,978258.0,57272.0,32978.0,65068.0
2019-06-02,1021792.0,54891.0,34832.0,62314.0
2019-06-03,844817.0,40537.0,32941.0,59067.0
2019-06-04,943421.0,47203.0,32045.0,56729.0
2019-06-05,940284.0,31440.0,31874.0,52593.0
2019-06-06,539324.0,49096.0,26424.0,60347.0
2019-06-07,964863.0,39718.0,29877.0,61382.0
2019-06-08,755492.0,52322.0,32158.0,56138.0
2019-06-09,890039.0,35241.0,25649.0,56312.0
2019-06-10,602729.0,32336.0,21558.0,62708.0
2019-06-11,651071.0,27991.0,25650.0,56620.0
2019-06-12,558576.0,43664.0,30875.0,63180.0
2019-06-13,917516.0,50901.0,34344.0,54539.0
2019-06-14,857556.0,31338.0,30102.0,54092.0
2019-06-15,759245.0,36268.0,30427.0,66212.0
2019-06-16,609760.0,54983.0,34686.0,44927.0
2019-06-17,963217.0,56818.0,30665.0,58324.0
2019-06-18,954478.0,49310.0,31317.0,56934.0
2019-06-19,905461.0,45683.0,31403.0,46820.0
2019-06-20,646633.0,37870.0,31415.0,52026.0
2019-06-21,817503.0,34660.0,29548.0,59634.0
2019-06-22,763715.0,49261.0,19186.0,59494.0
2019-06-23,894896.0,49042.0,33951.0,54403.0
2019-06-24,1035178.0,44745.0,31595.0,42401.0
2019-06-25,993406.0,48646.0,31480.0,56405.0
2019-06-26,974169.0,54810.0,31295.0,58330.0
2019-06-27,958726.0,54913.0,31164.0,53488.0
2019-06-28,1003834.0,51356.0,30928.0,57641.0
2019-06-29,1058143.0,52417.0,32944.0,58712.0
2019-06-30,1013066.0,46707.0,33284.0,56857.0
2019-07-01,787204.0,42554.0,30648.0,57550.0
2019-07-02,870639.0,46443.0,30996.0,60172.0
2019-07-03,913060.0,52754.0,30496.0,58587.0
2019-07-04,993794.0,56029.0,32760.0,49202.0
2019-07-05,762544.0,54388.0,32417.0,60031.0
2019-07-06,738864.0,53187.0,30563.0,48302.0
2019-07-07,595015.0,49758.0,25500.0,51073.0
2019-07-08,647789.0,46907.0,28714.0,49041.0
2019-07-09,707185.0,42436.0,19672.0,55828.0
2019-07-10,934487.0,56954.0,27739.0,60947.0
2019-07-11,489765.0,48095.0,22642.0,63146.0
2019-07-12,568997.0,50033.0,31459.0,32696.0
2019-07-13,544736.0,54013.0,32072.0,48630.0
2019-07-14,524194.0,53757.0,34002.0,60171.0
2019-07-15,591880.0,55981.0,11118.0,62896.0
2019-07-16,736109.0,56779.0,34246.0,61805.0
2019-07-17,828833.0,53094.0,32652.0,56132.0
2019-07-18,861104.0,46583.0,24867.0,63971.0
2019-07-19,630894.0,53805.0,31180.0,64128.0
2019-07-20,816091.0,42014.0,32204.0,56909.0
2019-07-21,763130.0,49491.0,32751.0,54991.0
2019-07-22,791042.0,54300.0,28579.0,56246.0
2019-07-23,988518.0,54506.0,31021.0,54668.0
2019-07-24,969180.0,54030.0,30778.0,60966.0
2019-07-25,932148.0,51547.0,30528.0,61184.0
2019-07-26,905445.0,34944.0,30414.0,54942.0
2019-07-27,710797.0,24713.0,20219.0,39446.0
2019-07-28,546557.0,47419.0,16370.0,62713.0
2019-07-29,549164.0,56797.0,30621.0,68392.0
2019-07-30,696781.0,42411.0,31918.0,68257.0
2019-07-31,542388.0,51063.0,29019.0,58540.0
2019-08-01,770401.0,43393.0,30143.0,61207.0
2019-08-02,653244.0,54331.0,24969.0,66373.0
2019-08-03,638796.0,54895.0,35151.0,65742.0
2019-08-04,828246.0,52794.0,34059.0,65077.0
2019-08-05,573430.0,46371.0,33050.0,65728.0
2019-08-06,662767.0,39591.0,30296.0,62092.0
2019-08-07,428881.0,39229.0,24049.0,31101.0
2019-08-08,789726.0,50606.0,29569.0,64235.0
2019-08-09,680405.0,41745.0,30749.0,58273.0
2019-08-10,520710.0,41367.0,32354.0,65183.0
2019-08-11,816772.0,34294.0,32548.0,58030.0
2019-08-12,528309.0,39280.0,18525.0,62733.0
2019-08-13,644893.0,45299.0,29929.0,61829.0
2019-08-14,801608.0,50398.0,30606.0,67742.0
2019-08-15,446147.0,36977.0,31567.0,66610.0
2019-08-16,734261.0,49262.0,34273.0,66893.0
2019-08-17,393693.0,42567.0,30957.0,67066.0
2019-08-18,620344.0,37552.0,31335.0,64661.0
2019-08-19,640110.0,35247.0,30958.0,61413.0
2019-08-20,437932.0,32339.0,28313.0,58430.0
2019-08-21,794766.0,49351.0,27471.0,47278.0
2019-08-22,861321.0,50169.0,21482.0,63582.0
2019-08-23,843513.0,52394.0,17885.0,65600.0
2019-08-24,833854.0,51002.0,28684.0,65309.0
2019-08-25,790889.0,49532.0,31143.0,57678.0
2019-08-26,772858.0,45728.0,29137.0,30329.0
2019-08-27,758385.0,32495.0,28240.0,51815.0
2019-08-28,681869.0,36785.0,17589.0,62612.0
2019-08-29,587910.0,46994.0,29531.0,51919.0
2019-08-30,758687.0,47996.0,28905.0,57475.0
2019-08-31,817644.0,44426.0,27200.0,56505.0
2019-09-01,543494.0,28587.0,27865.0,50033.0
2019-09-02,630814.0,48856.0,22805.0,52504.0
2019-09-03,661268.0,50119.0,28750.0,55344.0
2019-09-04,764771.0,49163.0,28682.0,50611.0
2019-09-05,483312.0,39693.0,25506.0,50593.0
2019-09-06,613769.0,47261.0,9973.0,53659.0
2019-09-07,360625.0,39083.0,25796.0,50699.0
2019-09-08,359076.0,42105.0,15464.0,39727.0
2019-09-09,282061.0,34986.0,30409.0,47919.0
2019-09-10,677367.0,29192.0,21220.0,50571.0
2019-09-11,667037.0,41545.0,29303.0,41288.0
2019-09-12,540573.0,44600.0,29035.0,30429.0
2019-09-13,516024.0,43279.0,28668.0,17951.0
2019-09-14,728442.0,37124.0,27531.0,20611.0
2019-09-15,705781.0,43737.0,24357.0,33733.0
2019-09-16,406932.0,43384.0,26263.0,41734.0
2019-09-17,484736.0,41556.0,24723.0,36189.0
2019-09-18,680780.0,41011.0,15701.0,47350.0
2019-09-19,704592.0,44241.0,13284.0,48341.0
2019-09-20,681067.0,43272.0,23400.0,21673.0
2019-09-21,765531.0,28105.0,28064.0,16346.0
2019-09-22,629174.0,19220.0,6303.0,30465.0
2019-09-23,319091.0,30856.0,8666.0,47127.0
2019-09-24,394178.0,22658.0,23673.0,54728.0
2019-09-25,318779.0,23440.0,16194.0,56931.0
2019-09-26,271374.0,28266.0,23125.0,58958.0
2019-09-27,290047.0,29260.0,15677.0,58749.0
2019-09-28,415234.0,30617.0,20698.0,57404.0
2019-09-29,382122.0,34222.0,24543.0,56074.0
2019-09-30,378667.0,31140.0,24645.0,53444.0
2019-10-01,318208.0,26502.0,18744.0,47139.0
2019-10-02,329144.0,27626.0,13925.0,52000.0
2019-10-03,340404.0,34105.0,18836.0,49805.0
2019-10-04,188755.0,22391.0,19147.0,51765.0
2019-10-05,250506.0,25888.0,23119.0,49613.0
2019-10-06,266160.0,21442.0,14449.0,49183.0
2019-10-07,399669.0,28631.0,20511.0,49493.0
2019-10-08,156570.0,31213.0,22736.0,49177.0
2019-10-09,221695.0,19868.0,12326.0,46504.0
2019-10-10,325807.0,31398.0,17555.0,44053.0
2019-10-11,337157.0,36812.0,19663.0,27773.0
2019-10-12,468835.0,20306.0,14856.0,25505.0
2019-10-13,467208.0,31822.0,11971.0,40203.0
2019-10-14,533383.0,19931.0,12474.0,21149.0
2019-10-15,405626.0,23246.0,9736.0,42388.0
2019-10-16,324325.0,26830.0,22489.0,44392.0
2019-10-17,314398.0,18668.0,18717.0,33059.0
2019-10-18,312774.0,16095.0,10488.0,23870.0
2019-10-19,182582.0,15045.0,11967.0,20803.0
2019-10-20,284931.0,12607.0,13759.0,19479.0
2019-10-21,236834.0,17167.0,12505.0,34450.0
2019-10-22,288201.0,11789.0,9631.0,17440.0
2019-10-23,272451.0,10738.0,14489.0,11550.0
2019-10-24,257508.0,18389.0,3392.0,37028.0
2019-10-25,332492.0,28408.0,12718.0,47014.0
2019-10-26,405611.0,31153.0,19626.0,46234.0
2019-10-27,246577.0,19388.0,19297.0,32072.0
2019-10-28,281405.0,13723.0,8144.0,22313.0
2019-10-29,239120.0,20848.0,3766.0,28111.0
2019-10-30,319032.0,18041.0,2634.0,26782.0
2019-10-31,408637.0,12615.0,2762.0,21035.0
2019-11-01,152565.0,9329.0,5076.0,21095.0
2019-11-02,165024.0,12492.0,2188.0,16591.0
2019-11-03,141148.0,12906.0,2468.0,22623.0
2019-11-04,189595.0,14207.0,15704.0,17773.0
2019-11-05,144276.0,14524.0,7978.0,25491.0
2019-11-06,126672.0,16786.0,5614.0,31035.0
2019-11-07,221852.0,11155.0,8044.0,24615.0
2019-11-08,132276.0,16538.0,3798.0,36897.0
2019-11-09,124006.0,19234.0,13895.0,27009.0
2019-11-10,254146.0,15720.0,12743.0,17759.0
2019-11-11,155835.0,12929.0,1921.0,9948.0
2019-11-12,146306.0,19794.0,2539.0,31376.0
2019-11-13,121318.0,18637.0,11903.0,20766.0
2019-11-14,282776.0,8445.0,8200.0,11520.0
2019-11-15,100225.0,13096.0,1765.0,21478.0
2019-11-16,130860.0,13483.0,4371.0,34058.0
2019-11-17,81745.0,13458.0,4395.0,10346.0
2019-11-18,117934.0,13237.0,7791.0,30501.0
2019-11-19,147940.0,16369.0,1661.0,21388.0
2019-11-20,87453.0,17985.0,6301.0,12830.0
2019-11-21,77468.0,13041.0,3829.0,9366.0
2019-11-22,119672.0,11256.0,3911.0,5187.0
2019-11-23,191727.0,7902.0,1846.0,22415.0
2019-11-24,154787.0,10765.0,2814.0,21724.0
2019-11-25,56161.0,13513.0,10916.0,11358.0
2019-11-26,90177.0,13349.0,9007.0,12613.0
2019-11-27,66592.0,12210.0,1329.0,16977.0
2019-11-28,100061.0,11799.0,3126.0,13957.0
2019-11-29,123971.0,15206.0,5815.0,17254.0
2019-11-30,188768.0,10038.0,5491.0,19943.0
2019-12-01,86092.0,8754.0,1189.0,14758.0
2019-12-02,124449.0,14068.0,4166.0,10997.0
2019-12-03,137037.0,19424.0,9922.0,14944.0
2019-12-04,234967.0,12341.0,10228.0,11343.0
2019-12-05,184951.0,14918.0,8459.0,19283.0
2019-12-06,124654.0,14090.0,3986.0,24588.0
2019-12-07,76700.0,12354.0,9801.0,24735.0
2019-12-08,96093.0,12118.0,5733.0,18196.0
2019-12-09,117915.0,12163.0,3610.0,18137.0
2019-12-10,179707.0,17880.0,8806.0,23350.0
2019-12-11,85665.0,6751.0,9808.0,16031.0
2019-12-12,66241.0,9241.0,1355.0,12412.0
2019-12-13,67788.0,9205.0,1643.0,11763.0
2019-12-14,89713.0,10381.0,11137.0,13006.0
2019-12-15,112690.0,14076.0,4936.0,18571.0
2019-12-16,112185.0,6772.0,2327.0,10648.0
2019-12-17,133251.0,7662.0,1782.0,15639.0
2019-12-18,121416.0,13768.0,1440.0,19451.0
2019-12-19,170067.0,7847.0,1278.0,5956.0
2019-12-20,110722.0,8378.0,1643.0,4433.0
2019-12-21,125972.0,13927.0,4474.0,10560.0
2019-12-22,63551.0,10493.0,5273.0,18070.0
2019-12-23,66372.0,12515.0,9462.0,26805.0
2019-12-24,75321.0,11633.0,7313.0,30729.0
2019-12-25,53676.0,15519.0,11263.0,27976.0
2019-12-26,109332.0,12331.0,9670.0,21024.0
2019-12-27,83837.0,13192.0,8149.0,29848.0
2019-12-28,144957.0,16869.0,8579.0,33115.0
2019-12-29,219638.0,14700.0,5013.0,29090.0
2019-12-30,212865.0,19669.0,6465.0,26288.0
2019-12-31,146248.0,15053.0,10185.0,26889.0
2020-01-01,203560.0,12533.0,11028.0,28677.0
2020-01-02,158992.0,11849.0,11004.0,23403.0
2020-01-03,73032.0,9237.0,6731.0,18824.0
2020-01-04,52598.0,14455.0,11489.0,25754.0
2020-01-05,99658.0,19106.0,12146.0,33395.0
2020-01-06,152588.0,17470.0,10465.0,31586.0
2020-01-07,61188.0,10433.0,3988.0,33753.0
2020-01-08,39003.0,14985.0,5118.0,32790.0
2020-01-09,97197.0,16956.0,8983.0,27411.0
2020-01-10,122566.0,11275.0,10155.0,28888.0
2020-01-11,147951.0,20586.0,11680.0,40112.0
2020-01-12,137322.0,18766.0,13130.0,40279.0
2020-01-13,106370.0,15514.0,8117.0,28319.0
2020-01-14,153111.0,14938.0,4710.0,25148.0
2020-01-15,256780.0,12172.0,4726.0,21992.0
2020-01-16,263396.0,20209.0,7331.0,34740.0
2020-01-17,223817.0,9065.0,12565.0,24245.0
2020-01-18,120386.0,18548.0,3626.0,9961.0
2020-01-19,123067.0,20459.0,6580.0,17510.0
2020-01-20,180880.0,18147.0,13972.0,11461.0
2020-01-21,259081.0,14497.0,11592.0,9921.0
2020-01-22,101049.0,12028.0,13246.0,13296.0
2020-01-23,115644.0,10335.0,13616.0,13940.0
2020-01-24,187046.0,15387.0,9647.0,11802.0
2020-01-25,114625.0,15568.0,2848.0,9624.0
2020-01-26,150345.0,11789.0,6124.0,25510.0
2020-01-27,160088.0,8246.0,12194.0,23545.0
2020-01-28,100176.0,15381.0,7452.0,14984.0
2020-01-29,100309.0,18387.0,17042.0,19269.0
2020-01-30,184681.0,10966.0,12312.0,23047.0
2020-01-31,142197.0,16469.0,8887.0,22421.0
2020-02-01,130757.0,12551.0,4353.0,23002.0
2020-02-02,70370.0,16243.0,5380.0,36113.0
2020-02-03,86134.0,21088.0,6474.0,42662.0
2020-02-04,194242.0,22261.0,14138.0,42474.0
2020-02-05,347739.0,29300.0,20578.0,41474.0
2020-02-06,252112.0,29476.0,18894.0,37330.0
2020-02-07,306053.0,27878.0,20180.0,26015.0
2020-02-08,349808.0,20006.0,16386.0,18772.0
2020-02-09,319550.0,19428.0,14379.0,30830.0
2020-02-10,219539.0,16989.0,11684.0,45866.0
2020-02-11,209303.0,17116.0,19920.0,30781.0
2020-02-12,211247.0,26443.0,21654.0,16745.0
2020-02-13,168320.0,14779.0,15635.0,22968.0
2020-02-14,137639.0,27575.0,21451.0,43564.0
2020-02-15,383084.0,31344.0,19455.0,47939.0
2020-02-16,175981.0,20639.0,13710.0,50371.0
2020-02-17,182027.0,13379.0,10629.0,34306.0
2020-02-18,276132.0,30013.0,9920.0,31652.0
2020-02-19,230582.0,25656.0,15879.0,45586.0
2020-02-20,187366.0,32727.0,21354.0,53423.0
2020-02-21,378477.0,32957.0,20000.0,57934.0
2020-02-22,315577.0,37141.0,19784.0,61072.0
2020-02-23,80233.0,31227.0,12932.0,63847.0
2020-02-24,174357.0,31672.0,19832.0,62652.0
2020-02-25,248547.0,18181.0,9331.0,42807.0
2020-02-26,229198.0,26427.0,18375.0,58850.0
2020-02-27,201111.0,12715.0,19344.0,58295.0
2020-02-28,324447.0,24588.0,25678.0,48206.0
2020-02-29,294761.0,15592.0,10150.0,27166.0
2020-03-01,396689.0,22881.0,4730.0,24811.0
2020-03-02,390086.0,18177.0,2835.0,33744.0
2020-03-03,280349.0,17727.0,13288.0,27812.0
2020-03-04,340754.0,17278.0,18064.0,37532.0
2020-03-05,309322.0,11810.0,10827.0,32362.0
2020-03-06,146069.0,25744.0,17587.0,50238.0
2020-03-07,281591.0,32747.0,19718.0,56262.0
2020-03-08,419403.0,28158.0,25738.0,58709.0
2020-03-09,314852.0,31585.0,13665.0,58202.0
2020-03-10,121845.0,21015.0,18163.0,62182.0
2020-03-11,321023.0,31081.0,25643.0,58032.0
2020-03-12,449378.0,24240.0,17411.0,49253.0
2020-03-13,475292.0,41269.0,13990.0,48136.0
2020-03-14,597611.0,34929.0,6037.0,58355.0
2020-03-15,702290.0,42593.0,24793.0,45459.0
2020-03-16,707141.0,20407.0,27908.0,23895.0
2020-03-17,467915.0,29994.0,26925.0,31694.0
2020-03-18,653467.0,46481.0,26971.0,31526.0
2020-03-19,580783.0,44716.0,27433.0,31720.0
2020-03-20,422364.0,44335.0,21031.0,25918.0
2020-03-21,363311.0,40680.0,26391.0,23938.0
2020-03-22,844691.0,39435.0,14572.0,31039.0
2020-03-23,910678.0,37290.0,23495.0,35255.0
2020-03-24,900379.0,41750.0,28013.0,27214.0
2020-03-25,897566.0,49860.0,16092.0,48241.0
2020-03-26,755400.0,46424.0,6050.0,66799.0
2020-03-27,830969.0,46837.0,10152.0,42546.0
2020-03-28,842234.0,50636.0,27971.0,63476.0
2020-03-29,317501.0,34613.0,23709.0,67117.0
2020-03-30,658924.0,31648.0,18492.0,22393.0
2020-03-31,716413.0,46032.0,21140.0,21973.0
2020-04-01,848591.0,44615.0,30109.0,37782.0
2020-04-02,767184.0,44135.0,35642.0,44687.0
2020-04-03,550392.0,50013.0,35031.0,74702.0
2020-04-04,845608.0,57956.0,34097.0,51879.0
2020-04-05,956613.0,56603.0,35739.0,51397.0
2020-04-06,940684.0,38624.0,34590.0,30970.0
2020-04-07,897711.0,44720.0,35424.0,43178.0
2020-04-08,905383.0,48978.0,36078.0,55656.0
2020-04-09,844879.0,56499.0,35090.0,30670.0
2020-04-10,898545.0,56586.0,34876.0,35782.0
2020-04-11,940530.0,54325.0,34414.0,44275.0
2020-04-12,844218.0,43084.0,34177.0,52290.0
2020-04-13,656243.0,36002.0,25571.0,42242.0
2020-04-14,747521.0,59536.0,28586.0,44610.0
2020-04-15,925710.0,54403.0,31691.0,31876.0
2020-04-16,920240.0,44746.0,29669.0,38663.0
2020-04-17,921472.0,38877.0,29522.0,34420.0
2020-04-18,778828.0,37935.0,30264.0,44619.0
2020-04-19,847432.0,21613.0,27495.0,46876.0
2020-04-20,1011948.0,24635.0,6642.0,41082.0
2020-04-21,1016485.0,22088.0,9772.0,33934.0
2020-04-22,1048992.0,31276.0,34428.0,57697.0
2020-04-23,1025059.0,43988.0,35277.0,58680.0
2020-04-24,878866.0,48383.0,34526.0,58592.0
2020-04-25,848592.0,48788.0,34909.0,36930.0
2020-04-26,943531.0,46700.0,31926.0,38768.0
2020-04-27,894882.0,32132.0,26827.0,39896.0
2020-04-28,592365.0,33018.0,15516.0,55542.0
2020-04-29,464769.0,40393.0,28328.0,78470.0
2020-04-30,501802.0,33616.0,23985.0,51546.0
2020-05-01,598676.0,25122.0,21952.0,71564.0
2020-05-02,578970.0,32083.0,34151.0,89846.0
2020-05-03,709798.0,45942.0,33705.0,89816.0
2020-05-04,560010.0,53967.0,33869.0,69425.0
2020-05-05,801934.0,44030.0,26369.0,73593.0
2020-05-06,1054892.0,58830.0,22728.0,82664.0
2020-05-07,1015697.0,57506.0,33887.0,56758.0
2020-05-08,1012711.0,49332.0,31272.0,80388.0
2020-05-09,813155.0,41111.0,33990.0,49933.0
2020-05-10,654572.0,21748.0,26880.0,44105.0
2020-05-11,331738.0,22586.0,17302.0,49216.0
2020-05-12,854535.0,38839.0,24021.0,26803.0
2020-05-13,592259.0,27997.0,13992.0,47478.0
2020-05-14,693516.0,37609.0,23389.0,28267.0
2020-05-15,745368.0,48235.0,22170.0,41124.0
2020-05-16,964296.0,49976.0,17995.0,52953.0
2020-05-17,1011857.0,61229.0,29356.0,71357.0
2020-05-18,970802.0,63545.0,24650.0,94738.0
2020-05-19,908132.0,63013.0,16328.0,87413.0
2020-05-20,715150.0,63693.0,20485.0,96411.0
2020-05-21,1067546.0,60269.0,32439.0,92833.0
2020-05-22,621407.0,51664.0,27403.0,94251.0
2020-05-23,447788.0,35179.0,27898.0,91915.0
2020-05-24,718203.0,61072.0,31889.0,89033.0
2020-05-25,619810.0,62077.0,33140.0,73077.0
2020-05-26,910087.0,63479.0,32050.0,85253.0
2020-05-27,1023882.0,62558.0,32922.0,92162.0
2020-05-28,969180.0,63166.0,27284.0,93156.0
2020-05-29,981881.0,61209.0,24081.0,95282.0
2020-05-30,888464.0,60926.0,26856.0,89057.0
2020-05-31,949832.0,60267.0,26606.0,54190.0
2020-06-01,1161718.0,50933.0,33395.0,67691.0
2020-06-02,1106831.0,57489.0,29880.0,67629.0
2020-06-03,934209.0,44687.0,30866.0,79634.0
2020-06-04,409702.0,31443.0,6783.0,46702.0
2020-06-05,568394.0,34100.0,29797.0,88200.0
2020-06-06,654767.0,42192.0,30903.0,87518.0
2020-06-07,528700.0,42823.0,20807.0,66322.0
2020-06-08,726556.0,46973.0,13642.0,78235.0
2020-06-09,517377.0,41381.0,23247.0,86131.0
2020-06-10,461679.0,40252.0,22229.0,84392.0
2020-06-11,507739.0,32124.0,21123.0,75305.0
2020-06-12,999148.0,37269.0,30081.0,62699.0
2020-06-13,888788.0,38166.0,28393.0,83247.0
2020-06-14,352713.0,49949.0,27510.0,91185.0
2020-06-15,550310.0,47229.0,19119.0,94073.0
2020-06-16,654731.0,40664.0,25124.0,77897.0
2020-06-17,755340.0,42984.0,21914.0,89594.0
2020-06-18,687751.0,43520.0,31665.0,90747.0
2020-06-19,613083.0,50318.0,29627.0,95187.0
2020-06-20,681339.0,55296.0,33757.0,100556.0
2020-06-21,905414.0,52023.0,31098.0,102140.0
2020-06-22,904390.0,60527.0,32276.0,101458.0
2020-06-23,1118041.0,63680.0,31743.0,93555.0
2020-06-24,1077999.0,62571.0,32336.0,73522.0
2020-06-25,930697.0,58340.0,28038.0,88875.0
2020-06-26,1002062.0,46727.0,30690.0,84443.0
2020-06-27,910257.0,48346.0,30428.0,95452.0
2020-06-28,660624.0,39868.0,33073.0,98238.0
2020-06-29,767659.0,48853.0,31833.0,98013.0
2020-06-30,837292.0,34199.0,28228.0,91942.0
2020-07-01,816048.0,40518.0,27104.0,96663.0
2020-07-02,715688.0,37510.0,28295.0,98935.0
2020-07-03,818591.0,51619.0,25229.0,99658.0
2020-07-04,836141.0,56342.0,31605.0,102196.0
2020-07-05,675414.0,53238.0,32742.0,99459.0
2020-07-06,822886.0,57955.0,31450.0,97175.0
2020-07-07,891379.0,63521.0,31184.0,89969.0
2020-07-08,586740.0,60546.0,32981.0,66705.0
2020-07-09,668000.0,60494.0,32662.0,83862.0
2020-07-10,682284.0,45125.0,31262.0,93028.0
2020-07-11,775272.0,61683.0,24741.0,89198.0
2020-07-12,970500.0,59949.0,33971.0,72966.0
2020-07-13,1082684.0,61363.0,31232.0,91771.0
2020-07-14,855524.0,51843.0,29310.0,77126.0
2020-07-15,508118.0,36931.0,28123.0,91350.0
2020-07-16,431818.0,36302.0,30130.0,94709.0
2020-07-17,720570.0,47036.0,23652.0,91840.0
2020-07-18,864841.0,61030.0,31241.0,94415.0
2020-07-19,907579.0,62186.0,31924.0,90624.0
2020-07-20,861266.0,59628.0,30926.0,84298.0
2020-07-21,951511.0,58449.0,30514.0,60764.0
2020-07-22,968274.0,51478.0,28086.0,82313.0
2020-07-23,955748.0,52499.0,31427.0,92118.0
2020-07-24,732084.0,57981.0,16448.0,91449.0
2020-07-25,742257.0,52779.0,33593.0,94405.0
2020-07-26,663974.0,50185.0,30575.0,93747.0
2020-07-27,800267.0,59308.0,31026.0,86177.0
2020-07-28,792814.0,43078.0,30088.0,88583.0
2020-07-29,953016.0,60396.0,29949.0,89837.0
2020-07-30,1038237.0,59927.0,28964.0,78589.0
2020-07-31,1047771.0,56022.0,29132.0,78652.0
2020-08-01,853889.0,47698.0,31560.0,76065.0
2020-08-02,468052.0,45140.0,28860.0,85897.0
2020-08-03,554533.0,46383.0,10627.0,82382.0
2020-08-04,618624.0,59576.0,20154.0,86364.0
2020-08-05,1005970.0,62174.0,30949.0,92193.0
2020-08-06,1041018.0,61277.0,32098.0,89332.0
2020-08-07,1003162.0,58990.0,31881.0,86312.0
2020-08-08,965454.0,57270.0,33139.0,69399.0
2020-08-09,856243.0,51232.0,32818.0,78765.0
2020-08-10,811920.0,47340.0,31417.0,60661.0
2020-08-11,869198.0,50974.0,31203.0,50065.0
2020-08-12,900614.0,40969.0,30662.0,75139.0
2020-08-13,595020.0,36632.0,29495.0,91033.0
2020-08-14,569437.0,48681.0,29967.0,91235.0
2020-08-15,652526.0,51991.0,32491.0,95763.0
2020-08-16,879771.0,42547.0,28549.0,97254.0
2020-08-17,602942.0,39799.0,24473.0,86066.0
2020-08-18,671124.0,44692.0,26783.0,75573.0
2020-08-19,860034.0,48927.0,30745.0,92208.0
2020-08-20,778761.0,50968.0,30963.0,86376.0
2020-08-21,757318.0,42244.0,31154.0,83438.0
2020-08-22,490601.0,43895.0,30992.0,92547.0
2020-08-23,639037.0,45681.0,25792.0,90599.0
2020-08-24,590471.0,49754.0,25869.0,88246.0
2020-08-25,651223.0,47921.0,30547.0,90304.0
2020-08-26,560723.0,45397.0,27052.0,90082.0
2020-08-27,637504.0,49370.0,25560.0,85547.0
2020-08-28,526727.0,28130.0,24029.0,77977.0
2020-08-29,493777.0,29616.0,17224.0,83098.0
2020-08-30,361376.0,37901.0,23883.0,83826.0
2020-08-31,487123.0,44827.0,12912.0,88285.0
2020-09-01,526784.0,48217.0,29983.0,50445.0
2020-09-02,693044.0,52889.0,23524.0,82942.0
2020-09-03,634989.0,51340.0,28590.0,87419.0
2020-09-04,626111.0,52157.0,28888.0,87287.0
2020-09-05,494804.0,45541.0,28626.0,86383.0
2020-09-06,597946.0,39831.0,24864.0,82127.0
2020-09-07,730297.0,49811.0,19222.0,77096.0
2020-09-08,706245.0,50071.0,26259.0,77873.0
2020-09-09,698497.0,39263.0,27483.0,77200.0
2020-09-10,657420.0,37468.0,23270.0,81887.0
2020-09-11,738735.0,45269.0,20829.0,70693.0
2020-09-12,748701.0,50005.0,27257.0,69917.0
2020-09-13,787002.0,50598.0,26538.0,56902.0
2020-09-14,812539.0,48998.0,25782.0,52211.0
2020-09-15,787329.0,42071.0,26032.0,66091.0
2020-09-16,648645.0,45157.0,24944.0,48706.0
2020-09-17,689642.0,47315.0,25014.0,27802.0
2020-09-18,820623.0,32284.0,25113.0,25506.0
2020-09-19,775360.0,28848.0,20053.0,47709.0
2020-09-20,792168.0,29769.0,16678.0,50700.0
2020-09-21,768275.0,29819.0,18847.0,61049.0
2020-09-22,710373.0,25177.0,10827.0,62859.0
2020-09-23,482381.0,34751.0,19806.0,45672.0
2020-09-24,530689.0,23920.0,16943.0,32128.0
2020-09-25,260463.0,28596.0,20194.0,69737.0
2020-09-26,146599.0,26759.0,24372.0,72342.0
2020-09-27,387423.0,23421.0,15677.0,73582.0
2020-09-28,447044.0,29793.0,20714.0,76329.0
2020-09-29,355863.0,29414.0,24902.0,76033.0
2020-09-30,463126.0,38485.0,23184.0,51737.0
2020-10-01,472669.0,21871.0,12227.0,59287.0
2020-10-02,405825.0,13789.0,4775.0,21906.0
2020-10-03,321099.0,19348.0,12802.0,67839.0
2020-10-04,514443.0,22691.0,18388.0,49367.0
2020-10-05,304287.0,24955.0,19719.0,67179.0
2020-10-06,261404.0,14643.0,16952.0,68285.0
2020-10-07,295014.0,28085.0,21382.0,70321.0
2020-10-08,302877.0,29886.0,24814.0,62362.0
2020-10-09,312711.0,25732.0,17176.0,50786.0
2020-10-10,286779.0,31456.0,19917.0,61227.0
2020-10-11,351200.0,27673.0,5468.0,65679.0
2020-10-12,296170.0,31341.0,14789.0,73602.0
2020-10-13,357653.0,23055.0,24531.0,67353.0
2020-10-14,177298.0,25894.0,13214.0,65411.0
2020-10-15,135631.0,25868.0,5380.0,67279.0
2020-10-16,182277.0,25053.0,13773.0,70076.0
2020-10-17,222276.0,32587.0,23241.0,63538.0
2020-10-18,283481.0,38167.0,18193.0,58998.0
2020-10-19,323146.0,32216.0,16193.0,46077.0
2020-10-20,295344.0,12986.0,13085.0,13798.0
2020-10-21,228970.0,23253.0,14103.0,30961.0
2020-10-22,343957.0,14577.0,11545.0,16894.0
2020-10-23,169360.0,15936.0,2141.0,42458.0
2020-10-24,301040.0,25965.0,5550.0,51356.0
2020-10-25,327210.0,13569.0,12274.0,28647.0
2020-10-26,99545.0,22489.0,7049.0,50366.0
2020-10-27,251216.0,19870.0,16904.0,48623.0
2020-10-28,242451.0,19310.0,17245.0,41548.0
2020-10-29,209644.0,21660.0,15427.0,56984.0
2020-10-30,87881.0,30114.0,15618.0,55791.0
2020-10-31,288414.0,30041.0,9749.0,54840.0
2020-11-01,114979.0,18239.0,5784.0,47718.0
2020-11-02,192520.0,19603.0,5230.0,45162.0
2020-11-03,221298.0,13686.0,2747.0,27042.0
2020-11-04,266280.0,25774.0,3954.0,13273.0
2020-11-05,363407.0,31014.0,9847.0,11622.0
2020-11-06,312586.0,25273.0,13538.0,15952.0
2020-11-07,376589.0,12738.0,13951.0,30212.0
2020-11-08,314783.0,21047.0,11014.0,34966.0
2020-11-09,223217.0,21254.0,13133.0,32329.0
2020-11-10,135756.0,19275.0,8494.0,42480.0
2020-11-11,91180.0,24379.0,9412.0,38406.0
2020-11-12,161656.0,22930.0,5994.0,31082.0
2020-11-13,235939.0,17636.0,2250.0,25401.0
2020-11-14,284351.0,24256.0,3263.0,12115.0
2020-11-15,267888.0,12577.0,4749.0,30198.0
2020-11-16,168180.0,17818.0,3134.0,28962.0
2020-11-17,151769.0,24447.0,12582.0,36806.0
2020-11-18,288157.0,27441.0,9334.0,38650.0
2020-11-19,103043.0,20730.0,8074.0,38839.0
2020-11-20,210326.0,19368.0,7025.0,46806.0
2020-11-21,204405.0,26039.0,14151.0,46505.0
2020-11-22,183933.0,26122.0,14507.0,45229.0
2020-11-23,180864.0,23960.0,13393.0,45760.0
2020-11-24,146396.0,20446.0,11734.0,33460.0
2020-11-25,164988.0,20713.0,12614.0,18626.0
2020-11-26,100793.0,19329.0,8262.0,7449.0
2020-11-27,137944.0,16077.0,3312.0,9272.0
2020-11-28,107183.0,16197.0,2086.0,20603.0
2020-11-29,167358.0,22118.0,4056.0,23107.0
2020-11-30,190391.0,21319.0,9672.0,26876.0
2020-12-01,36117.0,9114.0,2404.0,33527.0
2020-12-02,74024.0,12604.0,1188.0,32830.0
2020-12-03,54255.0,11847.0,4521.0,38991.0
2020-12-04,85785.0,8216.0,1490.0,15486.0
2020-12-05,96317.0,11391.0,1438.0,33817.0
2020-12-06,63936.0,14058.0,1203.0,25495.0
2020-12-07,69844.0,8340.0,5363.0,14660.0
2020-12-08,132397.0,11727.0,1376.0,24530.0
2020-12-09,33814.0,13250.0,1890.0,29333.0
2020-12-10,33871.0,9172.0,2642.0,9730.0
2020-12-11,58721.0,7235.0,3750.0,10188.0
2020-12-12,52165.0,13505.0,3099.0,29363.0
2020-12-13,49110.0,13176.0,8651.0,22331.0
2020-12-14,127989.0,8841.0,7705.0,12204.0
2020-12-15,59468.0,8606.0,3813.0,28985.0
2020-12-16,127717.0,12749.0,3030.0,18286.0
2020-12-17,100748.0,10833.0,2491.0,21585.0
2020-12-18,185135.0,13862.0,3295.0,22067.0
2020-12-19,163737.0,8437.0,3312.0,12005.0
2020-12-20,88067.0,11738.0,1186.0,26333.0
2020-12-21,101765.0,7855.0,1691.0,26206.0
2020-12-22,59478.0,13535.0,4620.0,30308.0
2020-12-23,45747.0,6212.0,1612.0,19561.0
2020-12-24,70038.0,9721.0,1930.0,21913.0
2020-12-25,95554.0,15163.0,2223.0,33070.0
2020-12-26,118439.0,16257.0,9389.0,42469.0
2020-12-27,93157.0,6614.0,9762.0,37132.0
2020-12-28,72225.0,10188.0,2012.0,27401.0
2020-12-29,96442.0,11713.0,3747.0,25710.0
2020-12-30,140021.0,13769.0,3255.0,40984.0
2020-12-31,153994.0,9986.0,9644.0,31225.0
2021-01-01,86225.0,12454.0,1226.0,31307.0
2021-01-02,63383.0,9349.0,2040.0,38151.0
2021-01-03,26667.0,13018.0,6922.0,42014.0
2021-01-04,21484.0,10114.0,2646.0,28121.0
2021-01-05,23882.0,8698.0,1329.0,31418.0
2021-01-06,28512.0,12620.0,4086.0,25406.0
2021-01-07,32038.0,16491.0,4413.0,9500.0
2021-01-08,36433.0,19612.0,9758.0,7045.0
2021-01-09,61297.0,13675.0,4834.0,15082.0
2021-01-10,114008.0,17998.0,3706.0,19516.0
2021-01-11,86521.0,20585.0,9835.0,39075.0
2021-01-12,46854.0,11168.0,11390.0,46033.0
2021-01-13,93875.0,13516.0,14252.0,47240.0
2021-01-14,49407.0,13378.0,13727.0,42320.0
2021-01-15,88019.0,14737.0,3409.0,42633.0
2021-01-16,59241.0,14505.0,15160.0,48189.0
2021-01-17,58015.0,18021.0,5353.0,47702.0
2021-01-18,46167.0,24011.0,11979.0,48170.0
2021-01-19,45213.0,25136.0,4366.0,34262.0
2021-01-20,142406.0,10970.0,3841.0,10930.0
2021-01-21,169589.0,9096.0,2210.0,19592.0
2021-01-22,156587.0,9990.0,1427.0,23797.0
2021-01-23,92819.0,10944.0,4336.0,19109.0
2021-01-24,96763.0,18831.0,6269.0,30350.0
2021-01-25,104427.0,18159.0,9755.0,13355.0
2021-01-26,89446.0,21086.0,18882.0,18348.0
2021-01-27,90913.0,12768.0,7886.0,27950.0
2021-01-28,59605.0,13422.0,9075.0,37076.0
2021-01-29,118123.0,17493.0,7062.0,31457.0
2021-01-30,93346.0,9633.0,8453.0,29606.0
2021-01-31,170296.0,15555.0,5980.0,16898.0
2021-02-01,110028.0,11282.0,6966.0,34640.0
2021-02-02,92288.0,17236.0,11851.0,29512.0
2021-02-03,63824.0,15459.0,3130.0,25174.0
2021-02-04,249001.0,13246.0,3814.0,24001.0
2021-02-05,128439.0,14166.0,3467.0,21252.0
2021-02-06,87551.0,8863.0,2024.0,21898.0
2021-02-07,61697.0,17078.0,2350.0,29576.0
2021-02-08,83063.0,13974.0,19125.0,24770.0
2021-02-09,45555.0,13325.0,7650.0,9985.0
2021-02-10,56874.0,22401.0,5590.0,32212.0
2021-02-11,114787.0,27114.0,16921.0,26780.0
2021-02-12,191457.0,11561.0,4602.0,45267.0
2021-02-13,249555.0,25000.0,16328.0,52681.0
2021-02-14,293762.0,27668.0,24532.0,58595.0
2021-02-15,138547.0,25902.0,22006.0,50727.0
2021-02-16,160749.0,19137.0,18688.0,56426.0
2021-02-17,244790.0,31759.0,13514.0,55057.0
2021-02-18,385111.0,14345.0,11543.0,47926.0
2021-02-19,434067.0,28275.0,10983.0,53999.0
2021-02-20,556492.0,30116.0,12454.0,37860.0
2021-02-21,614254.0,26998.0,10959.0,11709.0
2021-02-22,508905.0,12064.0,8218.0,49407.0
2021-02-23,510812.0,34232.0,16868.0,68302.0
2021-02-24,584566.0,38409.0,23152.0,56160.0
2021-02-25,626667.0,34199.0,24107.0,28456.0
2021-02-26,377499.0,28730.0,24168.0,32630.0
2021-02-27,403219.0,41197.0,20417.0,44190.0
2021-02-28,600352.0,39999.0,25545.0,45655.0
2021-03-01,572412.0,43012.0,28366.0,25300.0
2021-03-02,701310.0,29920.0,27721.0,31033.0
2021-03-03,485996.0,24977.0,20883.0,35328.0
2021-03-04,292518.0,29448.0,21701.0,37037.0
2021-03-05,458932.0,31943.0,19330.0,28731.0
2021-03-06,678092.0,34775.0,16680.0,40030.0
2021-03-07,546046.0,27086.0,27465.0,36609.0
2021-03-08,627309.0,36469.0,24264.0,33050.0
2021-03-09,451521.0,42401.0,20942.0,53970.0
2021-03-10,414905.0,41012.0,27950.0,81097.0
2021-03-11,255093.0,24762.0,11238.0,72419.0
2021-03-12,489167.0,32604.0,17321.0,66357.0
2021-03-13,285270.0,30896.0,25246.0,87055.0
2021-03-14,358944.0,37525.0,19420.0,88115.0
2021-03-15,330625.0,25874.0,26524.0,87678.0
2021-03-16,371662.0,33533.0,30674.0,88520.0
2021-03-17,362863.0,35302.0,29332.0,90068.0
2021-03-18,457194.0,30436.0,24683.0,71718.0
2021-03-19,446956.0,29857.0,26508.0,52620.0
2021-03-20,581268.0,54230.0,27159.0,77232.0
2021-03-21,303984.0,41035.0,30200.0,93713.0
2021-03-22,420751.0,47368.0,31387.0,93057.0
2021-03-23,317479.0,55742.0,30422.0,96400.0
2021-03-24,818034.0,55165.0,31770.0,92033.0
2021-03-25,746207.0,39883.0,30544.0,88109.0
2021-03-26,782525.0,35584.0,28628.0,62973.0
2021-03-27,527193.0,48190.0,12213.0,61096.0
2021-03-28,682016.0,57783.0,24167.0,77732.0
2021-03-29,833374.0,58890.0,29443.0,52608.0
2021-03-30,973633.0,56995.0,30803.0,43907.0
2021-03-31,959404.0,53879.0,30606.0,72333.0
2021-04-01,730109.0,54750.0,29420.0,59349.0
2021-04-02,672391.0,55080.0,31370.0,59190.0
2021-04-03,696688.0,56270.0,23078.0,67164.0
2021-04-04,776762.0,57833.0,29694.0,82144.0
2021-04-05,437389.0,50724.0,30688.0,88832.0
2021-04-06,532045.0,55113.0,17468.0,89955.0
2021-04-07,393533.0,60685.0,29336.0,74335.0
2021-04-08,563019.0,60698.0,35185.0,47585.0
2021-04-09,782662.0,39630.0,26516.0,41733.0
2021-04-10,489477.0,24208.0,13781.0,44492.0
2021-04-11,589031.0,24478.0,5740.0,57708.0
2021-04-12,479533.0,53363.0,7597.0,78982.0
2021-04-13,728693.0,52378.0,17820.0,63529.0
2021-04-14,719969.0,54438.0,25876.0,41456.0
2021-04-15,729349.0,53768.0,21001.0,35356.0
2021-04-16,635304.0,48731.0,27718.0,79828.0
2021-04-17,567072.0,39501.0,34222.0,99249.0
2021-04-18,459186.0,48818.0,26147.0,102303.0
2021-04-19,583132.0,51430.0,29103.0,70193.0
2021-04-20,876505.0,45719.0,32877.0,71118.0
2021-04-21,918992.0,44385.0,29981.0,44474.0
2021-04-22,914420.0,62659.0,29563.0,62100.0
2021-04-23,1067958.0,66717.0,32263.0,63683.0
2021-04-24,1041364.0,64555.0,34771.0,42901.0
2021-04-25,1027391.0,42912.0,33645.0,40230.0
2021-04-26,1122402.0,33266.0,9621.0,46166.0
2021-04-27,1186080.0,41889.0,10632.0,50514.0
2021-04-28,1052111.0,31581.0,20730.0,58296.0
2021-04-29,537947.0,31829.0,10326.0,59681.0
2021-04-30,543124.0,35135.0,20943.0,69822.0
2021-05-01,565844.0,32372.0,15632.0,91724.0
2021-05-02,508235.0,54033.0,31501.0,103974.0
2021-05-03,846399.0,65353.0,34430.0,70302.0
2021-05-04,545726.0,45447.0,33447.0,109008.0
2021-05-05,707486.0,51002.0,28894.0,111890.0
2021-05-06,584281.0,33217.0,30677.0,116050.0
2021-05-07,720070.0,49227.0,29498.0,118302.0
2021-05-08,982487.0,60877.0,31715.0,98750.0
2021-05-09,1117737.0,37653.0,33138.0,44498.0
2021-05-10,839324.0,37141.0,28108.0,64495.0
2021-05-11,555366.0,41927.0,7338.0,98285.0
2021-05-12,406018.0,46800.0,25167.0,84861.0
2021-05-13,526749.0,45869.0,25855.0,94623.0
2021-05-14,722291.0,49899.0,22819.0,112509.0
2021-05-15,726749.0,26891.0,25398.0,107532.0
2021-05-16,792251.0,31530.0,11473.0,100484.0
2021-05-17,754689.0,50032.0,30969.0,109724.0
2021-05-18,721294.0,39531.0,33228.0,113777.0
2021-05-19,826980.0,53629.0,33153.0,119005.0
2021-05-20,857027.0,61304.0,36146.0,117015.0
2021-05-21,695958.0,36746.0,29375.0,107028.0
2021-05-22,790801.0,42341.0,20709.0,85995.0
2021-05-23,820635.0,51157.0,32417.0,62531.0
2021-05-24,801549.0,41690.0,5511.0,104840.0
2021-05-25,723969.0,53873.0,32692.0,114836.0
2021-05-26,576410.0,51242.0,33647.0,107769.0
2021-05-27,581963.0,64434.0,32952.0,50696.0
2021-05-28,861680.0,62102.0,34861.0,94012.0
2021-05-29,972997.0,54408.0,30900.0,113006.0
2021-05-30,1209733.0,62477.0,32782.0,86922.0
2021-05-31,1260380.0,67769.0,30977.0,78623.0
2021-06-01,1203522.0,52295.0,34768.0,73294.0
2021-06-02,1183637.0,43596.0,31233.0,111552.0
2021-06-03,1003252.0,48945.0,34447.0,106380.0
2021-06-04,857971.0,34327.0,33741.0,88106.0
2021-06-05,757427.0,55259.0,28804.0,66064.0
2021-06-06,507027.0,52561.0,26787.0,115171.0
2021-06-07,760237.0,53855.0,23630.0,122747.0
2021-06-08,914619.0,62397.0,27412.0,117989.0
2021-06-09,1013846.0,63508.0,33384.0,114733.0
2021-06-10,1069262.0,64603.0,32476.0,114854.0
2021-06-11,1124970.0,62954.0,25750.0,105721.0
2021-06-12,837833.0,60188.0,33415.0,102681.0
2021-06-13,1133881.0,69839.0,33972.0,102672.0
2021-06-14,1285516.0,69236.0,33977.0,107162.0
2021-06-15,1124894.0,67292.0,33521.0,76693.0
2021-06-16,1193092.0,57605.0,29862.0,80456.0
2021-06-17,1206779.0,33632.0,32048.0,53628.0
2021-06-18,1148079.0,53698.0,29288.0,61573.0
2021-06-19,1105896.0,43489.0,27073.0,63300.0
2021-06-20,851028.0,40617.0,23405.0,65738.0
2021-06-21,954118.0,52400.0,30618.0,85923.0
2021-06-22,692108.0,44381.0,32785.0,93791.0
2021-06-23,770368.0,39280.0,28266.0,106689.0
2021-06-24,651126.0,46388.0,31205.0,121563.0
2021-06-25,774006.0,58738.0,32979.0,119326.0
2021-06-26,1038860.0,57954.0,32237.0,113428.0
2021-06-27,1092551.0,34496.0,31896.0,114786.0
2021-06-28,1025330.0,42071.0,32235.0,123938.0
2021-06-29,727165.0,47049.0,31269.0,124668.0
2021-06-30,551492.0,47943.0,33716.0,120754.0
2021-07-01,405591.0,56379.0,31505.0,121173.0
2021-07-02,809451.0,58195.0,31176.0,122232.0
2021-07-03,1076578.0,40143.0,26004.0,114060.0
2021-07-04,820736.0,36269.0,13715.0,119715.0
2021-07-05,696500.0,54883.0,28836.0,120120.0
2021-07-06,825733.0,37814.0,30264.0,85812.0
2021-07-07,684229.0,47533.0,29949.0,112027.0
2021-07-08,516003.0,50538.0,21374.0,118286.0
2021-07-09,499605.0,61625.0,34126.0,114826.0
2021-07-10,981973.0,53641.0,32455.0,103097.0
2021-07-11,752335.0,64546.0,33836.0,68845.0
2021-07-12,976312.0,34516.0,29186.0,107080.0
2021-07-13,609616.0,38707.0,19139.0,120859.0
2021-07-14,516364.0,38233.0,27442.0,115849.0
2021-07-15,735848.0,47609.0,22862.0,117751.0
2021-07-16,827868.0,55624.0,17706.0,120876.0
2021-07-17,701541.0,67842.0,18270.0,117750.0
2021-07-18,1063276.0,74312.0,25037.0,114181.0
2021-07-19,887419.0,74272.0,30213.0,115133.0
2021-07-20,949647.0,72864.0,30934.0,109275.0
2021-07-21,925271.0,69359.0,30249.0,115601.0
2021-07-22,948113.0,72557.0,29413.0,115109.0
2021-07-23,1021077.0,56264.0,29118.0,92002.0
2021-07-24,808614.0,48936.0,26649.0,110435.0
2021-07-25,798971.0,51144.0,21002.0,102807.0
2021-07-26,834787.0,54660.0,20166.0,100598.0
2021-07-27,862400.0,45410.0,19439.0,112367.0
2021-07-28,666727.0,52869.0,24878.0,114857.0
2021-07-29,934223.0,59660.0,28885.0,116436.0
2021-07-30,1065807.0,44216.0,26531.0,116756.0
2021-07-31,828597.0,35410.0,25325.0,102026.0
2021-08-01,608472.0,52843.0,22196.0,104634.0
2021-08-02,776343.0,57041.0,27947.0,100354.0
2021-08-03,706870.0,37619.0,28951.0,107399.0
2021-08-04,659961.0,34697.0,14111.0,113154.0
2021-08-05,718457.0,50384.0,32698.0,120135.0
2021-08-06,750073.0,47668.0,32073.0,120290.0
2021-08-07,668891.0,41844.0,27905.0,116856.0
2021-08-08,729720.0,55882.0,30748.0,113495.0
2021-08-09,867279.0,57582.0,34554.0,106628.0
2021-08-10,817396.0,63242.0,30378.0,84239.0
2021-08-11,946026.0,68574.0,33527.0,75963.0
2021-08-12,994723.0,58551.0,32650.0,94526.0
2021-08-13,919740.0,61249.0,26757.0,89123.0
2021-08-14,1024611.0,68873.0,32668.0,87101.0
2021-08-15,901789.0,53424.0,32181.0,80690.0
2021-08-16,528253.0,49311.0,30335.0,105476.0
2021-08-17,592710.0,49817.0,35025.0,107627.0
2021-08-18,472638.0,42036.0,34302.0,107751.0
2021-08-19,451583.0,42756.0,32442.0,99932.0
2021-08-20,684794.0,61741.0,32164.0,110506.0
2021-08-21,896746.0,55215.0,32013.0,107379.0
2021-08-22,434935.0,45493.0,29612.0,82926.0
2021-08-23,530438.0,56047.0,19645.0,86825.0
2021-08-24,729095.0,53699.0,28115.0,76579.0
2021-08-25,886727.0,64140.0,30928.0,80967.0
2021-08-26,535624.0,60909.0,31928.0,100057.0
2021-08-27,517727.0,58516.0,16691.0,103354.0
2021-08-28,473870.0,60374.0,26217.0,106260.0
2021-08-29,301862.0,55181.0,32369.0,98744.0
2021-08-30,432918.0,52735.0,24473.0,97770.0
2021-08-31,599353.0,57647.0,23258.0,83077.0
2021-09-01,798332.0,56713.0,28614.0,51779.0
2021-09-02,903414.0,41978.0,30260.0,86949.0
2021-09-03,986698.0,38747.0,26279.0,100807.0
2021-09-04,837669.0,49992.0,24100.0,106624.0
2021-09-05,901058.0,58847.0,30462.0,103297.0
2021-09-06,901475.0,59670.0,29274.0,49119.0
2021-09-07,786304.0,53940.0,24935.0,79074.0
2021-09-08,944786.0,44791.0,27916.0,83114.0
2021-09-09,851992.0,29687.0,26552.0,71049.0
2021-09-10,677261.0,35341.0,24070.0,96155.0
2021-09-11,502936.0,52436.0,25063.0,82481.0
2021-09-12,669400.0,56895.0,28083.0,92422.0
2021-09-13,703573.0,48946.0,25990.0,26301.0
2021-09-14,796046.0,29549.0,22131.0,22259.0
2021-09-15,292717.0,30213.0,14959.0,58311.0
2021-09-16,354676.0,31130.0,8523.0,81384.0
2021-09-17,425389.0,49262.0,20093.0,94149.0
2021-09-18,578424.0,36238.0,20503.0,93868.0
2021-09-19,446778.0,36688.0,13299.0,100345.0
2021-09-20,384084.0,35687.0,24895.0,95226.0
2021-09-21,499610.0,42579.0,23693.0,88503.0
2021-09-22,611008.0,54933.0,22637.0,69062.0
2021-09-23,700714.0,55528.0,25288.0,53931.0
2021-09-24,482637.0,50116.0,27136.0,41809.0
2021-09-25,624376.0,37074.0,18580.0,60933.0
2021-09-26,557538.0,34173.0,5233.0,87788.0
2021-09-27,455153.0,32654.0,13232.0,92725.0
2021-09-28,490839.0,36938.0,22954.0,84757.0
2021-09-29,387342.0,41904.0,23593.0,94926.0
2021-09-30,669717.0,51513.0,21308.0,83634.0
2021-10-01,745931.0,37831.0,22580.0,66898.0
2021-10-02,575677.0,34445.0,21861.0,77852.0
2021-10-03,358558.0,17909.0,14996.0,45446.0
2021-10-04,260106.0,31150.0,10113.0,78065.0
2021-10-05,248605.0,25765.0,12660.0,78126.0
2021-10-06,387260.0,42391.0,14897.0,86979.0
2021-10-07,479233.0,47878.0,8936.0,84302.0
2021-10-08,505905.0,51013.0,11919.0,89264.0
2021-10-09,747266.0,42796.0,19483.0,78829.0
2021-10-10,718676.0,45641.0,23546.0,77001.0
2021-10-11,453267.0,45674.0,19626.0,71506.0
2021-10-12,276930.0,43824.0,17960.0,76743.0
2021-10-13,448367.0,44061.0,21777.0,86779.0
2021-10-14,240976.0,49341.0,22783.0,73485.0
2021-10-15,425643.0,40912.0,23250.0,79578.0
2021-10-16,447375.0,44539.0,23060.0,50731.0
2021-10-17,334139.0,41121.0,23587.0,49418.0
2021-10-18,400764.0,36039.0,21499.0,63784.0
2021-10-19,188778.0,37644.0,15861.0,78041.0
2021-10-20,336197.0,21055.0,14759.0,71768.0
2021-10-21,317907.0,28799.0,7492.0,63666.0
2021-10-22,395763.0,35436.0,10876.0,64903.0
2021-10-23,429606.0,44045.0,9788.0,77323.0
2021-10-24,635757.0,43626.0,18989.0,80319.0
2021-10-25,424896.0,29642.0,13167.0,65982.0
2021-10-26,271905.0,30389.0,13213.0,63119.0
2021-10-27,287325.0,39190.0,20374.0,67850.0
2021-10-28,436763.0,37673.0,20236.0,63224.0
2021-10-29,408694.0,19921.0,17395.0,20679.0
2021-10-30,277288.0,13945.0,8298.0,14470.0
2021-10-31,419601.0,20599.0,6346.0,24928.0
2021-11-01,156855.0,24921.0,1155.0,35063.0
2021-11-02,255186.0,22763.0,16510.0,29142.0
2021-11-03,194284.0,20152.0,2462.0,53169.0
2021-11-04,85658.0,26001.0,16061.0,63397.0
2021-11-05,161806.0,27040.0,15719.0,69054.0
2021-11-06,261305.0,32687.0,15506.0,72540.0
2021-11-07,190562.0,21027.0,7895.0,69840.0
2021-11-08,236995.0,29232.0,1978.0,69128.0
2021-11-09,423526.0,31960.0,6356.0,68934.0
2021-11-10,291136.0,21844.0,4599.0,64444.0
2021-11-11,269101.0,25041.0,9604.0,56940.0
2021-11-12,152652.0,22063.0,9883.0,55527.0
2021-11-13,96193.0,14478.0,3568.0,59948.0
2021-11-14,102208.0,14209.0,3819.0,62510.0
2021-11-15,59146.0,10406.0,2535.0,62301.0
2021-11-16,48451.0,13729.0,3350.0,61861.0
2021-11-17,60512.0,13498.0,3083.0,58975.0
2021-11-18,142341.0,24689.0,7257.0,49378.0
2021-11-19,101589.0,28131.0,3962.0,41584.0
2021-11-20,78982.0,23667.0,2593.0,12821.0
2021-11-21,111890.0,10762.0,2035.0,29930.0
2021-11-22,173239.0,17340.0,1525.0,23222.0
2021-11-23,232777.0,22876.0,11131.0,28516.0
2021-11-24,128684.0,12162.0,14148.0,28318.0
2021-11-25,66947.0,9238.0,899.0,29193.0
2021-11-26,79405.0,13666.0,11725.0,46879.0
2021-11-27,91741.0,14069.0,9518.0,40479.0
2021-11-28,93840.0,15413.0,8557.0,51352.0
2021-11-29,77527.0,17708.0,9202.0,42764.0
2021-11-30,32437.0,21445.0,14370.0,50056.0
2021-12-01,77032.0,10734.0,8131.0,42640.0
2021-12-02,127566.0,18669.0,3187.0,44597.0
2021-12-03,140759.0,15637.0,6836.0,56696.0
2021-12-04,47938.0,10268.0,5372.0,37098.0
2021-12-05,110038.0,15074.0,8918.0,44237.0
2021-12-06,92777.0,15380.0,10801.0,50162.0
2021-12-07,110348.0,10389.0,11889.0,29468.0
2021-12-08,55110.0,11313.0,867.0,32476.0
2021-12-09,46289.0,14215.0,4779.0,30744.0
2021-12-10,83243.0,9753.0,2761.0,19610.0
2021-12-11,71025.0,17105.0,7388.0,47929.0
2021-12-12,64323.0,15977.0,10724.0,52298.0
2021-12-13,60443.0,20607.0,10468.0,45497.0
2021-12-14,57012.0,20996.0,9875.0,44907.0
2021-12-15,52099.0,18921.0,8477.0,44361.0
2021-12-16,71281.0,20960.0,7983.0,35377.0
2021-12-17,91694.0,23873.0,7275.0,37791.0
2021-12-18,53838.0,25092.0,3927.0,28896.0
2021-12-19,57850.0,20328.0,6547.0,34786.0
2021-12-20,233227.0,19023.0,6110.0,20582.0
2021-12-21,206253.0,21357.0,2136.0,19160.0
2021-12-22,223157.0,20041.0,4108.0,24662.0
2021-12-23,78041.0,16354.0,2969.0,11712.0
2021-12-24,32636.0,9813.0,2042.0,16031.0
2021-12-25,84228.0,12879.0,1327.0,13931.0
2021-12-26,96987.0,12881.0,2206.0,12844.0
2021-12-27,91990.0,10195.0,2225.0,31709.0
2021-12-28,60001.0,7927.0,2994.0,28748.0
2021-12-29,60831.0,9794.0,3846.0,37851.0
2021-12-30,57117.0,19059.0,2564.0,49481.0
2021-12-31,177716.0,24878.0,3921.0,54064.0
2022-01-01,137742.0,22702.0,5167.0,51278.0
2022-01-02,102548.0,14237.0,5480.0,45729.0
2022-01-03,90556.0,15969.0,3066.0,51663.0
2022-01-04,42083.0,10356.0,1943.0,27746.0
2022-01-05,105594.0,22108.0,3426.0,35493.0
2022-01-06,200817.0,25876.0,7306.0,57134.0
2022-01-07,73622.0,18571.0,12229.0,58368.0
2022-01-08,88704.0,14133.0,11521.0,46405.0
2022-01-09,83437.0,10327.0,4666.0,42659.0
2022-01-10,107993.0,11801.0,6492.0,39685.0
2022-01-11,152881.0,26141.0,14287.0,48061.0
2022-01-12,149329.0,26406.0,14544.0,59604.0
2022-01-13,149863.0,26976.0,14359.0,57253.0
2022-01-14,190626.0,28877.0,14824.0,56072.0
2022-01-15,120104.0,28871.0,14868.0,55936.0
2022-01-16,98619.0,24064.0,13890.0,60361.0
2022-01-17,86102.0,16761.0,14706.0,63741.0
2022-01-18,123639.0,20660.0,10728.0,65728.0
2022-01-19,197988.0,10765.0,6117.0,64716.0
2022-01-20,156060.0,18525.0,5779.0,64827.0
2022-01-21,177322.0,29035.0,9548.0,65290.0
2022-01-22,82288.0,28312.0,12679.0,57940.0
2022-01-23,99384.0,29618.0,9477.0,47382.0
2022-01-24,150298.0,33217.0,8661.0,45369.0
2022-01-25,109163.0,29589.0,7065.0,45557.0
2022-01-26,86526.0,28459.0,3870.0,38202.0
2022-01-27,137970.0,25162.0,3728.0,51108.0
2022-01-28,211114.0,22482.0,13488.0,71169.0
2022-01-29,78851.0,20124.0,15649.0,70929.0
2022-01-30,220033.0,23241.0,17752.0,58969.0
2022-01-31,89414.0,19388.0,9751.0,60291.0
2022-02-01,74226.0,20470.0,20675.0,75586.0
2022-02-02,201115.0,20315.0,20703.0,79874.0
2022-02-03,118331.0,18080.0,16623.0,59668.0
2022-02-04,136896.0,17547.0,6267.0,33933.0
2022-02-05,321453.0,35124.0,9304.0,49626.0
2022-02-06,103674.0,19379.0,3818.0,61458.0
2022-02-07,237290.0,30978.0,18712.0,78569.0
2022-02-08,146559.0,37595.0,22332.0,76004.0
2022-02-09,274090.0,38356.0,21620.0,72746.0
2022-02-10,272390.0,31159.0,15577.0,64464.0
2022-02-11,249871.0,34443.0,9589.0,61201.0
2022-02-12,573118.0,36509.0,19004.0,51555.0
2022-02-13,580909.0,32994.0,21436.0,43630.0
2022-02-14,371557.0,18466.0,3909.0,72684.0
2022-02-15,234520.0,25916.0,6698.0,83321.0
2022-02-16,130282.0,14061.0,11701.0,66219.0
2022-02-17,315545.0,24215.0,18128.0,84047.0
2022-02-18,144973.0,28788.0,11037.0,78987.0
2022-02-19,452142.0,34412.0,5445.0,49049.0
2022-02-20,178715.0,26432.0,17923.0,85180.0
2022-02-21,280663.0,28189.0,17397.0,94885.0
2022-02-22,295481.0,31684.0,26415.0,98051.0
2022-02-23,619821.0,41951.0,26035.0,66288.0
2022-02-24,367880.0,26522.0,17413.0,42758.0
2022-02-25,384696.0,44696.0,21895.0,31485.0
2022-02-26,449351.0,54600.0,25084.0,28972.0
2022-02-27,693234.0,46381.0,22854.0,55018.0
2022-02-28,724280.0,51439.0,25197.0,87339.0
2022-03-01,718120.0,41344.0,27172.0,88734.0
2022-03-02,554769.0,21105.0,26831.0,84418.0
2022-03-03,727979.0,34610.0,26117.0,37236.0
2022-03-04,617149.0,30520.0,23936.0,63067.0
2022-03-05,644652.0,37022.0,25908.0,59858.0
2022-03-06,457983.0,45760.0,24932.0,68250.0
2022-03-07,744494.0,54680.0,25840.0,50909.0
2022-03-08,871828.0,37415.0,24504.0,55153.0
