,DE_LU_OIL,FR_OIL,IT_NORD_OIL,ES_OIL
2019-01-01,46904.0,5162.0,0.0,4474.0
2019-01-02,47161.0,5229.0,0.0,6597.0
2019-01-03,45840.0,5213.0,0.0,6899.0
2019-01-04,47695.0,5202.0,427.0,6991.0
2019-01-05,48108.0,5144.0,0.0,6125.0
2019-01-06,48107.0,5166.0,417.0,5272.0
2019-01-07,47771.0,5170.0,598.0,6462.0
2019-01-08,47209.0,5197.0,589.0,6884.0
2019-01-09,47333.0,5200.0,432.0,7576.0
2019-01-10,57113.0,10653.0,431.0,7186.0
2019-01-11,51315.0,7418.0,0.0,7405.0
2019-01-12,47689.0,5186.0,0.0,5767.0
2019-01-13,47690.0,5128.0,0.0,5299.0
2019-01-14,47823.0,5122.0,417.0,7030.0
2019-01-15,48271.0,5099.0,33.0,7672.0
2019-01-16,47649.0,5183.0,1014.0,7481.0
2019-01-17,45921.0,5187.0,429.0,7336.0
2019-01-18,46194.0,5183.0,428.0,7634.0
2019-01-19,47391.0,5178.0,439.0,6258.0
2019-01-20,47777.0,5153.0,0.0,5240.0
2019-01-21,48385.0,8616.0,429.0,6577.0
2019-01-22,59896.0,5178.0,432.0,7012.0
2019-01-23,57389.0,9514.0,429.0,7025.0
2019-01-24,62324.0,12529.0,429.0,6829.0
2019-01-25,49744.0,5193.0,429.0,7044.0
2019-01-26,46796.0,5173.0,616.0,5966.0
2019-01-27,47095.0,5159.0,0.0,5100.0
2019-01-28,47576.0,5195.0,0.0,6511.0
2019-01-29,47451.0,5605.0,429.0,7346.0
2019-01-30,48487.0,7809.0,0.0,7450.0
2019-01-31,47027.0,7744.0,440.0,7002.0
2019-02-01,46323.0,6034.0,0.0,7301.0
2019-02-02,47089.0,5997.0,0.0,5683.0
2019-02-03,47075.0,6811.0,428.0,5278.0
2019-02-04,48836.0,9772.0,429.0,6716.0
2019-02-05,47365.0,6676.0,440.0,7022.0
2019-02-06,46350.0,6038.0,584.0,7140.0
2019-02-07,47747.0,6034.0,418.0,7332.0
2019-02-08,44949.0,6043.0,0.0,7333.0
2019-02-09,44688.0,6018.0,0.0,5602.0
2019-02-10,43510.0,5978.0,0.0,4962.0
2019-02-11,43628.0,6031.0,595.0,6298.0
2019-02-12,49917.0,7756.0,433.0,6920.0
2019-02-13,64865.0,6053.0,0.0,7045.0
2019-02-14,67141.0,7775.0,0.0,6645.0
2019-02-15,66153.0,6402.0,0.0,6909.0
2019-02-16,67985.0,6020.0,0.0,5492.0
2019-02-17,67275.0,5989.0,0.0,5085.0
2019-02-18,66252.0,5657.0,0.0,6167.0
2019-02-19,64249.0,6015.0,0.0,6814.0
2019-02-20,63247.0,6031.0,0.0,6875.0
2019-02-21,64855.0,6072.0,0.0,6480.0
2019-02-22,63198.0,6068.0,0.0,6775.0
2019-02-23,63232.0,6038.0,0.0,5693.0
2019-02-24,63790.0,6013.0,0.0,4701.0
2019-02-25,63535.0,6068.0,0.0,6175.0
2019-02-26,63799.0,7072.0,0.0,6881.0
2019-02-27,63122.0,6078.0,0.0,6169.0
2019-02-28,65158.0,7133.0,0.0,6820.0
2019-03-01,63043.0,4415.0,0.0,6806.0
2019-03-02,63212.0,4401.0,0.0,5580.0
2019-03-03,63608.0,4423.0,0.0,4522.0
2019-03-04,63389.0,4434.0,0.0,6095.0
2019-03-05,60704.0,5367.0,0.0,6696.0
2019-03-06,59674.0,5725.0,0.0,6814.0
2019-03-07,59693.0,4466.0,0.0,6672.0
2019-03-08,60083.0,4641.0,0.0,6958.0
2019-03-09,60943.0,4503.0,0.0,5363.0
2019-03-10,59954.0,4491.0,0.0,4915.0
2019-03-11,60260.0,4495.0,0.0,6399.0
2019-03-12,61052.0,5235.0,0.0,6916.0
2019-03-13,61886.0,4463.0,0.0,6836.0
2019-03-14,61748.0,5268.0,0.0,6845.0
2019-03-15,61569.0,4407.0,0.0,7099.0
2019-03-16,41995.0,4392.0,0.0,6236.0
2019-03-17,28189.0,4387.0,0.0,4715.0
2019-03-18,26758.0,4578.0,0.0,6056.0
2019-03-19,27557.0,4362.0,0.0,5837.0
2019-03-20,27559.0,4363.0,0.0,6107.0
2019-03-21,27698.0,4402.0,0.0,6438.0
2019-03-22,28142.0,4377.0,0.0,7117.0
2019-03-23,28610.0,4338.0,0.0,5923.0
2019-03-24,28922.0,4324.0,0.0,5393.0
2019-03-25,29032.0,4369.0,0.0,6791.0
2019-03-26,28391.0,4372.0,0.0,7268.0
2019-03-27,28442.0,4376.0,0.0,7221.0
2019-03-28,28303.0,4315.0,0.0,7077.0
2019-03-29,28394.0,5101.0,0.0,7330.0
2019-03-30,28809.0,4305.0,0.0,5547.0
2019-03-31,28392.0,4053.0,0.0,5312.0
2019-04-01,27860.0,3597.0,0.0,5605.0
2019-04-02,29008.0,3585.0,0.0,5514.0
2019-04-03,29881.0,5000.0,0.0,5961.0
2019-04-04,31814.0,4586.0,0.0,6455.0
2019-04-05,30173.0,3554.0,0.0,6660.0
2019-04-06,29951.0,3563.0,0.0,5436.0
2019-04-07,29966.0,3531.0,0.0,4752.0
2019-04-08,30151.0,3585.0,0.0,6340.0
2019-04-09,30244.0,3581.0,0.0,6721.0
2019-04-10,29740.0,3533.0,0.0,6798.0
2019-04-11,29236.0,3632.0,0.0,6978.0
2019-04-12,28974.0,3733.0,0.0,6928.0
2019-04-13,30144.0,3592.0,0.0,5462.0
2019-04-14,29147.0,3556.0,0.0,4717.0
2019-04-15,29293.0,3275.0,0.0,6295.0
2019-04-16,30790.0,3581.0,0.0,6850.0
2019-04-17,29360.0,3592.0,0.0,6881.0
2019-04-18,29434.0,3469.0,0.0,6722.0
2019-04-19,29805.0,3479.0,0.0,5115.0
2019-04-20,29707.0,3399.0,0.0,4372.0
2019-04-21,30523.0,3439.0,0.0,4192.0
2019-04-22,32668.0,3455.0,0.0,6039.0
2019-04-23,33515.0,3461.0,0.0,6463.0
2019-04-24,32247.0,3468.0,0.0,6185.0
2019-04-25,32713.0,3479.0,0.0,5362.0
2019-04-26,34153.0,3479.0,0.0,6623.0
2019-04-27,34071.0,3432.0,0.0,5243.0
2019-04-28,32653.0,3433.0,0.0,4634.0
2019-04-29,33023.0,3470.0,0.0,6374.0
2019-04-30,33614.0,3465.0,0.0,6733.0
2019-05-01,33627.0,3352.0,0.0,5882.0
2019-05-02,32805.0,3416.0,0.0,6495.0
2019-05-03,34209.0,3224.0,0.0,6915.0
2019-05-04,32650.0,3233.0,0.0,4947.0
2019-05-05,32563.0,3411.0,0.0,4148.0
2019-05-06,33145.0,3423.0,0.0,6676.0
2019-05-07,33392.0,3463.0,0.0,6906.0
2019-05-08,32120.0,3413.0,0.0,6473.0
2019-05-09,33651.0,3481.0,0.0,6687.0
2019-05-10,33402.0,3498.0,0.0,6487.0
2019-05-11,32240.0,3503.0,0.0,5183.0
2019-05-12,31008.0,3469.0,0.0,4395.0
2019-05-13,30920.0,3508.0,0.0,6288.0
2019-05-14,30703.0,3302.0,0.0,6774.0
2019-05-15,31614.0,3523.0,0.0,7247.0
2019-05-16,31535.0,3559.0,0.0,7031.0
2019-05-17,29919.0,3544.0,0.0,6796.0
2019-05-18,29969.0,3362.0,0.0,5459.0
2019-05-19,30055.0,3538.0,0.0,4929.0
2019-05-20,32818.0,3582.0,0.0,6604.0
2019-05-21,32043.0,3561.0,0.0,6828.0
2019-05-22,31615.0,3563.0,0.0,6892.0
2019-05-23,31193.0,3572.0,0.0,6973.0
2019-05-24,30915.0,3820.0,0.0,6978.0
2019-05-25,30427.0,3545.0,0.0,5049.0
2019-05-26,28901.0,3528.0,0.0,4552.0
2019-05-27,28766.0,3565.0,0.0,6441.0
2019-05-28,28868.0,3890.0,0.0,6837.0
2019-05-29,29348.0,3930.0,0.0,6663.0
2019-05-30,30608.0,3445.0,0.0,6973.0
2019-05-31,29376.0,3493.0,0.0,6678.0
2019-06-01,29376.0,3530.0,0.0,4911.0
2019-06-02,29376.0,3513.0,0.0,4362.0
2019-06-03,29856.0,3507.0,0.0,6003.0
2019-06-04,29550.0,3550.0,0.0,6372.0
2019-06-05,29376.0,3520.0,0.0,6361.0
2019-06-06,29862.0,3516.0,0.0,6215.0
2019-06-07,30720.0,3632.0,0.0,6187.0
2019-06-08,30608.0,3427.0,0.0,4871.0
2019-06-09,29376.0,3479.0,0.0,4359.0
2019-06-10,29376.0,3497.0,0.0,5876.0
2019-06-11,34522.0,3485.0,0.0,6786.0
2019-06-12,44290.0,3494.0,0.0,6883.0
2019-06-13,39843.0,3492.0,0.0,6839.0
2019-06-14,40757.0,3490.0,0.0,6670.0
2019-06-15,42697.0,3434.0,0.0,4871.0
2019-06-16,43066.0,3444.0,0.0,4553.0
2019-06-17,43462.0,3450.0,0.0,6034.0
2019-06-18,43900.0,3422.0,0.0,6564.0
2019-06-19,44077.0,3553.0,0.0,6628.0
2019-06-20,44092.0,3464.0,0.0,6537.0
2019-06-21,43389.0,3480.0,0.0,5976.0
2019-06-22,43450.0,3460.0,0.0,4963.0
2019-06-23,43589.0,3812.0,0.0,4584.0
2019-06-24,44254.0,3464.0,0.0,5680.0
2019-06-25,49156.0,3474.0,0.0,6356.0
2019-06-26,45587.0,3482.0,0.0,6692.0
2019-06-27,46628.0,3458.0,0.0,6619.0
2019-06-28,49040.0,3479.0,0.0,6637.0
2019-06-29,51323.0,3452.0,0.0,5268.0
2019-06-30,50948.0,3455.0,0.0,4509.0
2019-07-01,48527.0,3488.0,0.0,5882.0
2019-07-02,48494.0,3479.0,0.0,6249.0
2019-07-03,45504.0,3422.0,0.0,6200.0
2019-07-04,45636.0,3545.0,0.0,6024.0
2019-07-05,45541.0,3476.0,0.0,6271.0
2019-07-06,43973.0,3469.0,0.0,5075.0
2019-07-07,45751.0,3474.0,0.0,4509.0
2019-07-08,48040.0,3482.0,0.0,6008.0
2019-07-09,49058.0,3601.0,0.0,6467.0
2019-07-10,48485.0,3781.0,0.0,6383.0
2019-07-11,47179.0,3525.0,0.0,6245.0
2019-07-12,46894.0,3388.0,0.0,6412.0
2019-07-13,47972.0,3428.0,0.0,5238.0
2019-07-14,47984.0,3437.0,0.0,4490.0
2019-07-15,47400.0,3409.0,0.0,5853.0
2019-07-16,47452.0,3403.0,0.0,6336.0
2019-07-17,31700.0,3412.0,0.0,6398.0
2019-07-18,36397.0,3413.0,0.0,6034.0
2019-07-19,47769.0,3695.0,0.0,6105.0
2019-07-20,45312.0,3457.0,0.0,5038.0
2019-07-21,45508.0,3456.0,0.0,4507.0
2019-07-22,51202.0,3456.0,0.0,6012.0
2019-07-23,51794.0,4781.0,0.0,6296.0
2019-07-24,51334.0,8752.0,0.0,6063.0
2019-07-25,52440.0,6461.0,0.0,5953.0
2019-07-26,50334.0,7504.0,0.0,5905.0
2019-07-27,47709.0,3479.0,0.0,5075.0
2019-07-28,47528.0,3489.0,0.0,4487.0
2019-07-29,47656.0,3486.0,0.0,6061.0
2019-07-30,47406.0,3440.0,0.0,6114.0
2019-07-31,47136.0,3414.0,0.0,6019.0
2019-08-01,48673.0,3443.0,0.0,5708.0
2019-08-02,48362.0,3438.0,0.0,5721.0
2019-08-03,49417.0,3509.0,0.0,4669.0
2019-08-04,49178.0,3519.0,0.0,3986.0
2019-08-05,48643.0,3504.0,0.0,5080.0
2019-08-06,49045.0,3462.0,0.0,5630.0
2019-08-07,48709.0,3462.0,0.0,5933.0
2019-08-08,48704.0,3467.0,0.0,6020.0
2019-08-09,49143.0,3471.0,0.0,5640.0
2019-08-10,49480.0,3455.0,0.0,4983.0
2019-08-11,49616.0,6488.0,0.0,3573.0
2019-08-12,49060.0,3991.0,0.0,5731.0
2019-08-13,48740.0,3446.0,0.0,6404.0
2019-08-14,48548.0,3427.0,0.0,6669.0
2019-08-15,48511.0,3427.0,0.0,5649.0
2019-08-16,48501.0,3440.0,0.0,6090.0
2019-08-17,48506.0,3477.0,0.0,4992.0
2019-08-18,48576.0,3384.0,0.0,4279.0
2019-08-19,49035.0,3386.0,0.0,5941.0
2019-08-20,49132.0,3391.0,0.0,6461.0
2019-08-21,49053.0,3394.0,7.0,6377.0
2019-08-22,48991.0,3429.0,60.0,6444.0
2019-08-23,48220.0,3424.0,38.0,6422.0
2019-08-24,45489.0,3353.0,0.0,5419.0
2019-08-25,45773.0,3418.0,0.0,4173.0
2019-08-26,47906.0,4665.0,17.0,6095.0
2019-08-27,47393.0,7578.0,81.0,6902.0
2019-08-28,47774.0,7759.0,116.0,6529.0
2019-08-29,48742.0,3476.0,160.0,6606.0
2019-08-30,48748.0,3538.0,186.0,7049.0
2019-08-31,46551.0,3483.0,196.0,5599.0
2019-09-01,47218.0,3457.0,200.0,4247.0
2019-09-02,47340.0,3844.0,298.0,5929.0
2019-09-03,47113.0,3473.0,1089.0,6766.0
2019-09-04,46886.0,3522.0,198.0,6622.0
2019-09-05,46598.0,3444.0,167.0,6205.0
2019-09-06,47340.0,3435.0,181.0,6160.0
2019-09-07,47845.0,3407.0,189.0,4488.0
2019-09-08,48003.0,3425.0,190.0,4402.0
2019-09-09,47780.0,3431.0,201.0,6004.0
2019-09-10,47008.0,3406.0,199.0,5955.0
2019-09-11,51762.0,3483.0,199.0,6031.0
2019-09-12,46422.0,3503.0,181.0,6604.0
2019-09-13,46302.0,3481.0,284.0,6400.0
2019-09-14,47565.0,3473.0,285.0,4650.0
2019-09-15,47621.0,3461.0,267.0,4323.0
2019-09-16,47381.0,3498.0,247.0,5835.0
2019-09-17,46742.0,3444.0,223.0,6856.0
2019-09-18,46929.0,3486.0,229.0,6523.0
2019-09-19,47105.0,3465.0,231.0,6378.0
2019-09-20,45601.0,3293.0,234.0,6661.0
2019-09-21,45678.0,3504.0,243.0,4573.0
2019-09-22,47057.0,3465.0,241.0,4139.0
2019-09-23,47045.0,3484.0,236.0,6119.0
2019-09-24,47097.0,3494.0,234.0,6451.0
2019-09-25,45980.0,4135.0,251.0,6712.0
2019-09-26,45693.0,3427.0,254.0,7035.0
2019-09-27,45428.0,3425.0,251.0,7086.0
2019-09-28,44423.0,3403.0,266.0,5544.0
2019-09-29,44559.0,3403.0,287.0,4785.0
2019-09-30,44548.0,3453.0,264.0,6610.0
2019-10-01,44882.0,4023.0,266.0,6849.0
2019-10-02,45451.0,4808.0,275.0,6793.0
2019-10-03,44987.0,4020.0,282.0,7137.0
2019-10-04,44984.0,4020.0,288.0,7175.0
2019-10-05,44745.0,3970.0,288.0,5640.0
2019-10-06,45106.0,3996.0,288.0,4818.0
2019-10-07,45047.0,4040.0,283.0,6499.0
2019-10-08,44563.0,4042.0,295.0,7107.0
2019-10-09,44943.0,4040.0,296.0,7167.0
2019-10-10,44626.0,4062.0,293.0,7173.0
2019-10-11,44591.0,4080.0,302.0,7228.0
2019-10-12,44549.0,4071.0,304.0,4346.0
2019-10-13,44533.0,4038.0,279.0,4154.0
2019-10-14,44905.0,4078.0,258.0,6324.0
2019-10-15,45675.0,4121.0,282.0,7150.0
2019-10-16,44982.0,4220.0,285.0,7026.0
2019-10-17,45087.0,4264.0,343.0,7003.0
2019-10-18,45574.0,4029.0,371.0,7053.0
2019-10-19,45060.0,3890.0,384.0,5386.0
2019-10-20,39632.0,3561.0,384.0,4568.0
2019-10-21,33881.0,3597.0,363.0,6612.0
2019-10-22,33879.0,3711.0,362.0,6592.0
2019-10-23,34095.0,4216.0,364.0,6539.0
2019-10-24,34058.0,4113.0,369.0,6677.0
2019-10-25,26119.0,4085.0,362.0,7132.0
2019-10-26,32414.0,3997.0,384.0,5913.0
2019-10-27,33267.0,3801.0,384.0,4945.0
2019-10-28,34414.0,4047.0,365.0,6497.0
2019-10-29,41837.0,4055.0,361.0,7196.0
2019-10-30,46264.0,4190.0,362.0,7116.0
2019-10-31,46668.0,4121.0,362.0,6616.0
2019-11-01,46508.0,4879.0,360.0,5394.0
2019-11-02,46141.0,4850.0,384.0,4533.0
2019-11-03,45982.0,4806.0,384.0,3410.0
2019-11-04,46275.0,4884.0,360.0,4847.0
2019-11-05,52762.0,4881.0,362.0,5409.0
2019-11-06,45434.0,6188.0,365.0,6001.0
2019-11-07,45224.0,5356.0,364.0,5944.0
2019-11-08,45073.0,4879.0,362.0,6007.0
2019-11-09,44713.0,4847.0,384.0,4802.0
2019-11-10,44662.0,4824.0,384.0,3624.0
2019-11-11,44619.0,4829.0,361.0,6080.0
2019-11-12,44060.0,5368.0,365.0,6777.0
2019-11-13,44481.0,4866.0,366.0,6634.0
2019-11-14,44046.0,14129.0,359.0,6701.0
2019-11-15,43891.0,5119.0,360.0,6708.0
2019-11-16,44320.0,4864.0,382.0,5717.0
2019-11-17,44257.0,4816.0,336.0,4728.0
2019-11-18,44438.0,5951.0,316.0,6439.0
2019-11-19,52397.0,11427.0,317.0,7173.0
2019-11-20,52051.0,10976.0,320.0,6996.0
2019-11-21,47814.0,4894.0,328.0,7070.0
2019-11-22,31694.0,4870.0,327.0,6923.0
2019-11-23,35506.0,4788.0,336.0,4998.0
2019-11-24,35422.0,4848.0,336.0,4342.0
2019-11-25,50002.0,4793.0,322.0,5813.0
2019-11-26,48149.0,4729.0,326.0,6356.0
2019-11-27,44561.0,4775.0,328.0,5982.0
2019-11-28,31690.0,4789.0,323.0,6170.0
2019-11-29,31552.0,4841.0,325.0,6222.0
2019-11-30,31618.0,4849.0,336.0,5141.0
2019-12-01,31810.0,4151.0,336.0,4065.0
2019-12-02,34227.0,10899.0,323.0,5727.0
2019-12-03,50014.0,7940.0,323.0,6434.0
2019-12-04,48551.0,11486.0,339.0,6569.0
2019-12-05,50292.0,13604.0,321.0,6102.0
2019-12-06,43187.0,4142.0,324.0,5535.0
2019-12-07,42506.0,4202.0,336.0,4935.0
2019-12-08,42338.0,4202.0,336.0,3754.0
2019-12-09,42351.0,4208.0,322.0,5433.0
2019-12-10,43539.0,4213.0,325.0,6068.0
2019-12-11,43206.0,4278.0,323.0,5818.0
2019-12-12,42428.0,4300.0,322.0,5574.0
2019-12-13,44623.0,4250.0,323.0,5269.0
2019-12-14,42824.0,4232.0,332.0,3934.0
2019-12-15,42859.0,4227.0,336.0,3440.0
2019-12-16,42819.0,4282.0,323.0,5457.0
2019-12-17,42820.0,4215.0,328.0,6513.0
2019-12-18,42819.0,4254.0,325.0,6041.0
2019-12-19,42947.0,4303.0,323.0,4507.0
2019-12-20,42819.0,4291.0,325.0,3524.0
2019-12-21,42816.0,4227.0,335.0,2540.0
2019-12-22,42816.0,4265.0,336.0,2606.0
2019-12-23,43068.0,4225.0,324.0,3902.0
2019-12-24,44035.0,4184.0,326.0,2439.0
2019-12-25,44067.0,4185.0,328.0,2701.0
2019-12-26,44066.0,4281.0,329.0,4076.0
2019-12-27,44027.0,4251.0,325.0,4435.0
2019-12-28,43777.0,4227.0,336.0,3029.0
2019-12-29,43774.0,4254.0,336.0,2734.0
2019-12-30,43641.0,6713.0,325.0,4339.0
2019-12-31,43498.0,4272.0,327.0,4055.0
2020-01-01,43590.0,4862.0,329.0,2637.0
2020-01-02,43268.0,4877.0,325.0,4241.0
2020-01-03,43132.0,4870.0,327.0,4654.0
2020-01-04,43277.0,4837.0,336.0,3648.0
2020-01-05,43749.0,4837.0,336.0,3279.0
2020-01-06,41206.0,6419.0,330.0,4167.0
2020-01-07,35652.0,4791.0,323.0,5674.0
2020-01-08,39790.0,4810.0,330.0,5861.0
2020-01-09,45023.0,4854.0,324.0,5428.0
2020-01-10,44714.0,4864.0,323.0,5393.0
2020-01-11,44424.0,4863.0,336.0,3045.0
2020-01-12,44136.0,4840.0,336.0,2651.0
2020-01-13,43921.0,4848.0,331.0,4162.0
2020-01-14,43107.0,4869.0,333.0,3739.0
2020-01-15,43147.0,4860.0,335.0,3696.0
2020-01-16,43621.0,4863.0,338.0,3456.0
2020-01-17,43862.0,4856.0,340.0,3390.0
2020-01-18,43942.0,4856.0,344.0,2590.0
2020-01-19,44112.0,4860.0,347.0,2560.0
2020-01-20,44107.0,4846.0,343.0,3550.0
2020-01-21,47853.0,6006.0,327.0,4289.0
2020-01-22,50532.0,7735.0,324.0,4451.0
2020-01-23,50237.0,9131.0,327.0,4493.0
2020-01-24,44385.0,4838.0,328.0,4705.0
2020-01-25,43476.0,4853.0,336.0,3448.0
2020-01-26,43296.0,4811.0,336.0,2730.0
2020-01-27,43570.0,4852.0,322.0,3406.0
2020-01-28,43538.0,4853.0,324.0,3368.0
2020-01-29,42837.0,4848.0,323.0,3436.0
2020-01-30,42854.0,4838.0,320.0,3482.0
2020-01-31,43059.0,4893.0,326.0,3566.0
2020-02-01,44130.0,5657.0,336.0,2745.0
2020-02-02,43848.0,5685.0,238.0,2661.0
2020-02-03,43993.0,5684.0,324.0,3381.0
2020-02-04,43651.0,7449.0,323.0,3422.0
2020-02-05,43162.0,8004.0,323.0,3122.0
2020-02-06,44363.0,6128.0,323.0,3581.0
2020-02-07,43047.0,5692.0,321.0,3864.0
2020-02-08,41860.0,5666.0,336.0,2852.0
2020-02-09,41397.0,5661.0,336.0,2644.0
2020-02-10,41269.0,5695.0,321.0,3524.0
2020-02-11,41761.0,5696.0,322.0,4237.0
2020-02-12,41456.0,5700.0,324.0,4474.0
2020-02-13,41409.0,5690.0,324.0,4046.0
2020-02-14,41387.0,7351.0,322.0,4236.0
2020-02-15,41386.0,5708.0,332.0,3088.0
2020-02-16,41570.0,5708.0,335.0,2973.0
2020-02-17,41908.0,5757.0,324.0,3400.0
2020-02-18,42142.0,5905.0,323.0,3598.0
2020-02-19,41382.0,5771.0,326.0,3755.0
2020-02-20,41659.0,6141.0,325.0,3837.0
2020-02-21,41671.0,8577.0,323.0,3680.0
2020-02-22,41576.0,5733.0,334.0,2562.0
2020-02-23,41476.0,5757.0,334.0,2337.0
2020-02-24,41691.0,5794.0,323.0,2845.0
2020-02-25,41758.0,6614.0,323.0,2767.0
2020-02-26,42680.0,5693.0,324.0,2867.0
2020-02-27,44407.0,6495.0,325.0,2992.0
2020-02-28,41930.0,5684.0,322.0,3191.0
2020-02-29,41542.0,5627.0,335.0,2349.0
2020-03-01,41659.0,4021.0,335.0,2333.0
2020-03-02,41785.0,6455.0,322.0,2900.0
2020-03-03,41854.0,4758.0,322.0,3120.0
2020-03-04,41393.0,5553.0,322.0,3131.0
2020-03-05,41514.0,4049.0,322.0,2845.0
2020-03-06,41380.0,4049.0,323.0,2958.0
2020-03-07,41620.0,4039.0,336.0,2668.0
2020-03-08,41840.0,4006.0,336.0,2552.0
2020-03-09,42191.0,5500.0,324.0,3639.0
2020-03-10,44359.0,6682.0,323.0,4185.0
2020-03-11,42086.0,4130.0,324.0,4988.0
2020-03-12,42419.0,4984.0,323.0,5300.0
2020-03-13,42246.0,5633.0,323.0,5184.0
2020-03-14,41730.0,3964.0,336.0,4763.0
2020-03-15,41689.0,3974.0,336.0,3938.0
2020-03-16,42235.0,4028.0,322.0,4709.0
2020-03-17,42467.0,4044.0,324.0,5050.0
2020-03-18,42342.0,4039.0,325.0,5108.0
2020-03-19,43029.0,3974.0,322.0,5000.0
2020-03-20,42011.0,3965.0,323.0,5207.0
2020-03-21,42316.0,3956.0,336.0,4928.0
2020-03-22,41883.0,3990.0,336.0,4455.0
2020-03-23,41913.0,3999.0,327.0,4937.0
2020-03-24,42091.0,4381.0,323.0,5241.0
2020-03-25,41858.0,3972.0,323.0,5336.0
2020-03-26,41856.0,3955.0,321.0,5268.0
2020-03-27,41856.0,4222.0,322.0,5163.0
2020-03-28,41856.0,3961.0,336.0,4585.0
2020-03-29,42006.0,3821.0,336.0,3960.0
2020-03-30,41856.0,3993.0,322.0,4355.0
2020-03-31,41856.0,3943.0,322.0,4664.0
2020-04-01,41856.0,3232.0,322.0,5820.0
2020-04-02,41856.0,3228.0,322.0,6095.0
2020-04-03,41856.0,3233.0,326.0,6144.0
2020-04-04,42981.0,3233.0,335.0,4748.0
2020-04-05,41856.0,3423.0,336.0,3312.0
2020-04-06,41856.0,3227.0,323.0,5457.0
2020-04-07,41856.0,3203.0,323.0,6402.0
2020-04-08,41856.0,3197.0,322.0,6282.0
2020-04-09,41856.0,3208.0,325.0,5860.0
2020-04-10,41856.0,3174.0,324.0,5464.0
2020-04-11,41856.0,3188.0,336.0,5058.0
2020-04-12,41856.0,3143.0,336.0,3636.0
2020-04-13,41856.0,3138.0,328.0,5864.0
2020-04-14,41967.0,3148.0,326.0,6108.0
2020-04-15,41856.0,3215.0,323.0,5707.0
2020-04-16,41856.0,3234.0,325.0,5475.0
2020-04-17,41856.0,3468.0,326.0,5919.0
2020-04-18,41856.0,3321.0,336.0,5604.0
2020-04-19,41856.0,3316.0,336.0,4223.0
2020-04-20,42097.0,3320.0,326.0,5501.0
2020-04-21,42813.0,3330.0,324.0,5226.0
2020-04-22,43521.0,3305.0,326.0,5531.0
2020-04-23,43200.0,3340.0,324.0,5954.0
2020-04-24,43258.0,3343.0,285.0,5942.0
2020-04-25,41856.0,3285.0,244.0,5504.0
2020-04-26,41856.0,3303.0,259.0,4954.0
2020-04-27,41856.0,3335.0,234.0,5817.0
2020-04-28,41856.0,3345.0,130.0,5893.0
2020-04-29,41856.0,3338.0,0.0,5362.0
2020-04-30,41856.0,3340.0,0.0,4997.0
2020-05-01,41887.0,3283.0,0.0,4436.0
2020-05-02,41856.0,3255.0,0.0,4657.0
2020-05-03,41856.0,3273.0,0.0,4614.0
2020-05-04,41856.0,3321.0,0.0,6023.0
2020-05-05,41856.0,3339.0,0.0,6453.0
2020-05-06,41856.0,3530.0,0.0,6629.0
2020-05-07,41856.0,3314.0,0.0,6251.0
2020-05-08,42668.0,3307.0,0.0,6547.0
2020-05-09,50858.0,3323.0,0.0,5649.0
2020-05-10,49289.0,3323.0,0.0,4911.0
2020-05-11,41921.0,3310.0,0.0,6358.0
2020-05-12,41856.0,3321.0,0.0,6962.0
2020-05-13,42070.0,3462.0,0.0,7094.0
2020-05-14,41856.0,3266.0,0.0,7058.0
2020-05-15,41856.0,3259.0,0.0,6835.0
2020-05-16,41856.0,3222.0,0.0,5184.0
2020-05-17,41856.0,3168.0,0.0,4829.0
2020-05-18,41856.0,3558.0,0.0,6574.0
2020-05-19,41856.0,3164.0,0.0,6552.0
2020-05-20,41882.0,3175.0,0.0,6847.0
2020-05-21,41856.0,3211.0,0.0,6978.0
2020-05-22,41856.0,3211.0,0.0,7057.0
2020-05-23,41856.0,3244.0,0.0,5706.0
2020-05-24,41856.0,3524.0,30.0,4724.0
2020-05-25,41856.0,3248.0,34.0,6643.0
2020-05-26,41985.0,3373.0,26.0,6757.0
2020-05-27,41856.0,3313.0,15.0,6471.0
2020-05-28,41856.0,3314.0,9.0,7195.0
2020-05-29,41856.0,3239.0,69.0,7254.0
2020-05-30,41856.0,3138.0,68.0,5755.0
2020-05-31,41856.0,3200.0,60.0,5030.0
2020-06-01,41856.0,3189.0,48.0,6609.0
2020-06-02,41933.0,3231.0,60.0,7304.0
2020-06-03,42116.0,3216.0,53.0,7060.0
2020-06-04,47340.0,4791.0,56.0,6583.0
2020-06-05,41856.0,3204.0,71.0,6949.0
2020-06-06,41883.0,3263.0,74.0,5409.0
2020-06-07,41856.0,3390.0,91.0,4908.0
2020-06-08,41856.0,3264.0,69.0,6618.0
2020-06-09,41856.0,3268.0,13.0,7033.0
2020-06-10,41856.0,4587.0,8.0,7087.0
2020-06-11,41856.0,3250.0,22.0,6797.0
2020-06-12,41856.0,3255.0,24.0,6688.0
2020-06-13,41856.0,3863.0,31.0,5600.0
2020-06-14,41990.0,3259.0,96.0,5025.0
2020-06-15,41884.0,3264.0,96.0,6254.0
2020-06-16,41856.0,3267.0,96.0,6617.0
2020-06-17,41968.0,3308.0,96.0,6524.0
2020-06-18,41856.0,3313.0,96.0,6731.0
2020-06-19,41856.0,3333.0,96.0,6686.0
2020-06-20,41856.0,3320.0,96.0,5781.0
2020-06-21,41856.0,3671.0,96.0,4992.0
2020-06-22,42092.0,5112.0,96.0,6499.0
2020-06-23,41856.0,4037.0,96.0,6991.0
2020-06-24,41856.0,4430.0,96.0,6752.0
2020-06-25,41856.0,3358.0,96.0,6508.0
2020-06-26,41856.0,3659.0,96.0,6812.0
2020-06-27,41856.0,3311.0,96.0,5907.0
2020-06-28,41856.0,3302.0,96.0,5154.0
2020-06-29,41856.0,6344.0,96.0,6034.0
2020-06-30,42376.0,7029.0,96.0,6803.0
2020-07-01,41886.0,8654.0,96.0,6278.0
2020-07-02,41856.0,3276.0,96.0,6475.0
2020-07-03,42179.0,4453.0,96.0,6465.0
2020-07-04,41856.0,3280.0,96.0,5052.0
2020-07-05,42169.0,3275.0,96.0,4386.0
2020-07-06,42140.0,3294.0,96.0,5625.0
2020-07-07,41857.0,6635.0,96.0,6148.0
2020-07-08,41857.0,8517.0,96.0,6199.0
2020-07-09,41856.0,4779.0,96.0,6219.0
2020-07-10,41856.0,3321.0,96.0,6155.0
2020-07-11,41856.0,3249.0,96.0,4361.0
2020-07-12,41856.0,3299.0,96.0,3818.0
2020-07-13,41856.0,3296.0,96.0,5761.0
2020-07-14,41862.0,3247.0,96.0,6405.0
2020-07-15,41856.0,3300.0,97.0,6265.0
2020-07-16,42371.0,3360.0,96.0,6503.0
2020-07-17,41856.0,3355.0,96.0,6183.0
2020-07-18,41856.0,3285.0,96.0,4269.0
2020-07-19,41856.0,3262.0,96.0,3882.0
2020-07-20,41856.0,3287.0,96.0,5864.0
2020-07-21,41856.0,3279.0,97.0,6332.0
2020-07-22,49110.0,3277.0,96.0,6404.0
2020-07-23,41887.0,3279.0,96.0,6241.0
2020-07-24,43575.0,3259.0,96.0,5487.0
2020-07-25,53197.0,3382.0,96.0,4044.0
2020-07-26,53275.0,7105.0,96.0,3884.0
2020-07-27,44184.0,4916.0,90.0,5778.0
2020-07-28,41856.0,3234.0,96.0,6172.0
2020-07-29,41856.0,7068.0,96.0,6145.0
2020-07-30,41856.0,5431.0,96.0,6022.0
2020-07-31,41856.0,5384.0,96.0,6032.0
2020-08-01,41856.0,3265.0,96.0,4064.0
2020-08-02,41856.0,3357.0,96.0,3596.0
2020-08-03,41856.0,3271.0,80.0,5662.0
2020-08-04,42042.0,3213.0,52.0,6024.0
2020-08-05,41856.0,3900.0,84.0,5830.0
2020-08-06,41856.0,3231.0,94.0,5900.0
2020-08-07,41856.0,3246.0,93.0,5944.0
2020-08-08,41856.0,3233.0,96.0,4251.0
2020-08-09,41856.0,3292.0,96.0,3550.0
2020-08-10,41856.0,3245.0,96.0,4858.0
2020-08-11,41894.0,3230.0,96.0,5357.0
2020-08-12,41856.0,3227.0,96.0,5564.0
2020-08-13,41856.0,3237.0,97.0,5519.0
2020-08-14,41856.0,3256.0,76.0,5261.0
2020-08-15,41856.0,3297.0,49.0,3617.0
2020-08-16,41856.0,3331.0,96.0,3588.0
2020-08-17,41856.0,3276.0,96.0,5500.0
2020-08-18,41856.0,3255.0,81.0,5826.0
2020-08-19,41856.0,3278.0,89.0,5083.0
2020-08-20,42604.0,3618.0,96.0,5183.0
2020-08-21,41882.0,3280.0,96.0,5262.0
2020-08-22,41856.0,4674.0,96.0,3802.0
2020-08-23,41856.0,3289.0,95.0,3237.0
2020-08-24,41856.0,4005.0,89.0,5029.0
2020-08-25,41856.0,3276.0,87.0,5283.0
2020-08-26,41856.0,4694.0,210.0,5099.0
2020-08-27,42738.0,3228.0,263.0,5425.0
2020-08-28,41856.0,3385.0,96.0,5510.0
2020-08-29,41856.0,3245.0,96.0,3781.0
2020-08-30,41856.0,3288.0,96.0,3250.0
2020-08-31,41856.0,5066.0,99.0,5277.0
2020-09-01,44080.0,4551.0,96.0,5835.0
2020-09-02,41856.0,3274.0,96.0,5413.0
2020-09-03,41856.0,3332.0,96.0,5748.0
2020-09-04,41856.0,3358.0,97.0,5756.0
2020-09-05,41856.0,3298.0,98.0,3829.0
2020-09-06,41856.0,3256.0,96.0,3443.0
2020-09-07,41856.0,3340.0,96.0,5404.0
2020-09-08,41856.0,3267.0,96.0,5910.0
2020-09-09,41881.0,3747.0,96.0,6152.0
2020-09-10,41856.0,3631.0,96.0,6182.0
2020-09-11,41856.0,3695.0,96.0,6303.0
2020-09-12,41856.0,3196.0,96.0,4922.0
2020-09-13,41856.0,3192.0,96.0,3761.0
2020-09-14,42695.0,4758.0,95.0,5773.0
2020-09-15,46461.0,7539.0,96.0,6299.0
2020-09-16,41955.0,3187.0,96.0,6249.0
2020-09-17,41856.0,2943.0,96.0,6507.0
2020-09-18,41856.0,3205.0,96.0,6503.0
2020-09-19,41856.0,3168.0,96.0,4944.0
2020-09-20,41856.0,3168.0,96.0,3666.0
2020-09-21,41856.0,3210.0,96.0,5792.0
2020-09-22,41856.0,6876.0,96.0,6572.0
2020-09-23,41859.0,3280.0,96.0,6453.0
2020-09-24,41988.0,3280.0,96.0,6255.0
2020-09-25,41875.0,3563.0,96.0,5646.0
2020-09-26,41856.0,3216.0,96.0,4153.0
2020-09-27,41856.0,3216.0,97.0,3626.0
2020-09-28,42985.0,4242.0,96.0,5821.0
2020-09-29,46407.0,9532.0,97.0,6116.0
2020-09-30,46921.0,3263.0,96.0,5850.0
2020-10-01,43224.0,3959.0,96.0,5322.0
2020-10-02,43141.0,3951.0,96.0,5071.0
2020-10-03,43298.0,3913.0,96.0,3441.0
2020-10-04,43510.0,3912.0,96.0,2861.0
2020-10-05,43290.0,3999.0,96.0,5609.0
2020-10-06,44808.0,4829.0,96.0,6107.0
2020-10-07,47054.0,4179.0,96.0,6178.0
2020-10-08,62031.0,4023.0,96.0,6038.0
2020-10-09,47583.0,3987.0,96.0,6438.0
2020-10-10,43205.0,3914.0,96.0,4569.0
2020-10-11,42801.0,3913.0,97.0,3697.0
2020-10-12,46527.0,3992.0,96.0,4521.0
2020-10-13,48473.0,5322.0,96.0,5679.0
2020-10-14,46448.0,3982.0,83.0,5816.0
2020-10-15,42570.0,4501.0,98.0,6084.0
2020-10-16,42100.0,5801.0,96.0,6119.0
2020-10-17,42531.0,3964.0,96.0,5180.0
2020-10-18,37852.0,3968.0,96.0,4344.0
2020-10-19,33948.0,4004.0,96.0,5394.0
2020-10-20,33384.0,3997.0,96.0,5993.0
2020-10-21,34348.0,3997.0,96.0,6207.0
2020-10-22,33084.0,4045.0,96.0,6367.0
2020-10-23,33007.0,4170.0,96.0,6325.0
2020-10-24,33252.0,3811.0,96.0,3748.0
2020-10-25,33425.0,3813.0,96.0,2968.0
2020-10-26,33209.0,4016.0,96.0,4963.0
2020-10-27,34284.0,3978.0,96.0,5502.0
2020-10-28,41322.0,4004.0,96.0,5771.0
2020-10-29,43635.0,3998.0,96.0,5827.0
2020-10-30,43224.0,3998.0,96.0,5847.0
2020-10-31,43192.0,4054.0,96.0,4121.0
2020-11-01,43431.0,4844.0,100.0,3217.0
2020-11-02,44074.0,4844.0,137.0,5361.0
2020-11-03,43351.0,4810.0,161.0,6015.0
2020-11-04,50045.0,4810.0,57.0,5976.0
2020-11-05,50048.0,4815.0,0.0,5749.0
2020-11-06,49936.0,4810.0,0.0,5855.0
2020-11-07,42476.0,4816.0,0.0,3698.0
2020-11-08,42375.0,4821.0,0.0,3684.0
2020-11-09,48111.0,4824.0,0.0,5765.0
2020-11-10,48261.0,4823.0,0.0,6098.0
2020-11-11,49794.0,4748.0,0.0,6410.0
2020-11-12,42226.0,4794.0,0.0,6491.0
2020-11-13,42907.0,4824.0,0.0,6463.0
2020-11-14,42619.0,4848.0,0.0,4168.0
2020-11-15,42624.0,4847.0,0.0,3452.0
2020-11-16,43719.0,4840.0,0.0,5567.0
2020-11-17,43700.0,4931.0,0.0,6390.0
2020-11-18,48448.0,4852.0,16.0,6149.0
2020-11-19,42632.0,4865.0,97.0,6127.0
2020-11-20,44536.0,4686.0,96.0,6111.0
2020-11-21,43286.0,4872.0,96.0,4215.0
2020-11-22,42839.0,4857.0,97.0,3642.0
2020-11-23,43167.0,4866.0,96.0,5905.0
2020-11-24,42664.0,4821.0,97.0,6298.0
2020-11-25,45017.0,4847.0,97.0,6287.0
2020-11-26,44068.0,4838.0,655.0,6177.0
2020-11-27,43855.0,4869.0,96.0,5974.0
2020-11-28,41234.0,4795.0,96.0,4458.0
2020-11-29,41266.0,4777.0,96.0,3831.0
2020-11-30,49183.0,4818.0,96.0,5021.0
2020-12-01,51981.0,4247.0,97.0,5397.0
2020-12-02,57352.0,10757.0,99.0,5653.0
2020-12-03,42054.0,4243.0,98.0,5628.0
2020-12-04,41886.0,4252.0,96.0,5585.0
2020-12-05,41130.0,4261.0,97.0,4327.0
2020-12-06,41082.0,4250.0,99.0,3602.0
2020-12-07,41907.0,4093.0,98.0,4259.0
2020-12-08,44889.0,4551.0,98.0,4098.0
2020-12-09,51923.0,9809.0,97.0,5639.0
2020-12-10,52465.0,6478.0,96.0,5636.0
2020-12-11,43843.0,5189.0,97.0,5262.0
2020-12-12,41185.0,4184.0,97.0,3751.0
2020-12-13,41130.0,4160.0,98.0,3975.0
2020-12-14,40729.0,4221.0,96.0,5177.0
2020-12-15,40003.0,4491.0,96.0,5815.0
2020-12-16,40297.0,4216.0,96.0,5953.0
2020-12-17,39866.0,14609.0,97.0,5981.0
2020-12-18,39471.0,4238.0,97.0,5748.0
2020-12-19,39040.0,4168.0,97.0,4421.0
2020-12-20,38881.0,4172.0,99.0,3962.0
2020-12-21,38805.0,4224.0,96.0,5072.0
2020-12-22,38433.0,4255.0,97.0,5473.0
2020-12-23,38478.0,4188.0,96.0,5906.0
2020-12-24,38509.0,4253.0,97.0,3431.0
2020-12-25,38641.0,4234.0,101.0,1908.0
2020-12-26,38638.0,4244.0,103.0,2245.0
2020-12-27,39258.0,4256.0,102.0,1945.0
2020-12-28,39401.0,4247.0,97.0,2532.0
2020-12-29,39307.0,4259.0,96.0,3591.0
2020-12-30,39228.0,4260.0,97.0,3887.0
2020-12-31,38891.0,4284.0,96.0,2721.0
2021-01-01,39496.0,4957.0,96.0,1875.0
2021-01-02,39670.0,4959.0,98.0,2652.0
2021-01-03,39697.0,4747.0,99.0,2719.0
2021-01-04,40178.0,6450.0,98.0,4076.0
2021-01-05,39619.0,7823.0,98.0,4733.0
2021-01-06,39275.0,5965.0,99.0,4581.0
2021-01-07,39066.0,6270.0,96.0,5071.0
2021-01-08,39084.0,9181.0,96.0,5206.0
2021-01-09,38905.0,4924.0,96.0,4369.0
2021-01-10,38950.0,4949.0,99.0,3905.0
2021-01-11,39453.0,6039.0,98.0,4773.0
2021-01-12,40536.0,8014.0,97.0,5066.0
2021-01-13,38832.0,4896.0,97.0,5202.0
2021-01-14,41090.0,4903.0,96.0,5234.0
2021-01-15,39582.0,5976.0,98.0,5245.0
2021-01-16,39267.0,4907.0,97.0,4198.0
2021-01-17,39041.0,4898.0,508.0,3952.0
2021-01-18,41146.0,5146.0,96.0,4888.0
2021-01-19,51376.0,4990.0,97.0,4765.0
2021-01-20,47175.0,4905.0,97.0,4120.0
2021-01-21,39547.0,4842.0,98.0,4157.0
2021-01-22,37427.0,4969.0,96.0,3634.0
2021-01-23,37348.0,4916.0,97.0,2850.0
2021-01-24,37165.0,4902.0,98.0,2927.0
2021-01-25,38779.0,5703.0,114.0,4675.0
2021-01-26,36992.0,8532.0,115.0,4979.0
2021-01-27,39009.0,4991.0,93.0,5024.0
2021-01-28,37870.0,4952.0,94.0,4904.0
2021-01-29,38207.0,4901.0,94.0,4241.0
2021-01-30,38529.0,4905.0,95.0,2837.0
2021-01-31,38486.0,4910.0,94.0,2797.0
2021-02-01,39012.0,5737.0,97.0,2936.0
2021-02-02,38054.0,6855.0,100.0,3508.0
2021-02-03,38096.0,5740.0,97.0,4047.0
2021-02-04,38043.0,6629.0,99.0,4450.0
2021-02-05,37865.0,5741.0,99.0,4263.0
2021-02-06,38502.0,5749.0,96.0,2974.0
2021-02-07,39378.0,5736.0,102.0,2945.0
2021-02-08,40543.0,13358.0,101.0,2750.0
2021-02-09,43532.0,17262.0,96.0,2797.0
2021-02-10,43587.0,5639.0,96.0,3754.0
2021-02-11,43422.0,9442.0,96.0,4757.0
2021-02-12,39123.0,5639.0,96.0,4500.0
2021-02-13,38831.0,6631.0,88.0,3130.0
2021-02-14,39058.0,5978.0,96.0,2783.0
2021-02-15,38730.0,5659.0,96.0,2896.0
2021-02-16,38165.0,7246.0,97.0,3459.0
2021-02-17,37802.0,5653.0,94.0,4413.0
2021-02-18,37639.0,5661.0,96.0,4919.0
2021-02-19,37807.0,5668.0,68.0,3867.0
2021-02-20,37934.0,5696.0,48.0,2673.0
2021-02-21,38073.0,5664.0,51.0,2682.0
2021-02-22,37872.0,5696.0,49.0,4075.0
2021-02-23,38073.0,5698.0,48.0,4495.0
2021-02-24,37893.0,5704.0,51.0,3778.0
2021-02-25,37371.0,5698.0,49.0,4554.0
2021-02-26,37033.0,5670.0,49.0,3808.0
2021-02-27,36596.0,5639.0,52.0,2842.0
2021-02-28,36581.0,5554.0,50.0,2652.0
2021-03-01,36548.0,3985.0,52.0,3570.0
2021-03-02,36769.0,4167.0,48.0,4043.0
2021-03-03,39968.0,4111.0,49.0,3937.0
2021-03-04,37287.0,4014.0,48.0,4387.0
2021-03-05,37122.0,4054.0,49.0,4308.0
2021-03-06,36576.0,4050.0,52.0,3172.0
2021-03-07,36576.0,4047.0,10.0,2963.0
2021-03-08,34978.0,4437.0,0.0,3542.0
2021-03-09,32736.0,6647.0,0.0,3628.0
2021-03-10,32736.0,4748.0,18.0,3560.0
2021-03-11,37628.0,3875.0,119.0,3076.0
2021-03-12,34926.0,3882.0,145.0,3374.0
2021-03-13,36503.0,4077.0,131.0,2786.0
2021-03-14,36492.0,4140.0,147.0,2789.0
2021-03-15,36467.0,4557.0,171.0,3648.0
2021-03-16,36418.0,4761.0,201.0,3209.0
2021-03-17,36491.0,3987.0,363.0,2698.0
2021-03-18,36190.0,6029.0,267.0,3096.0
2021-03-19,36948.0,4001.0,470.0,2865.0
2021-03-20,37056.0,4094.0,359.0,2611.0
2021-03-21,37060.0,4098.0,446.0,2600.0
2021-03-22,37219.0,5248.0,270.0,2945.0
2021-03-23,37951.0,5669.0,186.0,3212.0
2021-03-24,51579.0,4734.0,171.0,3143.0
2021-03-25,51836.0,4025.0,188.0,3217.0
2021-03-26,51408.0,4028.0,188.0,3867.0
2021-03-27,36424.0,3987.0,240.0,2270.0
2021-03-28,39151.0,4013.0,136.0,2436.0
2021-03-29,39770.0,4015.0,156.0,3361.0
2021-03-30,48867.0,4078.0,204.0,3461.0
2021-03-31,37390.0,4256.0,196.0,3110.0
2021-04-01,36761.0,3298.0,207.0,2590.0
2021-04-02,36920.0,3303.0,134.0,2479.0
2021-04-03,36797.0,3255.0,126.0,2209.0
2021-04-04,36596.0,3256.0,120.0,2194.0
2021-04-05,37305.0,3230.0,140.0,2579.0
2021-04-06,40327.0,6652.0,156.0,2831.0
2021-04-07,37207.0,6842.0,288.0,3235.0
2021-04-08,37470.0,3559.0,164.0,3661.0
2021-04-09,37248.0,5396.0,177.0,3831.0
2021-04-10,37515.0,2290.0,192.0,2735.0
2021-04-11,38474.0,1309.0,120.0,2555.0
2021-04-12,40854.0,8380.0,200.0,3368.0
2021-04-13,38645.0,5093.0,256.0,3937.0
2021-04-14,37577.0,6899.0,120.0,3781.0
2021-04-15,37513.0,3235.0,112.0,3718.0
2021-04-16,37262.0,3240.0,36.0,3846.0
2021-04-17,37115.0,3251.0,276.0,2843.0
2021-04-18,37180.0,3262.0,227.0,2851.0
2021-04-19,39467.0,3256.0,184.0,3800.0
2021-04-20,40675.0,3213.0,83.0,4000.0
2021-04-21,37993.0,3165.0,100.0,4175.0
2021-04-22,39251.0,3188.0,55.0,4095.0
2021-04-23,40479.0,3180.0,84.0,3630.0
2021-04-24,34363.0,3187.0,247.0,2427.0
2021-04-25,33679.0,3194.0,48.0,2698.0
2021-04-26,33836.0,3165.0,20.0,3983.0
2021-04-27,33494.0,3151.0,176.0,4231.0
2021-04-28,36888.0,3176.0,208.0,4084.0
2021-04-29,36877.0,3361.0,92.0,4101.0
2021-04-30,36347.0,3854.0,96.0,3791.0
2021-05-01,36492.0,3110.0,144.0,2643.0
2021-05-02,36752.0,3126.0,72.0,2624.0
2021-05-03,36845.0,5153.0,42.0,3944.0
2021-05-04,36805.0,3211.0,178.0,3981.0
2021-05-05,39654.0,5651.0,136.0,3733.0
2021-05-06,36703.0,5273.0,238.0,3659.0
2021-05-07,36050.0,3938.0,197.0,3815.0
2021-05-08,37884.0,3484.0,0.0,2524.0
2021-05-09,35945.0,6462.0,0.0,1903.0
2021-05-10,35878.0,3186.0,0.0,2885.0
2021-05-11,36465.0,3206.0,0.0,2971.0
2021-05-12,36584.0,3338.0,0.0,3010.0
2021-05-13,37037.0,3289.0,0.0,3060.0
2021-05-14,37386.0,3280.0,0.0,3068.0
2021-05-15,37872.0,3292.0,0.0,2401.0
2021-05-16,37858.0,3303.0,0.0,1971.0
2021-05-17,37664.0,3286.0,0.0,3258.0
2021-05-18,37734.0,7120.0,0.0,3386.0
2021-05-19,38160.0,3308.0,0.0,3166.0
2021-05-20,37888.0,3296.0,0.0,3433.0
2021-05-21,37665.0,3320.0,0.0,3320.0
2021-05-22,37331.0,3333.0,0.0,2620.0
2021-05-23,37459.0,3284.0,0.0,2508.0
2021-05-24,37430.0,3319.0,0.0,3337.0
2021-05-25,36925.0,3309.0,0.0,3563.0
2021-05-26,36270.0,3445.0,0.0,3977.0
2021-05-27,37027.0,3271.0,0.0,4319.0
2021-05-28,37056.0,3297.0,0.0,4284.0
2021-05-29,37055.0,3669.0,0.0,3147.0
2021-05-30,37059.0,3318.0,0.0,2639.0
2021-05-31,38497.0,3430.0,10.0,3758.0
2021-06-01,39140.0,4503.0,40.0,3582.0
2021-06-02,38915.0,2798.0,0.0,3417.0
2021-06-03,39369.0,3305.0,0.0,3203.0
2021-06-04,39462.0,3294.0,0.0,3052.0
2021-06-05,39310.0,3250.0,0.0,1843.0
2021-06-06,39457.0,3299.0,0.0,1740.0
2021-06-07,41234.0,3302.0,0.0,2829.0
2021-06-08,44493.0,3296.0,0.0,2767.0
2021-06-09,42647.0,3302.0,0.0,3133.0
2021-06-10,42748.0,3303.0,0.0,3564.0
2021-06-11,43465.0,3403.0,0.0,3615.0
2021-06-12,40944.0,4646.0,0.0,2705.0
2021-06-13,40419.0,3221.0,0.0,2428.0
2021-06-14,43811.0,5848.0,0.0,3450.0
2021-06-15,43133.0,3179.0,0.0,3852.0
2021-06-16,43340.0,4442.0,0.0,3963.0
2021-06-17,41604.0,7079.0,0.0,3975.0
2021-06-18,41173.0,3794.0,0.0,3688.0
2021-06-19,40608.0,3147.0,0.0,2742.0
2021-06-20,39964.0,3208.0,0.0,2380.0
2021-06-21,40396.0,3316.0,0.0,3552.0
2021-06-22,40104.0,3318.0,20.0,3695.0
2021-06-23,40329.0,3328.0,193.0,3442.0
2021-06-24,40421.0,3323.0,40.0,3155.0
2021-06-25,40441.0,3325.0,169.0,3227.0
2021-06-26,40443.0,3241.0,107.0,2516.0
2021-06-27,40045.0,3916.0,86.0,2297.0
2021-06-28,36856.0,3345.0,204.0,3575.0
2021-06-29,41120.0,5070.0,113.0,3922.0
2021-06-30,40533.0,4573.0,4.0,3856.0
2021-07-01,39593.0,4024.0,104.0,4358.0
2021-07-02,39379.0,3695.0,131.0,4461.0
2021-07-03,39824.0,3257.0,77.0,3095.0
2021-07-04,39780.0,3263.0,94.0,2981.0
2021-07-05,40568.0,3294.0,73.0,4447.0
2021-07-06,40300.0,3289.0,162.0,4939.0
2021-07-07,39944.0,3302.0,94.0,4960.0
2021-07-08,40514.0,3306.0,70.0,4826.0
2021-07-09,40337.0,3292.0,100.0,4749.0
2021-07-10,39908.0,3225.0,90.0,3489.0
2021-07-11,40059.0,3245.0,47.0,3150.0
2021-07-12,40181.0,3284.0,104.0,3959.0
2021-07-13,40934.0,3298.0,80.0,4489.0
2021-07-14,39822.0,3258.0,50.0,4184.0
2021-07-15,32599.0,3282.0,144.0,4473.0
2021-07-16,31979.0,3279.0,110.0,4496.0
2021-07-17,30536.0,3204.0,133.0,3867.0
2021-07-18,30922.0,3189.0,38.0,3479.0
2021-07-19,31210.0,3247.0,62.0,4470.0
2021-07-20,29972.0,3458.0,57.0,4634.0
2021-07-21,30147.0,3638.0,77.0,4689.0
2021-07-22,30152.0,3254.0,141.0,4633.0
2021-07-23,29667.0,3287.0,120.0,4634.0
2021-07-24,29569.0,3226.0,72.0,3384.0
2021-07-25,29604.0,3217.0,127.0,3423.0
2021-07-26,29729.0,3217.0,161.0,3867.0
2021-07-27,29954.0,3244.0,242.0,4103.0
2021-07-28,29865.0,3308.0,191.0,3817.0
2021-07-29,29789.0,3296.0,13.0,4284.0
2021-07-30,29607.0,3297.0,190.0,4087.0
2021-07-31,28873.0,3263.0,92.0,2607.0
2021-08-01,28755.0,3264.0,87.0,2619.0
2021-08-02,28692.0,3301.0,58.0,3923.0
2021-08-03,28427.0,3302.0,84.0,4032.0
2021-08-04,29950.0,3299.0,71.0,3674.0
2021-08-05,28860.0,3285.0,131.0,3115.0
2021-08-06,29416.0,3266.0,150.0,3257.0
2021-08-07,29382.0,3259.0,269.0,2427.0
2021-08-08,29256.0,3264.0,174.0,2475.0
2021-08-09,28997.0,4143.0,204.0,3395.0
2021-08-10,28436.0,3636.0,177.0,3414.0
2021-08-11,28236.0,4611.0,300.0,3438.0
2021-08-12,28475.0,3295.0,201.0,3209.0
2021-08-13,28190.0,3993.0,139.0,3422.0
2021-08-14,29061.0,5937.0,180.0,2679.0
2021-08-15,28129.0,4488.0,220.0,2885.0
2021-08-16,28152.0,3671.0,226.0,3514.0
2021-08-17,27826.0,3317.0,158.0,3311.0
2021-08-18,27247.0,3325.0,288.0,3481.0
2021-08-19,27830.0,3328.0,208.0,3208.0
2021-08-20,27873.0,3334.0,254.0,3179.0
2021-08-21,27528.0,3195.0,168.0,2638.0
2021-08-22,27162.0,4185.0,214.0,2362.0
2021-08-23,27066.0,3299.0,301.0,3348.0
2021-08-24,28991.0,3331.0,139.0,3382.0
2021-08-25,28300.0,3323.0,334.0,3262.0
2021-08-26,27342.0,3326.0,130.0,3330.0
2021-08-27,27849.0,3324.0,288.0,3422.0
2021-08-28,27842.0,3247.0,295.0,2557.0
2021-08-29,27602.0,3359.0,161.0,2255.0
2021-08-30,28366.0,3321.0,150.0,3261.0
2021-08-31,29875.0,3323.0,150.0,3343.0
2021-09-01,27992.0,3329.0,306.0,3070.0
2021-09-02,28112.0,3325.0,267.0,3181.0
2021-09-03,27848.0,3314.0,166.0,3739.0
2021-09-04,28332.0,3281.0,146.0,3035.0
2021-09-05,28579.0,3287.0,286.0,2740.0
2021-09-06,29828.0,3292.0,199.0,3643.0
2021-09-07,29376.0,3289.0,253.0,3735.0
2021-09-08,16049.0,3298.0,193.0,3739.0
2021-09-09,19907.0,3320.0,216.0,3655.0
2021-09-10,19014.0,3401.0,256.0,3736.0
2021-09-11,19878.0,3324.0,196.0,2760.0
2021-09-12,21077.0,3322.0,166.0,2707.0
2021-09-13,24186.0,3381.0,316.0,3743.0
2021-09-14,22055.0,4614.0,316.0,3984.0
2021-09-15,22429.0,3295.0,250.0,3577.0
2021-09-16,25582.0,4465.0,106.0,3563.0
2021-09-17,27319.0,3303.0,150.0,3546.0
2021-09-18,29076.0,3247.0,209.0,2682.0
2021-09-19,29201.0,3236.0,150.0,2522.0
2021-09-20,29375.0,3294.0,168.0,3865.0
2021-09-21,29379.0,3261.0,120.0,3723.0
2021-09-22,30570.0,3268.0,126.0,3626.0
2021-09-23,29121.0,3265.0,230.0,3561.0
2021-09-24,29147.0,3305.0,199.0,3730.0
2021-09-25,30557.0,3236.0,274.0,3134.0
2021-09-26,30973.0,3248.0,281.0,2867.0
2021-09-27,31722.0,3277.0,233.0,3794.0
2021-09-28,34427.0,3779.0,260.0,3988.0
2021-09-29,33411.0,3247.0,233.0,3606.0
2021-09-30,33449.0,3324.0,278.0,4131.0
2021-10-01,33687.0,4224.0,348.0,4104.0
2021-10-02,34498.0,4038.0,224.0,3090.0
2021-10-03,34778.0,4038.0,325.0,2768.0
2021-10-04,34944.0,4052.0,236.0,3910.0
2021-10-05,35274.0,4012.0,192.0,4071.0
2021-10-06,35430.0,8976.0,266.0,3981.0
2021-10-07,37665.0,13758.0,201.0,4157.0
2021-10-08,35207.0,4033.0,316.0,4144.0
2021-10-09,33470.0,4038.0,129.0,3192.0
2021-10-10,33507.0,4047.0,157.0,2914.0
2021-10-11,33601.0,4642.0,336.0,3608.0
2021-10-12,52122.0,4021.0,315.0,3323.0
2021-10-13,42327.0,4021.0,219.0,3998.0
2021-10-14,33743.0,4035.0,172.0,4101.0
2021-10-15,33614.0,4213.0,233.0,4078.0
2021-10-16,33718.0,4135.0,336.0,3240.0
2021-10-17,33611.0,4144.0,326.0,2960.0
2021-10-18,33489.0,6049.0,311.0,3875.0
2021-10-19,33320.0,4594.0,296.0,3928.0
2021-10-20,40573.0,5786.0,229.0,4106.0
2021-10-21,32718.0,4247.0,255.0,4233.0
2021-10-22,31383.0,4381.0,256.0,4145.0
2021-10-23,29261.0,4196.0,206.0,3128.0
2021-10-24,29257.0,4160.0,247.0,3016.0
2021-10-25,30164.0,6314.0,306.0,4230.0
2021-10-26,33192.0,4782.0,239.0,4486.0
2021-10-27,40123.0,5609.0,168.0,4422.0
2021-10-28,36820.0,4647.0,173.0,4359.0
2021-10-29,29527.0,4237.0,127.0,4220.0
2021-10-30,27011.0,4161.0,246.0,3080.0
2021-10-31,27033.0,3863.0,147.0,2464.0
2021-11-01,27180.0,4981.0,267.0,2582.0
2021-11-02,27984.0,6944.0,127.0,3582.0
2021-11-03,29011.0,5153.0,232.0,3869.0
2021-11-04,26885.0,4978.0,190.0,3993.0
2021-11-05,26759.0,6726.0,310.0,4062.0
2021-11-06,26599.0,5121.0,301.0,3258.0
2021-11-07,26486.0,5046.0,158.0,2974.0
2021-11-08,26681.0,7108.0,230.0,3820.0
2021-11-09,27708.0,5728.0,258.0,4256.0
2021-11-10,29799.0,11722.0,188.0,4336.0
2021-11-11,29706.0,5141.0,261.0,4353.0
2021-11-12,27332.0,5203.0,281.0,4243.0
2021-11-13,26665.0,5038.0,216.0,3518.0
2021-11-14,27598.0,5016.0,307.0,3236.0
2021-11-15,38148.0,11338.0,233.0,4349.0
2021-11-16,36209.0,16308.0,277.0,4479.0
2021-11-17,29762.0,12817.0,156.0,4516.0
2021-11-18,39337.0,11209.0,245.0,4189.0
2021-11-19,26332.0,11626.0,310.0,4274.0
2021-11-20,27141.0,9581.0,170.0,3502.0
2021-11-21,27633.0,4888.0,330.0,3263.0
2021-11-22,28603.0,5773.0,238.0,4452.0
2021-11-23,36256.0,7297.0,227.0,4494.0
2021-11-24,37895.0,16080.0,223.0,4395.0
2021-11-25,40490.0,6375.0,185.0,4193.0
2021-11-26,38691.0,5406.0,205.0,4190.0
2021-11-27,27798.0,4888.0,287.0,3735.0
2021-11-28,27600.0,4884.0,280.0,3324.0
2021-11-29,38102.0,5843.0,250.0,4331.0
2021-11-30,35420.0,4871.0,240.0,4384.0
2021-12-01,28127.0,4236.0,219.0,4645.0
2021-12-02,40701.0,7105.0,305.0,4543.0
2021-12-03,27877.0,4214.0,330.0,4568.0
2021-12-04,27447.0,4224.0,300.0,3707.0
2021-12-05,27744.0,4220.0,313.0,2928.0
2021-12-06,34260.0,4262.0,258.0,3878.0
2021-12-07,32670.0,4232.0,247.0,4201.0
2021-12-08,32303.0,4228.0,360.0,3345.0
2021-12-09,37729.0,4220.0,361.0,4149.0
2021-12-10,33722.0,4336.0,330.0,4840.0
2021-12-11,30261.0,4452.0,350.0,3588.0
2021-12-12,27468.0,4384.0,360.0,3338.0
2021-12-13,37786.0,4620.0,360.0,4677.0
2021-12-14,38077.0,4645.0,360.0,4828.0
2021-12-15,29299.0,4452.0,360.0,4679.0
2021-12-16,37461.0,4653.0,320.0,3729.0
2021-12-17,35344.0,4439.0,204.0,4137.0
2021-12-18,27733.0,4412.0,283.0,3788.0
2021-12-19,27744.0,4733.0,267.0,3687.0
2021-12-20,48772.0,4422.0,325.0,4868.0
2021-12-21,50147.0,7902.0,210.0,5076.0
2021-12-22,42396.0,14469.0,84.0,5231.0
2021-12-23,33029.0,11544.0,89.0,5129.0
2021-12-24,27068.0,4438.0,141.0,4201.0
2021-12-25,27648.0,4419.0,83.0,3523.0
2021-12-26,27993.0,4434.0,186.0,3380.0
2021-12-27,28414.0,4427.0,183.0,3812.0
2021-12-28,28241.0,4391.0,300.0,4059.0
2021-12-29,28130.0,4421.0,130.0,4531.0
2021-12-30,27593.0,4414.0,228.0,4649.0
2021-12-31,26810.0,6962.0,153.0,4053.0
2022-01-01,26933.0,5146.0,220.0,2805.0
2022-01-02,26976.0,5150.0,170.0,3182.0
2022-01-03,27086.0,5152.0,140.0,4477.0
2022-01-04,25970.0,5153.0,285.0,4628.0
2022-01-05,24088.0,6520.0,338.0,4606.0
2022-01-06,23915.0,6410.0,293.0,4478.0
2022-01-07,26649.0,5110.0,123.0,4507.0
2022-01-08,29452.0,5094.0,141.0,4136.0
2022-01-09,29485.0,4867.0,330.0,3581.0
2022-01-10,30658.0,4889.0,245.0,4957.0
2022-01-11,29071.0,5098.0,205.0,4872.0
2022-01-12,29832.0,6174.0,290.0,4787.0
2022-01-13,29565.0,5566.0,244.0,4960.0
2022-01-14,30597.0,5746.0,205.0,4888.0
2022-01-15,31388.0,5093.0,340.0,4026.0
2022-01-16,30916.0,5093.0,235.0,3405.0
2022-01-17,29896.0,4871.0,262.0,4342.0
2022-01-18,33247.0,5091.0,277.0,4451.0
2022-01-19,28495.0,4671.0,268.0,4327.0
2022-01-20,41184.0,5096.0,250.0,4437.0
2022-01-21,44602.0,5088.0,257.0,4475.0
2022-01-22,27940.0,5093.0,310.0,3757.0
2022-01-23,28638.0,5077.0,295.0,3171.0
2022-01-24,30952.0,9045.0,244.0,4519.0
2022-01-25,34744.0,22206.0,235.0,4515.0
2022-01-26,36004.0,13098.0,340.0,4607.0
2022-01-27,28875.0,6365.0,257.0,4716.0
2022-01-28,35071.0,5086.0,197.0,4563.0
2022-01-29,27417.0,5057.0,192.0,3660.0
2022-01-30,27759.0,5058.0,220.0,3320.0
2022-01-31,27402.0,5109.0,248.0,4715.0
2022-02-01,27571.0,6458.0,180.0,4597.0
2022-02-02,37395.0,5938.0,300.0,4846.0
2022-02-03,43318.0,6662.0,248.0,4766.0
2022-02-04,41172.0,5928.0,295.0,4585.0
2022-02-05,27162.0,5907.0,300.0,3791.0
2022-02-06,27106.0,5930.0,259.0,3526.0
2022-02-07,43959.0,5929.0,292.0,4709.0
2022-02-08,27968.0,5941.0,214.0,5095.0
2022-02-09,37593.0,6400.0,190.0,4996.0
2022-02-10,27886.0,5934.0,255.0,5092.0
2022-02-11,27228.0,5922.0,213.0,4429.0
2022-02-12,27360.0,5925.0,213.0,2909.0
2022-02-13,27468.0,5916.0,176.0,3687.0
2022-02-14,37578.0,5950.0,249.0,4375.0
2022-02-15,31341.0,6168.0,248.0,3690.0
2022-02-16,32624.0,5823.0,157.0,4316.0
2022-02-17,27120.0,6058.0,268.0,4235.0
2022-02-18,21571.0,6061.0,205.0,4452.0
2022-02-19,25819.0,6837.0,337.0,3295.0
2022-02-20,26784.0,5835.0,220.0,3602.0
2022-02-21,39143.0,6117.0,160.0,4540.0
2022-02-22,39356.0,6089.0,272.0,4140.0
2022-02-23,40867.0,6133.0,254.0,4443.0
2022-02-24,28614.0,6127.0,245.0,4779.0
2022-02-25,38462.0,6125.0,674.0,5063.0
2022-02-26,27412.0,6101.0,602.0,3294.0
2022-02-27,27360.0,6075.0,294.0,3207.0
2022-02-28,40170.0,6081.0,320.0,4253.0
2022-03-01,41954.0,6672.0,230.0,4466.0
2022-03-02,38504.0,6083.0,550.0,5094.0
2022-03-03,35067.0,12363.0,197.0,5170.0
2022-03-04,28104.0,16389.0,552.0,5103.0
2022-03-05,28128.0,4667.0,1384.0,3965.0
2022-03-06,28329.0,4631.0,837.0,3637.0
2022-03-07,31861.0,7760.0,220.0,4335.0
2022-03-08,33910.0,6915.0,115.0,4402.0
