,DE_LU_GAS,FR_GAS,IT_NORD_GAS,ES_GAS
2019-01-01,272175.0,67477.0,91856.0,153026.0
2019-01-02,444480.0,148704.0,153934.0,161404.0
2019-01-03,800507.0,166586.0,194751.0,211139.0
2019-01-04,660543.0,176365.0,211682.0,250097.0
2019-01-05,528058.0,182532.0,166382.0,180465.0
2019-01-06,628953.0,174383.0,130085.0,134574.0
2019-01-07,754301.0,177080.0,246381.0,185983.0
2019-01-08,506546.0,160674.0,259313.0,196242.0
2019-01-09,636850.0,177295.0,244369.0,159498.0
2019-01-10,988581.0,199612.0,252539.0,179758.0
2019-01-11,850700.0,197490.0,259258.0,210733.0
2019-01-12,503684.0,161730.0,174531.0,160757.0
2019-01-13,319961.0,73513.0,131183.0,147133.0
2019-01-14,586548.0,169049.0,228113.0,217197.0
2019-01-15,653299.0,192962.0,254644.0,270131.0
2019-01-16,705047.0,194127.0,262909.0,267783.0
2019-01-17,652081.0,183615.0,262635.0,237148.0
2019-01-18,905751.0,204071.0,255368.0,256247.0
2019-01-19,722768.0,202439.0,185928.0,169114.0
2019-01-20,745952.0,198721.0,165046.0,125654.0
2019-01-21,1055792.0,205150.0,268017.0,211967.0
2019-01-22,1009827.0,202614.0,284620.0,196944.0
2019-01-23,1142813.0,200060.0,281892.0,117345.0
2019-01-24,1191748.0,207257.0,298226.0,167314.0
2019-01-25,1068928.0,205151.0,260374.0,174496.0
2019-01-26,584541.0,175347.0,172060.0,134301.0
2019-01-27,450083.0,85802.0,130718.0,89230.0
2019-01-28,761289.0,181185.0,231494.0,122007.0
2019-01-29,962421.0,201441.0,246176.0,162909.0
2019-01-30,919094.0,194859.0,265845.0,163682.0
2019-01-31,963566.0,195729.0,244577.0,111647.0
2019-02-01,943504.0,180890.0,229788.0,109124.0
2019-02-02,717996.0,171024.0,138201.0,102668.0
2019-02-03,677528.0,143177.0,101104.0,116842.0
2019-02-04,730288.0,195122.0,226661.0,207223.0
2019-02-05,963555.0,196243.0,237515.0,212095.0
2019-02-06,913527.0,183301.0,217156.0,209759.0
2019-02-07,627107.0,154945.0,227075.0,199508.0
2019-02-08,532793.0,112878.0,228380.0,177166.0
2019-02-09,290730.0,62487.0,148199.0,128102.0
2019-02-10,324010.0,62808.0,101251.0,92445.0
2019-02-11,499091.0,156554.0,191640.0,196676.0
2019-02-12,774006.0,194125.0,206598.0,218805.0
2019-02-13,792927.0,189938.0,215490.0,219042.0
2019-02-14,783093.0,197899.0,217459.0,185453.0
2019-02-15,704443.0,196339.0,209906.0,191092.0
2019-02-16,445577.0,113110.0,129238.0,107975.0
2019-02-17,434934.0,69154.0,94965.0,98633.0
2019-02-18,614253.0,167296.0,188423.0,179325.0
2019-02-19,616987.0,191058.0,226349.0,216664.0
2019-02-20,716834.0,193332.0,243773.0,206317.0
2019-02-21,686215.0,181296.0,235846.0,182361.0
2019-02-22,697717.0,184821.0,203093.0,155451.0
2019-02-23,447681.0,89847.0,120844.0,122984.0
2019-02-24,454769.0,97187.0,85763.0,121898.0
2019-02-25,678802.0,177307.0,196910.0,160313.0
2019-02-26,712592.0,187612.0,212606.0,142323.0
2019-02-27,646062.0,162183.0,189186.0,139176.0
2019-02-28,465070.0,85357.0,210398.0,142748.0
2019-03-01,629636.0,145208.0,188475.0,141516.0
2019-03-02,465659.0,74126.0,123834.0,117733.0
2019-03-03,271094.0,63189.0,112222.0,108987.0
2019-03-04,433020.0,65856.0,190411.0,123340.0
2019-03-05,515672.0,88399.0,218345.0,140964.0
2019-03-06,470497.0,72286.0,228494.0,98817.0
2019-03-07,437770.0,64803.0,227242.0,156483.0
2019-03-08,456739.0,78720.0,218624.0,181884.0
2019-03-09,344895.0,62176.0,120587.0,135794.0
2019-03-10,373972.0,61878.0,115853.0,107974.0
2019-03-11,444977.0,88211.0,193861.0,156849.0
2019-03-12,424899.0,79894.0,211450.0,142263.0
2019-03-13,382899.0,64940.0,241671.0,109779.0
2019-03-14,387536.0,73821.0,235315.0,160958.0
2019-03-15,399102.0,65953.0,221391.0,183183.0
2019-03-16,307467.0,61348.0,135557.0,130978.0
2019-03-17,246879.0,61788.0,140734.0,99787.0
2019-03-18,455455.0,138512.0,198886.0,142907.0
2019-03-19,740925.0,190118.0,245471.0,119181.0
2019-03-20,688182.0,191288.0,236583.0,152304.0
2019-03-21,671080.0,169941.0,207314.0,171464.0
2019-03-22,664240.0,175328.0,186487.0,175630.0
2019-03-23,441753.0,82221.0,104220.0,153673.0
2019-03-24,382381.0,64517.0,103030.0,132896.0
2019-03-25,411548.0,85319.0,174092.0,125649.0
2019-03-26,491891.0,111620.0,203030.0,99664.0
2019-03-27,653551.0,158729.0,197129.0,129325.0
2019-03-28,716719.0,173749.0,182141.0,164289.0
2019-03-29,635540.0,144141.0,167803.0,176874.0
2019-03-30,353760.0,76244.0,107186.0,173902.0
2019-03-31,299586.0,59310.0,100554.0,179050.0
2019-04-01,501471.0,66497.0,201087.0,240250.0
2019-04-02,451779.0,59297.0,229929.0,219973.0
2019-04-03,709607.0,124231.0,234572.0,154151.0
2019-04-04,803574.0,131307.0,233077.0,192145.0
2019-04-05,755367.0,131005.0,199827.0,173145.0
2019-04-06,389285.0,58009.0,129601.0,104810.0
2019-04-07,355171.0,21345.0,118900.0,116374.0
2019-04-08,577251.0,104669.0,185370.0,190524.0
2019-04-09,635196.0,87778.0,204284.0,157915.0
2019-04-10,664359.0,76576.0,196278.0,174553.0
2019-04-11,687063.0,76152.0,214604.0,196537.0
2019-04-12,727818.0,135264.0,194906.0,192094.0
2019-04-13,510742.0,58472.0,135150.0,172963.0
2019-04-14,414749.0,56645.0,116077.0,150186.0
2019-04-15,468787.0,106303.0,165547.0,153003.0
2019-04-16,577769.0,138092.0,190259.0,206742.0
2019-04-17,621752.0,122333.0,187422.0,146373.0
2019-04-18,415780.0,75874.0,161561.0,184915.0
2019-04-19,291905.0,27262.0,128319.0,127384.0
2019-04-20,316858.0,19709.0,87860.0,106074.0
2019-04-21,245076.0,18932.0,74124.0,137196.0
2019-04-22,197568.0,18540.0,81101.0,185655.0
2019-04-23,322348.0,21505.0,185167.0,151052.0
2019-04-24,333382.0,19567.0,169113.0,104440.0
2019-04-25,447720.0,19632.0,110028.0,105109.0
2019-04-26,488424.0,47268.0,131222.0,160508.0
2019-04-27,303571.0,18145.0,73097.0,155975.0
2019-04-28,335963.0,23758.0,80894.0,137874.0
2019-04-29,516665.0,87598.0,175855.0,206496.0
2019-04-30,510519.0,92072.0,172591.0,201816.0
2019-05-01,293595.0,17861.0,97966.0,133148.0
2019-05-02,422105.0,62651.0,158751.0,151774.0
2019-05-03,544208.0,84951.0,184769.0,174535.0
2019-05-04,354506.0,24127.0,130179.0,141607.0
2019-05-05,314630.0,24037.0,91224.0,129118.0
2019-05-06,479957.0,98714.0,157227.0,235473.0
2019-05-07,562442.0,99253.0,176823.0,219252.0
2019-05-08,510725.0,38830.0,198688.0,123554.0
2019-05-09,534475.0,92247.0,180399.0,172173.0
2019-05-10,559783.0,104004.0,174797.0,186662.0
2019-05-11,381024.0,19621.0,110850.0,182367.0
2019-05-12,269743.0,18399.0,82002.0,123508.0
2019-05-13,406683.0,70607.0,181210.0,185753.0
2019-05-14,429185.0,88871.0,173425.0,228653.0
2019-05-15,466711.0,83134.0,172099.0,235999.0
2019-05-16,518282.0,92679.0,176589.0,215048.0
2019-05-17,489910.0,91230.0,178188.0,154195.0
2019-05-18,370987.0,31106.0,117345.0,183509.0
2019-05-19,297521.0,14859.0,95905.0,187236.0
2019-05-20,539528.0,79994.0,158943.0,250568.0
2019-05-21,466911.0,81219.0,148278.0,253386.0
2019-05-22,460155.0,84888.0,134214.0,274677.0
2019-05-23,476694.0,83382.0,128878.0,265751.0
2019-05-24,460670.0,83888.0,119593.0,213516.0
2019-05-25,408292.0,54748.0,70576.0,164742.0
2019-05-26,247258.0,15382.0,63520.0,160392.0
2019-05-27,466752.0,49065.0,125481.0,224621.0
2019-05-28,587694.0,70466.0,120659.0,208943.0
2019-05-29,541710.0,73209.0,120215.0,211830.0
2019-05-30,229806.0,15850.0,120913.0,252640.0
2019-05-31,374979.0,42811.0,96262.0,260761.0
2019-06-01,282593.0,20770.0,59087.0,243412.0
2019-06-02,197403.0,17077.0,55872.0,233065.0
2019-06-03,508628.0,81258.0,103648.0,282321.0
2019-06-04,536762.0,86769.0,125910.0,259403.0
2019-06-05,530333.0,83022.0,121752.0,235343.0
2019-06-06,550689.0,58763.0,112539.0,207110.0
2019-06-07,445762.0,29403.0,123563.0,223370.0
2019-06-08,175324.0,12978.0,81400.0,222097.0
2019-06-09,258692.0,14316.0,85024.0,192968.0
2019-06-10,318470.0,25779.0,148664.0,201935.0
2019-06-11,569166.0,98511.0,172602.0,208663.0
2019-06-12,652131.0,96960.0,172797.0,237317.0
2019-06-13,565725.0,73958.0,159221.0,234432.0
2019-06-14,611314.0,84141.0,131498.0,232132.0
2019-06-15,405250.0,15271.0,95896.0,214329.0
2019-06-16,394418.0,14491.0,66650.0,202976.0
2019-06-17,621014.0,64476.0,158060.0,281654.0
2019-06-18,677749.0,69847.0,185765.0,218355.0
2019-06-19,683467.0,73870.0,180727.0,272300.0
2019-06-20,648155.0,81149.0,162179.0,260359.0
2019-06-21,645370.0,87780.0,187856.0,259456.0
2019-06-22,377141.0,17001.0,98565.0,228446.0
2019-06-23,280681.0,11991.0,59734.0,176795.0
2019-06-24,547510.0,65577.0,141792.0,261094.0
2019-06-25,626544.0,89081.0,177799.0,290818.0
2019-06-26,577958.0,79012.0,193997.0,258986.0
2019-06-27,610281.0,77288.0,219255.0,272765.0
2019-06-28,667012.0,90867.0,214198.0,316151.0
2019-06-29,493492.0,48515.0,121238.0,280975.0
2019-06-30,277622.0,25724.0,100358.0,229764.0
2019-07-01,596586.0,77951.0,187735.0,289842.0
2019-07-02,658571.0,90638.0,196308.0,297391.0
2019-07-03,674366.0,65843.0,215103.0,297761.0
2019-07-04,573214.0,70904.0,205744.0,301807.0
2019-07-05,626403.0,86922.0,212095.0,310148.0
2019-07-06,297417.0,29530.0,126159.0,283843.0
2019-07-07,284528.0,19205.0,95192.0,247700.0
2019-07-08,598924.0,80230.0,204785.0,282743.0
2019-07-09,662864.0,90622.0,223654.0,287665.0
2019-07-10,737832.0,103579.0,189520.0,313345.0
2019-07-11,795140.0,104399.0,182201.0,325495.0
2019-07-12,737234.0,100341.0,195678.0,339790.0
2019-07-13,338631.0,48127.0,124828.0,263734.0
2019-07-14,286084.0,32665.0,73040.0,220413.0
2019-07-15,663855.0,85684.0,166682.0,284622.0
2019-07-16,706480.0,103347.0,175737.0,290879.0
2019-07-17,714141.0,121851.0,205364.0,292853.0
2019-07-18,772057.0,122747.0,224069.0,321113.0
2019-07-19,800614.0,125543.0,186299.0,320088.0
2019-07-20,473282.0,72796.0,122990.0,292471.0
2019-07-21,380728.0,65100.0,106957.0,253978.0
2019-07-22,708861.0,112439.0,187374.0,314334.0
2019-07-23,744505.0,118409.0,225576.0,337305.0
2019-07-24,764543.0,117044.0,226581.0,359137.0
2019-07-25,786509.0,92909.0,245365.0,339248.0
2019-07-26,686478.0,109808.0,242333.0,333083.0
2019-07-27,477248.0,110895.0,152290.0,234269.0
2019-07-28,434241.0,56834.0,85628.0,239061.0
2019-07-29,750156.0,112694.0,204932.0,282489.0
2019-07-30,769943.0,70098.0,198706.0,282278.0
2019-07-31,769446.0,84131.0,212794.0,293111.0
2019-08-01,803133.0,104533.0,213066.0,339684.0
2019-08-02,787835.0,90114.0,183443.0,337954.0
2019-08-03,581162.0,67849.0,116319.0,306089.0
2019-08-04,459330.0,36224.0,90356.0,267762.0
2019-08-05,733117.0,80276.0,166405.0,327024.0
2019-08-06,782654.0,79929.0,178987.0,336452.0
2019-08-07,785381.0,83076.0,164951.0,338112.0
2019-08-08,628401.0,82440.0,162054.0,295225.0
2019-08-09,761720.0,39893.0,148989.0,258668.0
2019-08-10,235313.0,14296.0,128118.0,271149.0
2019-08-11,287083.0,16994.0,124099.0,218122.0
2019-08-12,719124.0,43218.0,136970.0,244639.0
2019-08-13,729691.0,57726.0,117397.0,273762.0
2019-08-14,710647.0,29036.0,87057.0,286639.0
2019-08-15,489292.0,17860.0,78888.0,247848.0
2019-08-16,571752.0,34902.0,87718.0,280982.0
2019-08-17,295402.0,21610.0,92820.0,249918.0
2019-08-18,282146.0,21946.0,92334.0,206083.0
2019-08-19,617885.0,64273.0,138404.0,258791.0
2019-08-20,742989.0,83818.0,172549.0,250529.0
2019-08-21,706694.0,89002.0,172717.0,294413.0
2019-08-22,624435.0,71086.0,167682.0,295989.0
2019-08-23,610522.0,68412.0,170028.0,302204.0
2019-08-24,395355.0,47883.0,142732.0,288501.0
2019-08-25,394712.0,45062.0,141242.0,225234.0
2019-08-26,698665.0,98751.0,220185.0,318519.0
2019-08-27,794660.0,105502.0,232573.0,380034.0
2019-08-28,790786.0,101880.0,244186.0,376778.0
2019-08-29,798227.0,103971.0,251893.0,358960.0
2019-08-30,748614.0,107538.0,247059.0,350440.0
2019-08-31,455982.0,79388.0,180041.0,277797.0
2019-09-01,458464.0,63290.0,158548.0,208016.0
2019-09-02,705283.0,97844.0,229358.0,233369.0
2019-09-03,743116.0,99297.0,226525.0,316633.0
2019-09-04,733699.0,109664.0,212253.0,298473.0
2019-09-05,674383.0,109663.0,228034.0,196520.0
2019-09-06,711100.0,113118.0,219450.0,196408.0
2019-09-07,577108.0,117287.0,147384.0,170421.0
2019-09-08,562680.0,90449.0,107684.0,198281.0
2019-09-09,708752.0,118785.0,196035.0,281649.0
2019-09-10,619721.0,117538.0,225534.0,144093.0
2019-09-11,595344.0,97537.0,223106.0,148509.0
2019-09-12,725127.0,108351.0,213376.0,222465.0
2019-09-13,740997.0,107267.0,208767.0,220009.0
2019-09-14,586377.0,87045.0,131818.0,185923.0
2019-09-15,369929.0,39430.0,113989.0,201841.0
2019-09-16,768910.0,110899.0,197604.0,327943.0
2019-09-17,592103.0,111854.0,199351.0,324530.0
2019-09-18,716486.0,99263.0,209422.0,333045.0
2019-09-19,839405.0,107930.0,192912.0,333305.0
2019-09-20,839433.0,102373.0,156118.0,313186.0
2019-09-21,584851.0,63338.0,105818.0,205337.0
2019-09-22,526287.0,41071.0,104744.0,194551.0
2019-09-23,806558.0,104949.0,164139.0,279557.0
2019-09-24,862353.0,100665.0,177435.0,263859.0
2019-09-25,850859.0,100955.0,177288.0,295145.0
2019-09-26,845679.0,95359.0,174395.0,305826.0
2019-09-27,735584.0,76812.0,172014.0,310892.0
2019-09-28,275923.0,32881.0,110567.0,276589.0
2019-09-29,218803.0,14758.0,97238.0,197593.0
2019-09-30,507665.0,80441.0,150237.0,292607.0
2019-10-01,835017.0,86052.0,174401.0,250133.0
2019-10-02,818287.0,96016.0,163141.0,258036.0
2019-10-03,781229.0,101607.0,178274.0,270175.0
2019-10-04,778034.0,84437.0,165634.0,287209.0
2019-10-05,643442.0,95669.0,129975.0,265457.0
2019-10-06,584646.0,48727.0,111913.0,217465.0
2019-10-07,852951.0,104742.0,135889.0,294068.0
2019-10-08,778288.0,100199.0,159701.0,289969.0
2019-10-09,728989.0,96785.0,188856.0,284171.0
2019-10-10,648044.0,91714.0,198711.0,299362.0
2019-10-11,434304.0,85481.0,198075.0,290595.0
2019-10-12,400290.0,52218.0,163455.0,168526.0
2019-10-13,342309.0,18605.0,144109.0,150310.0
2019-10-14,824818.0,102555.0,217930.0,210799.0
2019-10-15,926239.0,119069.0,218990.0,261336.0
2019-10-16,895016.0,110759.0,191480.0,246426.0
2019-10-17,925596.0,115754.0,213111.0,267297.0
2019-10-18,777986.0,108201.0,210044.0,264834.0
2019-10-19,708536.0,109204.0,143859.0,209362.0
2019-10-20,756759.0,111153.0,108640.0,205394.0
2019-10-21,942015.0,120802.0,185829.0,293462.0
2019-10-22,951983.0,118934.0,207320.0,260957.0
2019-10-23,954097.0,113994.0,188020.0,245552.0
2019-10-24,861179.0,101497.0,208995.0,230272.0
2019-10-25,736057.0,91180.0,201785.0,247252.0
2019-10-26,306460.0,32228.0,114745.0,216972.0
2019-10-27,393869.0,78068.0,99599.0,227890.0
2019-10-28,888187.0,131769.0,210620.0,262095.0
2019-10-29,978452.0,140263.0,220131.0,275974.0
2019-10-30,929106.0,140820.0,218099.0,275522.0
2019-10-31,907102.0,140204.0,201565.0,234602.0
2019-11-01,640847.0,128000.0,132256.0,123644.0
2019-11-02,356852.0,73289.0,87789.0,110362.0
2019-11-03,454158.0,73027.0,73018.0,93752.0
2019-11-04,779782.0,141516.0,141770.0,131688.0
2019-11-05,907420.0,165527.0,180079.0,167983.0
2019-11-06,892181.0,178423.0,198179.0,255177.0
2019-11-07,809842.0,184185.0,196361.0,194999.0
2019-11-08,833909.0,188203.0,171223.0,177669.0
2019-11-09,615689.0,168010.0,89557.0,167824.0
2019-11-10,584876.0,150951.0,87481.0,126166.0
2019-11-11,653217.0,170403.0,174605.0,228121.0
2019-11-12,752772.0,184049.0,154868.0,247277.0
2019-11-13,878745.0,188743.0,195311.0,247509.0
2019-11-14,881613.0,201216.0,195253.0,233264.0
2019-11-15,670862.0,200645.0,196081.0,261624.0
2019-11-16,601826.0,196479.0,150085.0,223652.0
2019-11-17,523612.0,188156.0,113933.0,176492.0
2019-11-18,773697.0,204796.0,202854.0,278346.0
2019-11-19,871515.0,208600.0,236650.0,332056.0
2019-11-20,1003155.0,208111.0,224465.0,327617.0
2019-11-21,991829.0,200036.0,218824.0,313055.0
2019-11-22,832038.0,183409.0,191036.0,194460.0
2019-11-23,398037.0,124208.0,125800.0,124820.0
2019-11-24,485527.0,120645.0,115361.0,145115.0
2019-11-25,923921.0,176434.0,194024.0,235910.0
2019-11-26,836916.0,171530.0,175862.0,193721.0
2019-11-27,530153.0,128238.0,177303.0,143935.0
2019-11-28,411849.0,154588.0,147871.0,161613.0
2019-11-29,551744.0,172659.0,156600.0,255442.0
2019-11-30,622361.0,160464.0,99140.0,156746.0
2019-12-01,666967.0,166009.0,80320.0,151622.0
2019-12-02,895660.0,194801.0,192089.0,174454.0
2019-12-03,951586.0,210663.0,231586.0,242229.0
2019-12-04,913853.0,214729.0,229323.0,255096.0
2019-12-05,863469.0,207438.0,237860.0,223851.0
2019-12-06,504701.0,195795.0,225171.0,239421.0
2019-12-07,378689.0,175292.0,128931.0,233340.0
2019-12-08,264662.0,66664.0,89634.0,167222.0
2019-12-09,514673.0,141408.0,184397.0,191970.0
2019-12-10,744645.0,191431.0,196627.0,248865.0
2019-12-11,881745.0,194775.0,184220.0,203235.0
2019-12-12,898620.0,183345.0,210190.0,135499.0
2019-12-13,731285.0,150166.0,196442.0,108950.0
2019-12-14,382708.0,61001.0,123776.0,104564.0
2019-12-15,316143.0,69934.0,82258.0,115237.0
2019-12-16,796574.0,167999.0,172863.0,165549.0
2019-12-17,696777.0,138903.0,193607.0,208694.0
2019-12-18,777847.0,142991.0,193366.0,169168.0
2019-12-19,580502.0,84595.0,170083.0,105171.0
2019-12-20,455817.0,64682.0,119507.0,91542.0
2019-12-21,392166.0,56462.0,74872.0,89649.0
2019-12-22,362973.0,55590.0,68163.0,84332.0
2019-12-23,392099.0,56523.0,76848.0,113232.0
2019-12-24,383174.0,56741.0,62733.0,73122.0
2019-12-25,347627.0,57554.0,77484.0,102422.0
2019-12-26,421811.0,60875.0,82997.0,120409.0
2019-12-27,576097.0,117587.0,107462.0,141603.0
2019-12-28,615369.0,83004.0,90497.0,133028.0
2019-12-29,465966.0,67739.0,108630.0,137958.0
2019-12-30,453752.0,111650.0,114978.0,159092.0
2019-12-31,471238.0,160137.0,82662.0,168503.0
2020-01-01,460861.0,110609.0,96081.0,162230.0
2020-01-02,528261.0,170729.0,126821.0,193429.0
2020-01-03,436212.0,155458.0,150767.0,175041.0
2020-01-04,424425.0,148389.0,121097.0,135320.0
2020-01-05,554761.0,169108.0,101707.0,137485.0
2020-01-06,788033.0,176056.0,139964.0,157480.0
2020-01-07,847264.0,182071.0,197063.0,230399.0
2020-01-08,843630.0,175139.0,225865.0,222808.0
2020-01-09,721048.0,134021.0,238981.0,193181.0
2020-01-10,697240.0,155364.0,234958.0,169498.0
2020-01-11,645136.0,129296.0,172030.0,175018.0
2020-01-12,429227.0,83007.0,143871.0,183999.0
2020-01-13,790765.0,155559.0,246265.0,208468.0
2020-01-14,497210.0,115580.0,276527.0,146582.0
2020-01-15,454961.0,142141.0,277575.0,172295.0
2020-01-16,803543.0,157847.0,256746.0,159300.0
2020-01-17,798808.0,176279.0,251396.0,167072.0
2020-01-18,635272.0,191766.0,164494.0,135858.0
2020-01-19,703241.0,179007.0,156583.0,103731.0
2020-01-20,1116748.0,204116.0,240943.0,139640.0
2020-01-21,1175520.0,205277.0,275659.0,186026.0
2020-01-22,1191700.0,204074.0,274906.0,226076.0
2020-01-23,1238570.0,202143.0,294882.0,262189.0
2020-01-24,1199827.0,188700.0,281515.0,266054.0
2020-01-25,938111.0,204410.0,202150.0,200511.0
2020-01-26,709139.0,194771.0,168536.0,151618.0
2020-01-27,823060.0,163498.0,234826.0,171970.0
2020-01-28,622571.0,176853.0,234035.0,168393.0
2020-01-29,689376.0,157462.0,239805.0,174366.0
2020-01-30,559123.0,170691.0,246971.0,159903.0
2020-01-31,453210.0,143821.0,234114.0,155193.0
2020-02-01,297162.0,63727.0,214620.0,108077.0
2020-02-02,358373.0,65260.0,122565.0,106729.0
2020-02-03,533578.0,114350.0,227804.0,168535.0
2020-02-04,601093.0,128943.0,195092.0,150313.0
2020-02-05,934430.0,181564.0,207672.0,165350.0
2020-02-06,1045137.0,172359.0,216858.0,176734.0
2020-02-07,1018627.0,195560.0,223852.0,183716.0
2020-02-08,623929.0,126416.0,163691.0,161937.0
2020-02-09,262044.0,65433.0,133205.0,122944.0
2020-02-10,398604.0,72374.0,218607.0,131061.0
2020-02-11,392794.0,86750.0,220640.0,179696.0
2020-02-12,440198.0,164379.0,236732.0,201836.0
2020-02-13,718553.0,187007.0,253942.0,173472.0
2020-02-14,878656.0,189308.0,212174.0,196272.0
2020-02-15,376115.0,66743.0,128785.0,141799.0
2020-02-16,260998.0,65337.0,111191.0,104958.0
2020-02-17,411709.0,100272.0,214648.0,149397.0
2020-02-18,421247.0,105762.0,221146.0,181978.0
2020-02-19,619193.0,152437.0,237612.0,195957.0
2020-02-20,636584.0,158037.0,217285.0,182587.0
2020-02-21,460517.0,157284.0,223408.0,185129.0
2020-02-22,262360.0,68089.0,149450.0,159279.0
2020-02-23,268989.0,67449.0,103277.0,143141.0
2020-02-24,553116.0,114660.0,187364.0,178597.0
2020-02-25,498857.0,115667.0,215962.0,109861.0
2020-02-26,799994.0,179222.0,217524.0,117601.0
2020-02-27,974297.0,185467.0,210244.0,119236.0
2020-02-28,749919.0,177633.0,177635.0,133534.0
2020-02-29,339090.0,65744.0,138163.0,78711.0
2020-03-01,319667.0,63360.0,98232.0,77097.0
2020-03-02,807966.0,165138.0,209253.0,82382.0
2020-03-03,976372.0,187836.0,190061.0,89471.0
2020-03-04,1000382.0,184539.0,192537.0,113014.0
2020-03-05,867429.0,167835.0,197460.0,88684.0
2020-03-06,818823.0,167400.0,180108.0,87253.0
2020-03-07,635129.0,139407.0,116985.0,101342.0
2020-03-08,369680.0,75496.0,75953.0,97583.0
2020-03-09,862154.0,150182.0,184445.0,110243.0
2020-03-10,531236.0,105745.0,185231.0,117318.0
2020-03-11,532868.0,126630.0,171544.0,145299.0
2020-03-12,413150.0,116543.0,151489.0,148149.0
2020-03-13,495209.0,142767.0,137954.0,133427.0
2020-03-14,507699.0,149382.0,106874.0,136766.0
2020-03-15,346793.0,66922.0,79258.0,113097.0
2020-03-16,709321.0,161464.0,115477.0,95934.0
2020-03-17,707696.0,166618.0,140479.0,85713.0
2020-03-18,462734.0,131630.0,121384.0,95691.0
2020-03-19,748489.0,131345.0,120610.0,93471.0
2020-03-20,543176.0,61533.0,106272.0,103178.0
2020-03-21,301153.0,59488.0,66232.0,114434.0
2020-03-22,274602.0,59342.0,67409.0,114239.0
2020-03-23,393037.0,74191.0,107707.0,111387.0
2020-03-24,417123.0,80055.0,90209.0,112080.0
2020-03-25,450391.0,76781.0,117596.0,114496.0
2020-03-26,436158.0,70963.0,128703.0,93402.0
2020-03-27,411048.0,72291.0,104040.0,111705.0
2020-03-28,337597.0,59610.0,84093.0,114065.0
2020-03-29,258227.0,55437.0,90324.0,108135.0
2020-03-30,620280.0,71890.0,110040.0,118034.0
2020-03-31,685869.0,97882.0,132478.0,117564.0
2020-04-01,618878.0,63934.0,122025.0,125710.0
2020-04-02,456521.0,37557.0,118331.0,123300.0
2020-04-03,465426.0,32953.0,105605.0,130419.0
2020-04-04,463428.0,15381.0,107473.0,118267.0
2020-04-05,291670.0,13752.0,84865.0,116028.0
2020-04-06,404126.0,13705.0,105578.0,133469.0
2020-04-07,531591.0,13593.0,107993.0,127392.0
2020-04-08,588169.0,13175.0,107618.0,125772.0
2020-04-09,569354.0,13573.0,101851.0,133527.0
2020-04-10,400075.0,13220.0,109820.0,139966.0
2020-04-11,326518.0,13194.0,114015.0,121819.0
2020-04-12,249705.0,13104.0,95784.0,120819.0
2020-04-13,209359.0,13288.0,83964.0,122398.0
2020-04-14,434928.0,14599.0,120058.0,106847.0
2020-04-15,446718.0,13929.0,106592.0,105533.0
2020-04-16,592194.0,13696.0,122438.0,91839.0
2020-04-17,642680.0,13545.0,110887.0,89961.0
2020-04-18,331944.0,13217.0,104958.0,106590.0
2020-04-19,243558.0,13754.0,95858.0,105844.0
2020-04-20,270448.0,12962.0,139630.0,91747.0
2020-04-21,234814.0,12797.0,134163.0,92503.0
2020-04-22,270684.0,13914.0,113406.0,97861.0
2020-04-23,664989.0,12578.0,112497.0,100904.0
2020-04-24,411343.0,12451.0,116918.0,102193.0
2020-04-25,364115.0,12241.0,101312.0,114355.0
2020-04-26,433747.0,12049.0,105613.0,116575.0
2020-04-27,699544.0,22702.0,131936.0,107005.0
2020-04-28,724399.0,23410.0,127918.0,96836.0
2020-04-29,670208.0,12398.0,110648.0,86010.0
2020-04-30,411665.0,12479.0,108415.0,78508.0
2020-05-01,258805.0,12741.0,70218.0,90525.0
2020-05-02,242862.0,12793.0,77873.0,107992.0
2020-05-03,329675.0,16691.0,82932.0,116095.0
2020-05-04,652290.0,29437.0,117308.0,96457.0
2020-05-05,634219.0,40298.0,118378.0,100248.0
2020-05-06,606560.0,45392.0,115099.0,108641.0
2020-05-07,736930.0,45810.0,112485.0,103630.0
2020-05-08,693627.0,22744.0,120968.0,100446.0
2020-05-09,561524.0,16438.0,98266.0,124311.0
2020-05-10,260932.0,11568.0,86595.0,107640.0
2020-05-11,361720.0,16619.0,101544.0,97265.0
2020-05-12,646458.0,64324.0,115250.0,122696.0
2020-05-13,817829.0,87241.0,134582.0,123415.0
2020-05-14,743401.0,44300.0,114278.0,106143.0
2020-05-15,581426.0,40868.0,111576.0,98958.0
2020-05-16,346525.0,16064.0,92225.0,106492.0
2020-05-17,273659.0,18459.0,71879.0,115373.0
2020-05-18,509196.0,32251.0,113848.0,126681.0
2020-05-19,717007.0,74231.0,129258.0,131927.0
2020-05-20,823812.0,99667.0,121192.0,145578.0
2020-05-21,513025.0,49703.0,93192.0,148306.0
2020-05-22,450547.0,20278.0,81541.0,150040.0
2020-05-23,254981.0,14373.0,78897.0,110792.0
2020-05-24,186689.0,17051.0,67534.0,99575.0
2020-05-25,598903.0,45277.0,103363.0,135255.0
2020-05-26,861120.0,53939.0,114442.0,120814.0
2020-05-27,782220.0,61874.0,107231.0,135943.0
2020-05-28,735165.0,44265.0,116397.0,157642.0
2020-05-29,709949.0,47406.0,106589.0,167207.0
2020-05-30,282877.0,21700.0,120593.0,137910.0
2020-05-31,229365.0,19357.0,93486.0,148839.0
2020-06-01,279273.0,28330.0,106221.0,191054.0
2020-06-02,712154.0,78560.0,117004.0,200831.0
2020-06-03,794647.0,97242.0,142184.0,200393.0
2020-06-04,795473.0,89223.0,125997.0,143297.0
2020-06-05,618818.0,20594.0,108004.0,167149.0
2020-06-06,262190.0,13211.0,80577.0,155449.0
2020-06-07,360929.0,36083.0,101536.0,123730.0
2020-06-08,846690.0,98433.0,158467.0,155575.0
2020-06-09,952617.0,103942.0,186197.0,164722.0
2020-06-10,946677.0,105763.0,199952.0,168945.0
2020-06-11,743711.0,102776.0,160518.0,126413.0
2020-06-12,584956.0,97063.0,123130.0,104863.0
2020-06-13,440521.0,61188.0,110834.0,128230.0
2020-06-14,474526.0,41918.0,99992.0,143109.0
2020-06-15,845356.0,97206.0,162082.0,194523.0
2020-06-16,902515.0,104751.0,196140.0,209906.0
2020-06-17,961239.0,100439.0,199682.0,215666.0
2020-06-18,958964.0,100410.0,188899.0,202876.0
2020-06-19,910616.0,101642.0,172195.0,199742.0
2020-06-20,559814.0,87634.0,90710.0,180104.0
2020-06-21,430881.0,41141.0,94732.0,151892.0
2020-06-22,769087.0,97638.0,168587.0,188167.0
2020-06-23,844824.0,102413.0,206570.0,205446.0
2020-06-24,890575.0,101795.0,224024.0,211941.0
2020-06-25,893430.0,103417.0,217837.0,227092.0
2020-06-26,844514.0,98980.0,194824.0,213170.0
2020-06-27,643147.0,81288.0,143987.0,184549.0
2020-06-28,412050.0,37616.0,114587.0,179368.0
2020-06-29,717540.0,82530.0,214396.0,203876.0
2020-06-30,571486.0,90145.0,215931.0,215551.0
2020-07-01,798908.0,89636.0,224292.0,237273.0
2020-07-02,879147.0,91518.0,227292.0,242956.0
2020-07-03,812722.0,84355.0,200295.0,244331.0
2020-07-04,250093.0,38942.0,90153.0,182474.0
2020-07-05,198041.0,28308.0,72638.0,176508.0
2020-07-06,398550.0,67954.0,179048.0,225126.0
2020-07-07,812963.0,80043.0,204807.0,268359.0
2020-07-08,894680.0,80397.0,212351.0,289961.0
2020-07-09,872128.0,81721.0,248474.0,319787.0
2020-07-10,846021.0,85464.0,221536.0,265720.0
2020-07-11,768795.0,85691.0,150616.0,182989.0
2020-07-12,662090.0,66762.0,100015.0,175176.0
2020-07-13,860744.0,83774.0,180306.0,222694.0
2020-07-14,900278.0,84664.0,207545.0,223659.0
2020-07-15,910627.0,92549.0,228529.0,228576.0
2020-07-16,831268.0,97465.0,238136.0,251887.0
2020-07-17,857662.0,94788.0,234453.0,248765.0
2020-07-18,747862.0,86653.0,156974.0,244730.0
2020-07-19,700937.0,81316.0,115115.0,219527.0
2020-07-20,827014.0,86191.0,213078.0,259368.0
2020-07-21,894860.0,79676.0,229025.0,284190.0
2020-07-22,908523.0,84354.0,228294.0,309273.0
2020-07-23,895231.0,90878.0,225730.0,313418.0
2020-07-24,852638.0,80546.0,210358.0,271527.0
2020-07-25,721150.0,79988.0,140536.0,225267.0
2020-07-26,541726.0,48238.0,116018.0,209113.0
2020-07-27,848146.0,83391.0,218965.0,257002.0
2020-07-28,675202.0,88147.0,212688.0,271084.0
2020-07-29,667121.0,91667.0,241167.0,280356.0
2020-07-30,900162.0,80778.0,248280.0,303231.0
2020-07-31,816685.0,78004.0,237037.0,309414.0
2020-08-01,686350.0,73816.0,186936.0,221297.0
2020-08-02,733573.0,63899.0,142559.0,184198.0
2020-08-03,929585.0,76082.0,211166.0,226565.0
2020-08-04,938206.0,73828.0,196577.0,244510.0
2020-08-05,829357.0,60085.0,170935.0,251649.0
2020-08-06,866117.0,66481.0,181606.0,248428.0
2020-08-07,849104.0,72696.0,188823.0,245378.0
2020-08-08,717894.0,74542.0,143652.0,234281.0
2020-08-09,571430.0,75280.0,115935.0,213954.0
2020-08-10,735846.0,74456.0,170258.0,247399.0
2020-08-11,755931.0,83624.0,192616.0,254557.0
2020-08-12,699474.0,91973.0,186037.0,254592.0
2020-08-13,729160.0,78880.0,196575.0,270321.0
2020-08-14,754994.0,89990.0,200767.0,247568.0
2020-08-15,669176.0,92357.0,152311.0,170121.0
2020-08-16,551862.0,89658.0,135170.0,154327.0
2020-08-17,748909.0,93490.0,185363.0,223753.0
2020-08-18,769851.0,93384.0,191149.0,241805.0
2020-08-19,747552.0,93423.0,196392.0,191806.0
2020-08-20,700138.0,93684.0,198062.0,204968.0
2020-08-21,587664.0,86629.0,172864.0,214088.0
2020-08-22,321553.0,54755.0,138683.0,194213.0
2020-08-23,315470.0,46707.0,122126.0,162477.0
2020-08-24,685611.0,89967.0,212472.0,246584.0
2020-08-25,624989.0,94028.0,228883.0,257694.0
2020-08-26,214238.0,85062.0,240826.0,290693.0
2020-08-27,625673.0,91385.0,254688.0,289934.0
2020-08-28,626231.0,87104.0,236984.0,212341.0
2020-08-29,528136.0,67662.0,152900.0,149719.0
2020-08-30,541962.0,56148.0,119123.0,141060.0
2020-08-31,705263.0,78147.0,223468.0,231356.0
2020-09-01,767449.0,85519.0,232416.0,266295.0
2020-09-02,750632.0,79256.0,250441.0,237831.0
2020-09-03,674767.0,71624.0,223304.0,248502.0
2020-09-04,649071.0,79519.0,202172.0,236846.0
2020-09-05,293929.0,69317.0,118058.0,178217.0
2020-09-06,362650.0,65566.0,115128.0,150006.0
2020-09-07,621166.0,95131.0,216561.0,169539.0
2020-09-08,576292.0,92931.0,222886.0,217725.0
2020-09-09,658276.0,95088.0,232696.0,255946.0
2020-09-10,761451.0,100402.0,234614.0,255141.0
2020-09-11,728959.0,100040.0,221225.0,262492.0
2020-09-12,421868.0,83920.0,159397.0,179445.0
2020-09-13,405176.0,59779.0,136542.0,174868.0
2020-09-14,696668.0,80575.0,236544.0,245716.0
2020-09-15,731174.0,85054.0,270000.0,281833.0
2020-09-16,673288.0,82054.0,264450.0,302073.0
2020-09-17,633955.0,69953.0,246322.0,263176.0
2020-09-18,622438.0,76638.0,261920.0,222197.0
2020-09-19,578069.0,77384.0,201032.0,173853.0
2020-09-20,550004.0,84663.0,173414.0,175277.0
2020-09-21,778226.0,97339.0,267762.0,272774.0
2020-09-22,838530.0,101412.0,273333.0,278884.0
2020-09-23,796788.0,93562.0,256432.0,243197.0
2020-09-24,631882.0,84187.0,232960.0,177970.0
2020-09-25,685443.0,72932.0,186450.0,124719.0
2020-09-26,411344.0,38589.0,115285.0,104698.0
2020-09-27,434619.0,46017.0,98380.0,117815.0
2020-09-28,705774.0,112548.0,210338.0,205471.0
2020-09-29,805323.0,123527.0,250294.0,273997.0
2020-09-30,746693.0,114279.0,234854.0,247414.0
2020-10-01,787743.0,111078.0,213269.0,165242.0
2020-10-02,589414.0,100770.0,169190.0,97993.0
2020-10-03,340399.0,53179.0,91822.0,89203.0
2020-10-04,306883.0,22241.0,63616.0,93340.0
2020-10-05,692165.0,66552.0,130862.0,145590.0
2020-10-06,561965.0,63321.0,149838.0,163708.0
2020-10-07,626336.0,87569.0,162710.0,216420.0
2020-10-08,460771.0,64362.0,141540.0,230185.0
2020-10-09,781266.0,100022.0,145385.0,239049.0
2020-10-10,375354.0,39241.0,108993.0,126903.0
2020-10-11,385145.0,26913.0,95883.0,116938.0
2020-10-12,883869.0,98193.0,180670.0,127259.0
2020-10-13,836957.0,107238.0,184531.0,171052.0
2020-10-14,548596.0,91780.0,167764.0,145638.0
2020-10-15,852693.0,105535.0,202389.0,172439.0
2020-10-16,975748.0,114968.0,179974.0,210069.0
2020-10-17,774104.0,109513.0,112470.0,175848.0
2020-10-18,401836.0,65034.0,96727.0,149231.0
2020-10-19,880261.0,89877.0,181837.0,139514.0
2020-10-20,505571.0,87204.0,176566.0,139065.0
2020-10-21,435907.0,80157.0,169783.0,154322.0
2020-10-22,510384.0,98689.0,186916.0,207535.0
2020-10-23,750523.0,103698.0,190416.0,174573.0
2020-10-24,280247.0,16485.0,97257.0,106359.0
2020-10-25,249897.0,19792.0,79519.0,97003.0
2020-10-26,596084.0,81446.0,143863.0,135778.0
2020-10-27,471394.0,63864.0,159057.0,143606.0
2020-10-28,424546.0,66082.0,144110.0,179642.0
2020-10-29,469909.0,75985.0,164505.0,205824.0
2020-10-30,415381.0,56603.0,159867.0,187053.0
2020-10-31,356340.0,24653.0,85578.0,112872.0
2020-11-01,253458.0,53186.0,72262.0,114569.0
2020-11-02,342249.0,77872.0,149299.0,154582.0
2020-11-03,666279.0,141957.0,177389.0,149923.0
2020-11-04,837161.0,150824.0,182550.0,156973.0
2020-11-05,860346.0,144962.0,137263.0,120148.0
2020-11-06,854114.0,141810.0,129420.0,109249.0
2020-11-07,593476.0,70013.0,131964.0,123644.0
2020-11-08,506828.0,70074.0,88293.0,118565.0
2020-11-09,996843.0,143829.0,162036.0,212245.0
2020-11-10,1119040.0,172481.0,178048.0,237260.0
2020-11-11,1094568.0,123777.0,186933.0,161446.0
2020-11-12,813314.0,146679.0,183507.0,196552.0
2020-11-13,870028.0,146735.0,192810.0,197573.0
2020-11-14,523162.0,79710.0,149617.0,139614.0
2020-11-15,321584.0,57330.0,126010.0,106331.0
2020-11-16,531012.0,137852.0,182590.0,202319.0
2020-11-17,676917.0,146859.0,172801.0,200909.0
2020-11-18,575834.0,131005.0,196545.0,195324.0
2020-11-19,440833.0,117219.0,204719.0,161529.0
2020-11-20,915836.0,152572.0,203623.0,136124.0
2020-11-21,476929.0,148861.0,135645.0,137466.0
2020-11-22,498716.0,162333.0,135289.0,175642.0
2020-11-23,1032092.0,178851.0,200603.0,234334.0
2020-11-24,1058033.0,174428.0,210672.0,232161.0
2020-11-25,1163279.0,173510.0,214264.0,218697.0
2020-11-26,1281837.0,175249.0,231713.0,190657.0
2020-11-27,1251503.0,189118.0,230977.0,235929.0
2020-11-28,1081353.0,170429.0,197197.0,206263.0
2020-11-29,1017956.0,185701.0,158981.0,196464.0
2020-11-30,1134678.0,192367.0,258232.0,227794.0
2020-12-01,1174216.0,196263.0,259611.0,201619.0
2020-12-02,1239607.0,206934.0,277532.0,178975.0
2020-12-03,1101995.0,196290.0,261387.0,188414.0
2020-12-04,989248.0,162374.0,236269.0,181906.0
2020-12-05,1040698.0,171937.0,149978.0,150206.0
2020-12-06,996569.0,164978.0,139157.0,137884.0
2020-12-07,1109897.0,186690.0,216260.0,115024.0
2020-12-08,1176298.0,199493.0,239106.0,117449.0
2020-12-09,1262743.0,202444.0,278268.0,190160.0
2020-12-10,1249377.0,182808.0,262600.0,146853.0
2020-12-11,1096829.0,188656.0,236846.0,114199.0
2020-12-12,908314.0,162313.0,177286.0,106377.0
2020-12-13,803065.0,144793.0,136191.0,140393.0
2020-12-14,786348.0,168049.0,225557.0,192446.0
2020-12-15,966844.0,172653.0,249047.0,190324.0
2020-12-16,927977.0,172332.0,244343.0,205636.0
2020-12-17,737578.0,168847.0,244080.0,243124.0
2020-12-18,686080.0,166300.0,237531.0,197844.0
2020-12-19,480510.0,82732.0,173808.0,154569.0
2020-12-20,548397.0,104516.0,147398.0,131227.0
2020-12-21,596179.0,106996.0,220072.0,176370.0
2020-12-22,515564.0,102539.0,218124.0,158376.0
2020-12-23,645041.0,70378.0,168870.0,157741.0
2020-12-24,373364.0,60422.0,98706.0,119867.0
2020-12-25,435960.0,60734.0,122289.0,89160.0
2020-12-26,337240.0,60748.0,128212.0,94109.0
2020-12-27,283515.0,60531.0,98487.0,88516.0
2020-12-28,589594.0,95976.0,155390.0,79583.0
2020-12-29,648840.0,119742.0,180891.0,101594.0
2020-12-30,616953.0,117517.0,147525.0,150704.0
2020-12-31,610139.0,119826.0,123987.0,111849.0
2021-01-01,654934.0,104744.0,125722.0,93380.0
2021-01-02,710437.0,136069.0,122752.0,124412.0
2021-01-03,471174.0,111522.0,122846.0,129618.0
2021-01-04,867351.0,178348.0,197726.0,194776.0
2021-01-05,943957.0,193009.0,226580.0,188031.0
2021-01-06,974158.0,199889.0,216298.0,155886.0
2021-01-07,1066676.0,206552.0,258017.0,219479.0
2021-01-08,1137587.0,210836.0,272382.0,136380.0
2021-01-09,978165.0,198017.0,199894.0,109213.0
2021-01-10,785235.0,183895.0,195515.0,111173.0
2021-01-11,719549.0,201138.0,287582.0,136961.0
2021-01-12,712892.0,194092.0,256999.0,204666.0
2021-01-13,589471.0,189955.0,236098.0,194318.0
2021-01-14,972463.0,172008.0,273146.0,161791.0
2021-01-15,1116749.0,171759.0,278061.0,168485.0
2021-01-16,994045.0,175208.0,182447.0,147200.0
2021-01-17,882957.0,155593.0,178969.0,140071.0
2021-01-18,887989.0,181922.0,258573.0,225475.0
2021-01-19,552490.0,151497.0,258277.0,170953.0
2021-01-20,484521.0,113645.0,251288.0,105147.0
2021-01-21,433236.0,88161.0,223173.0,103627.0
2021-01-22,740202.0,141599.0,206314.0,97999.0
2021-01-23,668100.0,85126.0,140192.0,89231.0
2021-01-24,671135.0,71540.0,114030.0,92662.0
2021-01-25,1036327.0,164657.0,225399.0,136767.0
2021-01-26,951200.0,181727.0,245953.0,161219.0
2021-01-27,953949.0,169435.0,257046.0,131074.0
2021-01-28,913673.0,160140.0,219997.0,119054.0
2021-01-29,626516.0,78594.0,186400.0,104518.0
2021-01-30,653653.0,79124.0,144633.0,74268.0
2021-01-31,544918.0,75793.0,135576.0,73450.0
2021-02-01,937510.0,151144.0,190724.0,81155.0
2021-02-02,954738.0,119963.0,210002.0,89620.0
2021-02-03,692678.0,84977.0,207945.0,102061.0
2021-02-04,850902.0,145511.0,201205.0,152611.0
2021-02-05,827429.0,153649.0,207859.0,123226.0
2021-02-06,490937.0,72752.0,128599.0,95097.0
2021-02-07,474913.0,69591.0,87560.0,77515.0
2021-02-08,868767.0,167895.0,166230.0,76727.0
2021-02-09,1049996.0,181655.0,221866.0,68505.0
2021-02-10,1110757.0,185670.0,267962.0,98961.0
2021-02-11,1146999.0,200097.0,288957.0,132516.0
2021-02-12,1132197.0,194186.0,260164.0,93165.0
2021-02-13,987721.0,179841.0,163216.0,95440.0
2021-02-14,725008.0,120699.0,131480.0,85190.0
2021-02-15,914890.0,172884.0,197737.0,80346.0
2021-02-16,906396.0,171071.0,206987.0,106956.0
2021-02-17,746201.0,143480.0,210232.0,114337.0
2021-02-18,700993.0,143722.0,216215.0,103104.0
2021-02-19,736774.0,140133.0,214932.0,88930.0
2021-02-20,419437.0,64975.0,137834.0,66144.0
2021-02-21,442646.0,69679.0,91870.0,80247.0
2021-02-22,823489.0,138626.0,205835.0,131438.0
2021-02-23,687649.0,93268.0,207762.0,110201.0
2021-02-24,498888.0,69943.0,202504.0,93652.0
2021-02-25,658071.0,112613.0,202610.0,129408.0
2021-02-26,772838.0,144338.0,201280.0,127787.0
2021-02-27,661815.0,78636.0,148665.0,90350.0
2021-02-28,537617.0,79549.0,96739.0,79541.0
2021-03-01,921030.0,153173.0,197382.0,115152.0
2021-03-02,1037584.0,173227.0,206495.0,149762.0
2021-03-03,1006556.0,173444.0,229785.0,163351.0
2021-03-04,965018.0,175869.0,239933.0,153050.0
2021-03-05,974177.0,173387.0,220871.0,128194.0
2021-03-06,635552.0,86095.0,156107.0,106759.0
2021-03-07,612937.0,100140.0,141037.0,116656.0
2021-03-08,994756.0,155190.0,233892.0,141281.0
2021-03-09,1089368.0,162314.0,264609.0,153536.0
2021-03-10,827816.0,146054.0,220371.0,131884.0
2021-03-11,411292.0,70673.0,219410.0,101979.0
2021-03-12,389097.0,68689.0,182158.0,109054.0
2021-03-13,315846.0,60500.0,95744.0,90730.0
2021-03-14,330219.0,60544.0,91732.0,97731.0
2021-03-15,498326.0,78913.0,153899.0,111457.0
2021-03-16,785955.0,140770.0,171458.0,92341.0
2021-03-17,949834.0,150106.0,183674.0,75860.0
2021-03-18,1064972.0,145977.0,223357.0,89893.0
2021-03-19,837083.0,127835.0,245090.0,89346.0
2021-03-20,709117.0,124318.0,159520.0,80347.0
2021-03-21,548371.0,77892.0,114840.0,87814.0
2021-03-22,1019247.0,133164.0,199631.0,126169.0
2021-03-23,1127631.0,145409.0,229654.0,171079.0
2021-03-24,961238.0,146358.0,202669.0,164237.0
2021-03-25,954400.0,145094.0,191579.0,162417.0
2021-03-26,543145.0,104512.0,185557.0,145957.0
2021-03-27,371695.0,62943.0,149308.0,115621.0
2021-03-28,351269.0,65108.0,117822.0,109206.0
2021-03-29,492236.0,92109.0,186877.0,119343.0
2021-03-30,710648.0,128249.0,168527.0,117774.0
2021-03-31,839114.0,127769.0,165826.0,118123.0
2021-04-01,622893.0,56420.0,167371.0,131357.0
2021-04-02,355942.0,18803.0,115644.0,142934.0
2021-04-03,349327.0,16418.0,96492.0,105871.0
2021-04-04,325227.0,14366.0,79946.0,93759.0
2021-04-05,301989.0,27469.0,97924.0,100489.0
2021-04-06,543662.0,100801.0,169399.0,118299.0
2021-04-07,552343.0,117808.0,232593.0,139467.0
2021-04-08,689107.0,113950.0,219764.0,172114.0
2021-04-09,637973.0,124046.0,204678.0,195799.0
2021-04-10,743622.0,115446.0,162662.0,148344.0
2021-04-11,384941.0,79812.0,107350.0,117996.0
2021-04-12,955234.0,123925.0,227980.0,140746.0
2021-04-13,891315.0,128944.0,250047.0,229766.0
2021-04-14,1010095.0,127029.0,219355.0,209399.0
2021-04-15,1050410.0,123669.0,222174.0,193064.0
2021-04-16,968480.0,124706.0,209051.0,159760.0
2021-04-17,780633.0,104503.0,158802.0,120735.0
2021-04-18,827619.0,113381.0,172585.0,133340.0
2021-04-19,1001049.0,125138.0,231349.0,226139.0
2021-04-20,986420.0,123878.0,251091.0,230683.0
2021-04-21,622134.0,117571.0,229664.0,231513.0
2021-04-22,520386.0,109708.0,226127.0,207030.0
2021-04-23,608308.0,95819.0,191945.0,141910.0
2021-04-24,427582.0,40085.0,110481.0,116992.0
2021-04-25,404685.0,30731.0,90854.0,137562.0
2021-04-26,680493.0,89317.0,182953.0,205060.0
2021-04-27,649764.0,92569.0,199740.0,217193.0
2021-04-28,644209.0,91483.0,213274.0,198116.0
2021-04-29,658556.0,91279.0,205882.0,184173.0
2021-04-30,813672.0,91682.0,206192.0,190647.0
2021-05-01,431956.0,29825.0,106752.0,120984.0
2021-05-02,386987.0,31217.0,83631.0,139395.0
2021-05-03,518756.0,51777.0,155449.0,156759.0
2021-05-04,345880.0,28451.0,188135.0,152627.0
2021-05-05,361554.0,40427.0,174007.0,129087.0
2021-05-06,724841.0,76589.0,190959.0,133488.0
2021-05-07,587780.0,63124.0,168993.0,134468.0
2021-05-08,347954.0,20031.0,116428.0,96137.0
2021-05-09,232875.0,22079.0,94394.0,79922.0
2021-05-10,443700.0,37891.0,150963.0,106344.0
2021-05-11,560977.0,59690.0,169044.0,101322.0
2021-05-12,562284.0,55839.0,145316.0,96786.0
2021-05-13,314247.0,25697.0,114964.0,102310.0
2021-05-14,370613.0,28129.0,106105.0,110816.0
2021-05-15,316980.0,16590.0,66183.0,91396.0
2021-05-16,280501.0,18379.0,63534.0,90127.0
2021-05-17,444782.0,51007.0,121134.0,131931.0
2021-05-18,450624.0,53333.0,117892.0,126680.0
2021-05-19,507239.0,57296.0,109227.0,138277.0
2021-05-20,478181.0,46420.0,115667.0,161969.0
2021-05-21,301176.0,14620.0,123069.0,126603.0
2021-05-22,202369.0,14782.0,68420.0,119297.0
2021-05-23,203979.0,18417.0,71956.0,123670.0
2021-05-24,234439.0,15258.0,147202.0,110242.0
2021-05-25,323421.0,31536.0,125888.0,136352.0
2021-05-26,366063.0,38333.0,150818.0,161273.0
2021-05-27,500040.0,59791.0,155927.0,195992.0
2021-05-28,583381.0,61507.0,130758.0,204358.0
2021-05-29,349967.0,14788.0,85151.0,142144.0
2021-05-30,318836.0,17283.0,77281.0,124085.0
2021-05-31,516752.0,35691.0,111845.0,185334.0
2021-06-01,500199.0,35304.0,128040.0,196637.0
2021-06-02,389386.0,20379.0,123534.0,216251.0
2021-06-03,381633.0,23574.0,159205.0,170833.0
2021-06-04,543164.0,52369.0,157889.0,183876.0
2021-06-05,367869.0,26256.0,96492.0,162977.0
2021-06-06,325989.0,21762.0,80398.0,125343.0
2021-06-07,776068.0,67379.0,161582.0,196308.0
2021-06-08,825804.0,70987.0,173029.0,202612.0
2021-06-09,785655.0,60408.0,168533.0,186426.0
2021-06-10,788793.0,68074.0,152932.0,186450.0
2021-06-11,636292.0,54005.0,150185.0,151487.0
2021-06-12,286532.0,15570.0,98861.0,116710.0
2021-06-13,263060.0,11882.0,73722.0,151200.0
2021-06-14,480339.0,47688.0,156745.0,205796.0
2021-06-15,694800.0,66015.0,190405.0,209542.0
2021-06-16,780158.0,68681.0,219644.0,231902.0
2021-06-17,676036.0,62367.0,220287.0,248969.0
2021-06-18,673247.0,51548.0,209012.0,219182.0
2021-06-19,419654.0,30315.0,114345.0,175710.0
2021-06-20,298477.0,13921.0,98274.0,98929.0
2021-06-21,545258.0,48218.0,193412.0,165213.0
2021-06-22,750910.0,58620.0,218914.0,193275.0
2021-06-23,799481.0,65140.0,231202.0,178641.0
2021-06-24,844573.0,61807.0,220509.0,134922.0
2021-06-25,750780.0,61469.0,194159.0,150537.0
2021-06-26,405159.0,32506.0,122779.0,112923.0
2021-06-27,320495.0,19667.0,123472.0,104072.0
2021-06-28,684126.0,60641.0,200931.0,143389.0
2021-06-29,723159.0,68145.0,207045.0,196071.0
2021-06-30,701962.0,70569.0,207268.0,186621.0
2021-07-01,684111.0,65855.0,205289.0,213414.0
2021-07-02,710032.0,77791.0,181644.0,203933.0
2021-07-03,389655.0,36434.0,124761.0,121771.0
2021-07-04,363012.0,19352.0,101129.0,110329.0
2021-07-05,590854.0,66083.0,177579.0,146826.0
2021-07-06,354898.0,33440.0,207620.0,164085.0
2021-07-07,594456.0,67564.0,214591.0,191354.0
2021-07-08,699933.0,93396.0,215831.0,199268.0
2021-07-09,607927.0,97478.0,176525.0,200987.0
2021-07-10,291218.0,37540.0,122403.0,161845.0
2021-07-11,295345.0,30057.0,78798.0,132949.0
2021-07-12,544101.0,78461.0,197816.0,134489.0
2021-07-13,627501.0,74326.0,207395.0,149856.0
2021-07-14,580515.0,29121.0,177600.0,129543.0
2021-07-15,646892.0,35550.0,172868.0,120542.0
2021-07-16,487428.0,35859.0,180850.0,139771.0
2021-07-17,227259.0,25951.0,128820.0,134102.0
2021-07-18,216316.0,16458.0,83462.0,114706.0
2021-07-19,466974.0,70570.0,195209.0,193309.0
2021-07-20,550946.0,70693.0,226122.0,226495.0
2021-07-21,580758.0,78205.0,239785.0,250470.0
2021-07-22,632027.0,57327.0,231373.0,213465.0
2021-07-23,582418.0,35469.0,226417.0,177210.0
2021-07-24,257935.0,16439.0,147113.0,130204.0
2021-07-25,260574.0,17545.0,126050.0,146724.0
2021-07-26,536082.0,60704.0,205267.0,209339.0
2021-07-27,477768.0,31752.0,222869.0,212675.0
2021-07-28,312826.0,15258.0,227225.0,177268.0
2021-07-29,227078.0,14431.0,218117.0,176645.0
2021-07-30,263355.0,10947.0,226104.0,139219.0
2021-07-31,204118.0,11142.0,131175.0,99444.0
2021-08-01,212668.0,13419.0,76639.0,113147.0
2021-08-02,254638.0,21448.0,164401.0,158640.0
2021-08-03,370578.0,27108.0,168490.0,155266.0
2021-08-04,455085.0,29710.0,188730.0,162163.0
2021-08-05,369462.0,18056.0,149016.0,131919.0
2021-08-06,259894.0,13435.0,125516.0,135098.0
2021-08-07,245219.0,13203.0,74913.0,104656.0
2021-08-08,206463.0,15331.0,66836.0,119378.0
2021-08-09,259841.0,19376.0,87558.0,147791.0
2021-08-10,318414.0,29076.0,96450.0,197958.0
2021-08-11,373265.0,39277.0,121218.0,206634.0
2021-08-12,430298.0,41639.0,143167.0,211445.0
2021-08-13,284766.0,23004.0,146934.0,224151.0
2021-08-14,217991.0,13135.0,101821.0,225517.0
2021-08-15,243555.0,11782.0,125837.0,164121.0
2021-08-16,259877.0,12806.0,123535.0,144933.0
2021-08-17,251153.0,11760.0,102869.0,142361.0
2021-08-18,295860.0,18889.0,96612.0,143564.0
2021-08-19,355093.0,25055.0,112895.0,177586.0
2021-08-20,336859.0,33442.0,106722.0,194747.0
2021-08-21,270085.0,29225.0,83915.0,167565.0
2021-08-22,231917.0,22504.0,93959.0,137926.0
2021-08-23,333657.0,30354.0,134151.0,144486.0
2021-08-24,324244.0,28648.0,159760.0,174146.0
2021-08-25,262763.0,30026.0,157697.0,241176.0
2021-08-26,328055.0,32017.0,163518.0,248897.0
2021-08-27,345618.0,34220.0,166899.0,213135.0
2021-08-28,242122.0,13952.0,99688.0,139597.0
2021-08-29,240768.0,14357.0,74091.0,143454.0
2021-08-30,354394.0,39765.0,191918.0,220042.0
2021-08-31,433733.0,39519.0,231166.0,229097.0
2021-09-01,516855.0,32681.0,238960.0,227267.0
2021-09-02,499851.0,31880.0,215170.0,243875.0
2021-09-03,382972.0,35013.0,236064.0,250245.0
2021-09-04,255490.0,26515.0,163085.0,203750.0
2021-09-05,254377.0,20045.0,104898.0,164417.0
2021-09-06,509543.0,69518.0,217063.0,218792.0
2021-09-07,562910.0,59775.0,244701.0,183914.0
2021-09-08,542809.0,53004.0,245064.0,216988.0
2021-09-09,597712.0,95149.0,224553.0,254945.0
2021-09-10,596136.0,95804.0,237943.0,268447.0
2021-09-11,316989.0,55818.0,162800.0,243205.0
2021-09-12,290602.0,18690.0,132292.0,191276.0
2021-09-13,507366.0,89300.0,236099.0,243531.0
2021-09-14,553076.0,85042.0,255351.0,291074.0
2021-09-15,586370.0,76277.0,263846.0,331953.0
2021-09-16,603133.0,70491.0,238999.0,254663.0
2021-09-17,538315.0,73600.0,199751.0,263024.0
2021-09-18,265530.0,28793.0,127380.0,161168.0
2021-09-19,246160.0,18604.0,121654.0,143991.0
2021-09-20,566908.0,87821.0,199558.0,146295.0
2021-09-21,456205.0,58425.0,231140.0,117113.0
2021-09-22,429695.0,56130.0,212616.0,159491.0
2021-09-23,265674.0,32230.0,197535.0,142941.0
2021-09-24,335971.0,39069.0,208959.0,204563.0
2021-09-25,344722.0,41181.0,164197.0,160151.0
2021-09-26,274602.0,21022.0,136617.0,151007.0
2021-09-27,437848.0,63464.0,225043.0,223403.0
2021-09-28,497513.0,75553.0,217512.0,222736.0
2021-09-29,299844.0,22029.0,219903.0,168519.0
2021-09-30,323109.0,30088.0,218745.0,226791.0
2021-10-01,335908.0,14420.0,219271.0,245926.0
2021-10-02,255005.0,13839.0,143740.0,104605.0
2021-10-03,271183.0,15341.0,112144.0,89422.0
2021-10-04,444998.0,71544.0,212022.0,113759.0
2021-10-05,333990.0,32073.0,203420.0,171098.0
2021-10-06,408479.0,41494.0,197786.0,197845.0
2021-10-07,695144.0,70937.0,203495.0,217177.0
2021-10-08,559004.0,57609.0,194243.0,210003.0
2021-10-09,287012.0,22358.0,100860.0,141234.0
2021-10-10,281874.0,20718.0,95634.0,100131.0
2021-10-11,418211.0,78838.0,196131.0,129162.0
2021-10-12,505853.0,61820.0,206544.0,151707.0
2021-10-13,605273.0,84055.0,219308.0,170493.0
2021-10-14,485872.0,82367.0,211722.0,219023.0
2021-10-15,395333.0,70803.0,219653.0,230157.0
2021-10-16,356892.0,45714.0,131718.0,220229.0
2021-10-17,308925.0,31795.0,100180.0,217047.0
2021-10-18,487235.0,91741.0,214278.0,257047.0
2021-10-19,436489.0,54764.0,228547.0,166990.0
2021-10-20,310481.0,17462.0,228392.0,149584.0
2021-10-21,327909.0,52366.0,228061.0,202695.0
2021-10-22,324241.0,102883.0,216008.0,190984.0
2021-10-23,421408.0,95552.0,131559.0,213151.0
2021-10-24,226833.0,50221.0,99770.0,197954.0
2021-10-25,603952.0,111976.0,221444.0,282551.0
2021-10-26,542158.0,108120.0,234266.0,280282.0
2021-10-27,447323.0,106444.0,229101.0,298471.0
2021-10-28,401015.0,88933.0,216197.0,181973.0
2021-10-29,341019.0,49199.0,225294.0,177105.0
2021-10-30,282781.0,28832.0,178625.0,109598.0
2021-10-31,219295.0,16949.0,156150.0,83710.0
2021-11-01,313195.0,62272.0,169997.0,100887.0
2021-11-02,739407.0,146464.0,252388.0,177053.0
2021-11-03,890575.0,164152.0,258446.0,213202.0
2021-11-04,697969.0,152077.0,256458.0,250243.0
2021-11-05,594886.0,153448.0,247088.0,206482.0
2021-11-06,330975.0,137476.0,189021.0,133520.0
2021-11-07,283314.0,94985.0,162637.0,131557.0
2021-11-08,778688.0,169028.0,274958.0,187946.0
2021-11-09,776119.0,164087.0,288171.0,245823.0
2021-11-10,883119.0,185681.0,289412.0,346924.0
2021-11-11,982831.0,170521.0,273821.0,379122.0
2021-11-12,831284.0,165887.0,271125.0,344907.0
2021-11-13,631085.0,148034.0,235904.0,238190.0
2021-11-14,523626.0,125880.0,204917.0,169687.0
2021-11-15,941138.0,155303.0,292849.0,215035.0
2021-11-16,998856.0,176007.0,287780.0,273938.0
2021-11-17,664923.0,163974.0,290123.0,197176.0
2021-11-18,404797.0,168084.0,287123.0,248917.0
2021-11-19,424394.0,181702.0,284396.0,301575.0
2021-11-20,363051.0,179771.0,256193.0,338351.0
2021-11-21,450778.0,161932.0,240213.0,296165.0
2021-11-22,848157.0,169065.0,300990.0,352462.0
2021-11-23,941683.0,178702.0,316198.0,343919.0
2021-11-24,1065277.0,187247.0,329815.0,373208.0
2021-11-25,967897.0,187508.0,340774.0,330079.0
2021-11-26,710700.0,178574.0,344064.0,291758.0
2021-11-27,729697.0,160935.0,241849.0,147491.0
2021-11-28,608663.0,139191.0,224920.0,151047.0
2021-11-29,864586.0,187002.0,313754.0,281540.0
2021-11-30,472490.0,180132.0,347043.0,433972.0
2021-12-01,394535.0,163460.0,318711.0,294420.0
2021-12-02,759731.0,182659.0,335298.0,238007.0
2021-12-03,521257.0,195119.0,335495.0,273240.0
2021-12-04,636784.0,156535.0,244540.0,173517.0
2021-12-05,613119.0,156478.0,204548.0,111388.0
2021-12-06,901164.0,187096.0,318160.0,177581.0
2021-12-07,811500.0,180596.0,325437.0,174262.0
2021-12-08,695815.0,169374.0,244870.0,97870.0
2021-12-09,963329.0,172182.0,312598.0,137915.0
2021-12-10,931708.0,164004.0,309485.0,133741.0
2021-12-11,810826.0,159515.0,263469.0,169144.0
2021-12-12,447865.0,159924.0,233026.0,217890.0
2021-12-13,846017.0,176139.0,317744.0,349224.0
2021-12-14,892912.0,193652.0,341568.0,390503.0
2021-12-15,879185.0,190354.0,316596.0,341493.0
2021-12-16,963827.0,184545.0,316006.0,291957.0
2021-12-17,958357.0,171749.0,328372.0,346938.0
2021-12-18,699960.0,168242.0,238863.0,294583.0
2021-12-19,437745.0,183612.0,249959.0,230276.0
2021-12-20,930172.0,185613.0,341453.0,317544.0
2021-12-21,1064519.0,200439.0,368344.0,331391.0
2021-12-22,966707.0,196692.0,348682.0,284098.0
2021-12-23,546393.0,170948.0,300550.0,281417.0
2021-12-24,365494.0,130349.0,191082.0,153047.0
2021-12-25,389780.0,94687.0,130691.0,127518.0
2021-12-26,397661.0,107005.0,136359.0,101192.0
2021-12-27,418201.0,75423.0,197528.0,71133.0
2021-12-28,353955.0,61712.0,164347.0,67893.0
2021-12-29,373232.0,64109.0,131610.0,89266.0
2021-12-30,307824.0,62690.0,109753.0,115933.0
2021-12-31,267437.0,69767.0,78201.0,79012.0
2022-01-01,264330.0,63280.0,93042.0,86366.0
2022-01-02,254595.0,64645.0,110847.0,150233.0
2022-01-03,374214.0,78794.0,162490.0,168449.0
2022-01-04,626629.0,118355.0,182143.0,118693.0
2022-01-05,399672.0,121258.0,165878.0,137944.0
2022-01-06,647230.0,139454.0,169950.0,127281.0
2022-01-07,509734.0,134750.0,173151.0,171936.0
2022-01-08,422653.0,83623.0,167720.0,99010.0
2022-01-09,456120.0,111487.0,153696.0,86792.0
2022-01-10,1049854.0,186243.0,281712.0,185521.0
2022-01-11,1079845.0,198372.0,302723.0,224796.0
2022-01-12,1080015.0,202135.0,307383.0,226405.0
2022-01-13,866179.0,216009.0,301225.0,304724.0
2022-01-14,946956.0,202249.0,304222.0,342645.0
2022-01-15,903854.0,192447.0,229592.0,239539.0
2022-01-16,458076.0,193939.0,185239.0,232924.0
2022-01-17,613911.0,184858.0,315491.0,335592.0
2022-01-18,1048170.0,195133.0,325363.0,391221.0
2022-01-19,715630.0,179219.0,322291.0,355748.0
2022-01-20,571333.0,193548.0,304663.0,274059.0
2022-01-21,754923.0,193418.0,321764.0,200978.0
2022-01-22,855212.0,204296.0,250360.0,234006.0
2022-01-23,866186.0,197351.0,201928.0,250154.0
2022-01-24,1093536.0,196555.0,332039.0,364176.0
2022-01-25,1209158.0,195416.0,349943.0,376242.0
2022-01-26,984433.0,176072.0,338215.0,366295.0
2022-01-27,539421.0,193598.0,342465.0,339805.0
2022-01-28,654349.0,194200.0,315429.0,237614.0
2022-01-29,404422.0,145172.0,214483.0,197731.0
2022-01-30,380941.0,172883.0,186255.0,208684.0
2022-01-31,720164.0,150202.0,291155.0,158026.0
2022-02-01,606098.0,163844.0,292062.0,146983.0
2022-02-02,658949.0,176709.0,309114.0,311611.0
2022-02-03,888329.0,178439.0,311127.0,360166.0
2022-02-04,575851.0,159365.0,301257.0,284547.0
2022-02-05,380712.0,118598.0,231676.0,151548.0
2022-02-06,308902.0,90978.0,175489.0,158908.0
2022-02-07,489422.0,164685.0,253210.0,210144.0
2022-02-08,530445.0,181840.0,263580.0,285925.0
2022-02-09,639512.0,189352.0,284603.0,314663.0
2022-02-10,846133.0,189798.0,276744.0,350807.0
2022-02-11,708640.0,189704.0,285004.0,284592.0
2022-02-12,517630.0,177193.0,213146.0,183519.0
2022-02-13,399157.0,92250.0,154815.0,115629.0
2022-02-14,545091.0,143330.0,268572.0,139619.0
2022-02-15,598088.0,135885.0,274922.0,144684.0
2022-02-16,489424.0,80740.0,272526.0,141791.0
2022-02-17,411883.0,107114.0,259177.0,220017.0
2022-02-18,479366.0,87740.0,254216.0,159833.0
2022-02-19,385188.0,65986.0,171905.0,120094.0
2022-02-20,318050.0,62909.0,131835.0,143341.0
2022-02-21,396707.0,85391.0,252746.0,169254.0
2022-02-22,496774.0,114642.0,237141.0,181009.0
2022-02-23,570948.0,144548.0,229511.0,241554.0
2022-02-24,486835.0,93350.0,261247.0,219847.0
2022-02-25,440132.0,109074.0,223017.0,139991.0
2022-02-26,515914.0,139879.0,123890.0,158271.0
2022-02-27,344229.0,88999.0,103655.0,203121.0
2022-02-28,578768.0,170261.0,242564.0,245938.0
2022-03-01,831390.0,198238.0,285712.0,234625.0
2022-03-02,932178.0,179952.0,296639.0,215144.0
2022-03-03,784082.0,166528.0,256242.0,166848.0
2022-03-04,754543.0,148249.0,254998.0,137636.0
2022-03-05,534487.0,111257.0,129862.0,141862.0
2022-03-06,479148.0,104322.0,138072.0,132039.0
2022-03-07,819061.0,161992.0,252500.0,219235.0
2022-03-08,633471.0,141152.0,263890.0,192967.0
