,DE_LU_Eprice_max,FR_Eprice_max,IT_NORD_Eprice_max,ES_Eprice_max
2019-01-01,10.07,65.56,65.56,68.07
2019-01-02,62.11,69.3,73.56,69.3
2019-01-03,69.55,73.43,73.43,71.1
2019-01-04,55.78,77.23,77.23,71.94
2019-01-05,61.64,69.12,77.51,69.5
2019-01-06,67.37,67.37,70.0,68.0
2019-01-07,74.93,74.93,84.0,70.39
2019-01-08,46.93,70.0,94.99,70.0
2019-01-09,55.94,69.01,82.5,69.01
2019-01-10,85.15,85.15,87.21,69.75
2019-01-11,62.92,77.54,78.86,70.45
2019-01-12,46.29,65.0,78.52,69.69
2019-01-13,30.81,64.45,81.03,71.69
2019-01-14,51.66,72.52,87.0,72.52
2019-01-15,58.38,74.74,88.15,74.74
2019-01-16,55.73,72.95,100.0,72.99
2019-01-17,58.72,73.45,82.0,73.45
2019-01-18,76.86,76.86,95.13,72.01
2019-01-19,68.91,70.0,77.68,70.0
2019-01-20,69.75,70.11,77.65,70.11
2019-01-21,88.5,88.5,88.5,73.9
2019-01-22,80.23,91.52,91.52,71.2
2019-01-23,93.76,93.9,93.9,68.89
2019-01-24,121.46,121.46,113.07,70.13
2019-01-25,97.0,97.0,97.0,69.69
2019-01-26,59.18,66.49,76.46,68.5
2019-01-27,52.96,59.2,72.89,64.18
2019-01-28,64.88,71.51,74.93,70.01
2019-01-29,72.82,73.14,85.0,68.07
2019-01-30,68.17,71.85,90.02,68.65
2019-01-31,78.49,78.49,84.88,65.4
2019-02-01,69.98,72.57,87.53,62.99
2019-02-02,59.5,59.5,65.28,51.92
2019-02-03,59.54,63.93,72.65,63.93
2019-02-04,60.67,70.66,79.63,70.66
2019-02-05,65.79,68.07,74.01,68.07
2019-02-06,62.4,65.88,75.0,67.52
2019-02-07,53.29,56.5,80.86,68.07
2019-02-08,57.94,58.0,77.27,65.01
2019-02-09,36.17,56.12,77.84,64.01
2019-02-10,49.48,49.82,67.0,66.55
2019-02-11,49.41,66.25,73.97,66.25
2019-02-12,60.47,65.83,79.27,67.1
2019-02-13,56.55,65.31,80.0,65.51
2019-02-14,63.67,63.67,81.63,63.67
2019-02-15,61.73,61.73,70.01,62.0
2019-02-16,52.06,56.41,68.0,58.51
2019-02-17,50.07,50.07,70.0,62.0
2019-02-18,57.37,57.37,80.82,62.0
2019-02-19,54.09,60.05,77.74,62.25
2019-02-20,54.66,55.09,76.42,61.11
2019-02-21,53.1,57.7,76.21,61.21
2019-02-22,57.95,58.02,70.0,59.93
2019-02-23,51.57,50.97,70.0,57.24
2019-02-24,51.47,51.47,70.0,60.15
2019-02-25,56.88,56.88,78.68,60.6
2019-02-26,58.17,54.94,70.4,59.0
2019-02-27,58.71,56.8,70.0,60.49
2019-02-28,50.97,50.97,73.5,58.75
2019-03-01,52.59,52.49,72.0,58.43
2019-03-02,48.6,48.6,70.0,57.51
2019-03-03,38.49,39.05,67.0,53.01
2019-03-04,43.02,43.33,63.98,58.75
2019-03-05,55.23,55.23,94.8,56.45
2019-03-06,47.46,48.0,72.7,51.73
2019-03-07,45.01,45.64,68.03,60.95
2019-03-08,50.95,53.05,75.0,58.56
2019-03-09,25.08,37.84,67.0,56.56
2019-03-10,40.92,40.92,58.62,55.25
2019-03-11,57.9,57.9,61.77,61.41
2019-03-12,52.05,52.05,80.0,56.26
2019-03-13,39.91,43.05,76.0,55.66
2019-03-14,42.6,43.72,81.0,56.05
2019-03-15,42.59,42.94,75.78,57.98
2019-03-16,34.18,30.95,63.52,56.05
2019-03-17,36.66,39.13,70.0,52.63
2019-03-18,48.44,50.01,75.01,56.19
2019-03-19,60.73,60.73,75.0,56.57
2019-03-20,55.55,55.55,72.0,55.55
2019-03-21,55.0,55.0,73.64,56.55
2019-03-22,50.98,50.98,73.56,57.5
2019-03-23,44.99,44.99,64.9,55.01
2019-03-24,42.6,42.67,64.71,52.1
2019-03-25,46.45,47.01,70.0,51.96
2019-03-26,49.4,49.4,72.39,51.64
2019-03-27,47.91,48.06,64.4,53.86
2019-03-28,52.77,52.77,70.49,55.01
2019-03-29,49.54,49.33,75.02,54.92
2019-03-30,45.96,44.95,72.76,54.54
2019-03-31,41.8,41.8,62.46,59.0
2019-04-01,56.95,53.56,77.86,60.95
2019-04-02,43.78,44.54,74.33,60.01
2019-04-03,54.72,54.72,90.26,60.0
2019-04-04,59.86,60.44,82.93,60.44
2019-04-05,58.67,58.67,74.33,58.67
2019-04-06,46.51,46.51,68.2,55.44
2019-04-07,49.65,49.65,66.2,58.6
2019-04-08,60.0,60.0,75.01,60.0
2019-04-09,55.32,55.32,79.22,57.55
2019-04-10,58.02,58.02,78.48,59.15
2019-04-11,59.24,59.24,75.0,59.24
2019-04-12,60.08,60.08,72.03,60.16
2019-04-13,47.28,57.61,67.24,59.57
2019-04-14,46.74,57.41,62.0,62.48
2019-04-15,60.33,60.67,70.0,60.67
2019-04-16,52.95,54.03,70.0,60.06
2019-04-17,52.23,52.23,71.72,59.47
2019-04-18,55.31,56.19,70.0,58.58
2019-04-19,44.09,45.28,66.07,45.28
2019-04-20,46.92,43.41,68.96,48.0
2019-04-21,46.23,46.08,57.02,58.58
2019-04-22,17.03,24.66,59.95,59.0
2019-04-23,41.11,42.88,90.1,58.78
2019-04-24,46.15,43.85,71.66,54.75
2019-04-25,59.9,46.36,63.5,46.36
2019-04-26,56.38,56.38,56.38,60.85
2019-04-27,39.92,37.31,56.5,59.2
2019-04-28,47.76,47.76,53.67,59.47
2019-04-29,56.71,56.71,60.0,60.37
2019-04-30,60.0,60.0,61.99,60.32
2019-05-01,37.25,38.76,66.12,55.71
2019-05-02,47.38,47.18,70.0,58.09
2019-05-03,50.1,50.1,72.44,57.9
2019-05-04,45.92,45.92,62.0,54.14
2019-05-05,42.34,46.47,57.71,59.04
2019-05-06,56.14,56.14,62.83,58.69
2019-05-07,68.61,63.9,73.16,60.0
2019-05-08,49.44,46.2,73.16,46.2
2019-05-09,55.24,54.66,73.16,55.01
2019-05-10,56.17,56.17,68.85,56.17
2019-05-11,43.0,41.51,60.0,54.54
2019-05-12,41.92,42.71,55.0,56.41
2019-05-13,53.01,53.01,69.26,56.19
2019-05-14,55.53,55.53,58.37,58.56
2019-05-15,55.07,55.07,62.43,57.5
2019-05-16,49.3,49.3,62.0,57.79
2019-05-17,52.92,51.12,60.38,55.53
2019-05-18,45.17,45.17,51.89,56.2
2019-05-19,43.33,43.33,57.6,57.45
2019-05-20,63.22,57.45,57.62,58.77
2019-05-21,57.61,57.61,57.61,59.27
2019-05-22,50.35,50.35,53.82,59.47
2019-05-23,55.18,52.38,54.17,59.66
2019-05-24,50.95,50.95,51.99,55.78
2019-05-25,44.71,44.71,48.51,50.51
2019-05-26,37.16,37.16,57.62,58.02
2019-05-27,50.59,43.75,57.39,58.39
2019-05-28,64.59,45.68,58.76,54.51
2019-05-29,53.92,46.45,51.66,57.02
2019-05-30,40.34,40.34,55.5,59.47
2019-05-31,48.23,43.98,59.41,59.21
2019-06-01,41.8,40.36,47.7,58.22
2019-06-02,38.13,38.13,58.0,58.73
2019-06-03,50.5,50.5,57.62,59.01
2019-06-04,55.43,47.69,54.3,55.38
2019-06-05,56.52,44.99,70.0,58.76
2019-06-06,59.09,42.91,69.96,56.85
2019-06-07,73.75,43.55,73.94,57.53
2019-06-08,27.31,28.72,49.09,49.02
2019-06-09,50.53,35.6,46.0,51.37
2019-06-10,40.83,40.0,61.76,50.64
2019-06-11,59.93,48.99,58.79,53.07
2019-06-12,62.61,51.22,60.0,51.22
2019-06-13,76.5,47.56,59.96,50.94
2019-06-14,64.69,49.04,59.61,51.2
2019-06-15,40.2,34.31,41.38,54.12
2019-06-16,51.6,41.02,48.0,54.64
2019-06-17,70.1,42.44,66.55,53.07
2019-06-18,67.12,42.05,65.46,53.89
2019-06-19,58.64,42.98,69.89,52.33
2019-06-20,51.96,44.71,64.0,51.0
2019-06-21,49.91,47.09,55.86,50.03
2019-06-22,37.91,34.8,46.3,49.61
2019-06-23,36.35,34.19,45.55,55.0
2019-06-24,56.78,39.45,54.5,52.0
2019-06-25,74.8,45.83,58.8,51.84
2019-06-26,60.08,37.14,72.09,51.6
2019-06-27,54.11,44.43,75.0,53.19
2019-06-28,66.53,48.54,68.0,53.69
2019-06-29,56.23,40.35,54.78,51.2
2019-06-30,43.19,43.19,60.0,53.88
2019-07-01,53.1,41.13,84.63,53.19
2019-07-02,50.96,44.0,73.18,53.77
2019-07-03,48.39,41.93,71.79,53.99
2019-07-04,44.98,43.58,69.0,58.0
2019-07-05,45.92,43.4,70.06,58.08
2019-07-06,32.12,35.12,60.0,56.78
2019-07-07,37.02,37.02,55.56,55.17
2019-07-08,42.9,42.9,58.42,57.69
2019-07-09,47.9,47.0,61.0,55.62
2019-07-10,53.19,53.19,58.02,56.57
2019-07-11,53.99,53.99,60.46,58.29
2019-07-12,58.4,53.74,62.09,60.1
2019-07-13,41.2,41.2,51.0,55.5
2019-07-14,43.72,43.72,45.0,58.31
2019-07-15,50.06,50.06,61.09,57.31
2019-07-16,52.64,52.64,52.64,57.25
2019-07-17,55.03,54.01,54.49,57.31
2019-07-18,54.79,48.96,55.0,58.39
2019-07-19,57.0,50.6,61.2,57.17
2019-07-20,39.2,39.2,44.0,56.94
2019-07-21,46.62,46.62,50.19,57.69
2019-07-22,53.94,53.94,64.61,57.69
2019-07-23,63.41,59.52,62.98,58.98
2019-07-24,74.06,74.06,74.06,58.98
2019-07-25,69.58,69.58,73.0,58.52
2019-07-26,55.89,56.07,70.93,56.99
2019-07-27,39.43,39.43,55.84,50.0
2019-07-28,41.46,41.46,45.0,58.25
2019-07-29,60.74,49.38,60.25,56.28
2019-07-30,56.16,43.66,61.73,55.2
2019-07-31,69.95,44.07,63.61,52.19
2019-08-01,68.07,51.53,64.0,51.53
2019-08-02,50.47,50.47,50.47,51.7
2019-08-03,41.96,41.96,47.5,51.2
2019-08-04,47.0,47.0,47.0,52.1
2019-08-05,56.04,45.91,57.44,52.79
2019-08-06,53.87,49.75,55.0,52.03
2019-08-07,44.98,44.98,57.19,52.81
2019-08-08,43.63,43.63,57.0,50.96
2019-08-09,53.92,36.93,50.0,53.2
2019-08-10,31.83,31.83,50.02,51.0
2019-08-11,48.71,40.0,50.0,50.9
2019-08-12,71.5,42.59,65.0,50.1
2019-08-13,52.96,44.77,50.0,49.01
2019-08-14,67.93,38.22,49.95,48.35
2019-08-15,40.91,36.15,39.0,47.75
2019-08-16,57.91,36.76,44.0,48.1
2019-08-17,39.68,39.44,45.14,47.4
2019-08-18,36.97,36.97,45.0,47.51
2019-08-19,52.19,41.87,60.3,48.37
2019-08-20,54.28,41.02,53.86,47.1
2019-08-21,68.91,44.58,58.18,47.5
2019-08-22,55.36,42.47,55.36,47.04
2019-08-23,59.56,36.97,54.0,46.18
2019-08-24,42.39,42.39,46.23,44.8
2019-08-25,47.13,38.72,54.1,45.75
2019-08-26,69.32,49.06,71.95,50.69
2019-08-27,63.43,59.76,85.42,53.69
2019-08-28,80.01,64.63,87.36,53.84
2019-08-29,61.97,53.59,85.6,53.59
2019-08-30,52.49,52.49,73.42,52.49
2019-08-31,47.21,45.66,65.0,47.07
2019-09-01,39.67,39.67,65.0,47.19
2019-09-02,61.67,49.78,71.93,49.78
2019-09-03,53.36,51.22,71.0,51.22
2019-09-04,45.29,45.29,71.93,46.73
2019-09-05,40.92,40.92,71.43,43.65
2019-09-06,40.07,40.07,66.24,41.43
2019-09-07,48.01,39.45,53.02,40.26
2019-09-08,54.34,45.49,49.19,46.77
2019-09-09,71.36,57.09,57.09,50.07
2019-09-10,51.59,45.93,59.55,43.29
2019-09-11,43.25,43.25,55.67,42.0
2019-09-12,55.55,52.73,56.03,44.1
2019-09-13,52.07,49.37,57.01,44.91
2019-09-14,50.85,47.99,51.0,47.99
2019-09-15,48.9,48.9,56.54,50.0
2019-09-16,60.91,60.91,71.5,55.38
2019-09-17,52.03,52.03,71.13,52.03
2019-09-18,53.17,53.17,71.48,54.74
2019-09-19,71.47,56.24,74.93,56.24
2019-09-20,60.73,60.73,71.47,53.47
2019-09-21,50.0,46.32,59.0,49.69
2019-09-22,40.97,40.97,61.05,55.32
2019-09-23,64.98,55.4,71.48,52.48
2019-09-24,65.19,54.44,74.59,52.48
2019-09-25,62.08,51.74,75.06,51.74
2019-09-26,51.51,51.51,76.77,51.51
2019-09-27,50.31,50.31,92.7,50.89
2019-09-28,43.69,43.69,72.12,50.14
2019-09-29,28.0,30.23,69.22,56.86
2019-09-30,64.37,64.37,77.73,56.74
2019-10-01,54.99,54.99,77.51,52.92
2019-10-02,52.79,52.0,90.0,52.1
2019-10-03,55.06,55.06,71.43,55.06
2019-10-04,53.52,53.52,86.57,56.52
2019-10-05,52.09,52.09,71.19,54.12
2019-10-06,43.35,43.35,62.0,52.12
2019-10-07,61.76,61.76,79.82,57.51
2019-10-08,50.15,50.85,99.61,58.97
2019-10-09,51.44,51.8,73.18,55.23
2019-10-10,47.79,54.45,74.0,59.13
2019-10-11,40.84,43.05,75.24,54.69
2019-10-12,44.65,44.65,62.2,46.05
2019-10-13,30.0,41.24,70.17,56.41
2019-10-14,52.79,52.79,75.06,52.19
2019-10-15,67.95,67.95,74.0,55.29
2019-10-16,51.3,55.05,75.0,55.05
2019-10-17,63.96,63.96,79.0,57.44
2019-10-18,51.46,52.68,75.0,52.68
2019-10-19,47.9,47.9,71.33,50.99
2019-10-20,51.06,51.06,64.1,56.14
2019-10-21,66.51,66.51,73.63,60.46
2019-10-22,65.47,65.47,65.47,57.88
2019-10-23,59.77,59.77,68.59,56.01
2019-10-24,54.11,54.11,66.19,58.97
2019-10-25,51.52,51.89,53.0,60.16
2019-10-26,37.37,37.37,60.0,59.82
2019-10-27,45.9,55.52,58.0,56.85
2019-10-28,63.62,63.62,63.62,61.5
2019-10-29,66.18,66.18,66.18,61.23
2019-10-30,66.7,66.7,66.7,60.0
2019-10-31,56.01,61.18,61.18,60.0
2019-11-01,38.94,38.08,51.46,40.18
2019-11-02,39.44,39.44,56.33,39.44
2019-11-03,42.83,42.83,42.83,39.96
2019-11-04,52.92,52.92,52.92,48.83
2019-11-05,62.89,62.89,62.89,48.01
2019-11-06,87.12,87.12,76.08,46.51
2019-11-07,51.29,54.99,56.86,45.88
2019-11-08,66.47,66.47,74.56,49.39
2019-11-09,51.0,51.0,51.0,45.53
2019-11-10,53.09,53.09,53.09,52.51
2019-11-11,51.0,52.85,57.11,52.85
2019-11-12,59.21,64.43,65.0,57.55
2019-11-13,67.2,80.64,80.64,57.91
2019-11-14,58.5,78.32,78.32,58.91
2019-11-15,51.12,74.45,74.45,60.46
2019-11-16,43.13,57.8,57.8,54.54
2019-11-17,45.44,55.15,55.15,55.15
2019-11-18,55.0,85.0,85.0,63.05
2019-11-19,80.1,99.1,80.1,65.64
2019-11-20,71.05,79.26,79.26,64.92
2019-11-21,63.38,70.32,70.32,65.35
2019-11-22,52.79,54.44,67.0,54.0
2019-11-23,40.43,52.9,52.9,52.9
2019-11-24,51.77,51.8,51.8,51.8
2019-11-25,63.45,63.45,63.45,58.07
2019-11-26,54.79,54.79,70.0,54.79
2019-11-27,50.68,50.68,60.71,50.53
2019-11-28,40.58,55.37,74.53,55.37
2019-11-29,55.36,56.53,65.45,56.53
2019-11-30,53.1,53.1,57.0,50.01
2019-12-01,52.4,52.4,52.53,52.4
2019-12-02,57.23,67.64,70.0,51.47
2019-12-03,76.47,76.47,75.05,64.26
2019-12-04,70.6,86.55,78.99,60.63
2019-12-05,59.59,88.32,77.98,58.3
2019-12-06,40.25,56.16,60.71,54.6
2019-12-07,42.68,51.76,52.0,51.76
2019-12-08,15.23,46.74,50.61,48.6
2019-12-09,40.68,52.17,56.1,52.17
2019-12-10,56.38,56.38,56.38,55.84
2019-12-11,60.23,60.23,69.82,54.5
2019-12-12,61.6,61.6,68.59,44.59
2019-12-13,50.88,49.05,60.0,38.01
2019-12-14,31.97,36.99,52.62,36.99
2019-12-15,35.63,43.96,50.11,44.59
2019-12-16,52.01,52.01,65.0,47.45
2019-12-17,49.5,56.27,60.77,56.27
2019-12-18,54.19,54.19,56.03,49.1
2019-12-19,42.95,42.95,75.0,35.74
2019-12-20,37.48,40.33,51.0,32.51
2019-12-21,42.2,37.76,43.0,5.26
2019-12-22,40.0,37.0,40.0,6.6
2019-12-23,40.93,40.93,49.99,40.93
2019-12-24,40.0,36.51,40.0,36.51
2019-12-25,37.37,32.09,34.45,31.0
2019-12-26,42.64,42.64,42.64,42.64
2019-12-27,49.38,44.88,47.83,44.88
2019-12-28,43.75,43.75,44.0,43.75
2019-12-29,41.16,43.5,43.5,43.5
2019-12-30,39.35,47.82,47.82,47.82
2019-12-31,47.73,47.73,47.73,47.73
2020-01-01,44.05,46.16,47.38,46.16
2020-01-02,46.72,46.72,50.46,46.72
2020-01-03,41.35,45.2,53.35,47.23
2020-01-04,39.75,44.24,47.21,44.44
2020-01-05,46.16,46.16,46.16,53.29
2020-01-06,48.91,49.01,49.01,49.01
2020-01-07,51.12,51.12,61.05,56.26
2020-01-08,55.92,55.92,58.88,55.92
2020-01-09,47.92,47.51,75.09,53.31
2020-01-10,47.4,49.97,70.49,50.85
2020-01-11,40.56,44.65,45.15,56.26
2020-01-12,27.1,40.87,50.0,55.98
2020-01-13,52.93,52.93,66.5,52.93
2020-01-14,38.0,39.37,74.0,46.75
2020-01-15,36.56,44.25,72.0,52.8
2020-01-16,52.4,52.4,61.98,52.4
2020-01-17,46.0,46.0,65.0,51.75
2020-01-18,43.04,43.04,53.69,43.04
2020-01-19,44.24,44.24,46.29,37.43
2020-01-20,60.0,59.32,59.32,50.7
2020-01-21,55.81,62.05,62.05,50.0
2020-01-22,65.09,65.09,65.09,59.58
2020-01-23,68.64,68.64,68.64,62.48
2020-01-24,66.74,66.74,66.74,62.3
2020-01-25,49.99,49.99,55.0,53.7
2020-01-26,42.0,44.42,52.15,46.03
2020-01-27,51.21,51.21,62.42,47.12
2020-01-28,44.94,44.94,57.16,51.0
2020-01-29,45.1,45.1,61.41,46.47
2020-01-30,44.12,45.29,54.78,45.29
2020-01-31,39.59,40.56,53.82,43.2
2020-02-01,16.97,31.12,44.5,40.1
2020-02-02,40.73,36.93,45.0,45.19
2020-02-03,39.97,39.97,52.5,50.77
2020-02-04,41.3,41.51,49.52,43.5
2020-02-05,49.16,49.16,51.47,45.66
2020-02-06,47.21,47.21,57.5,47.21
2020-02-07,56.96,54.58,63.28,48.11
2020-02-08,41.3,41.3,47.0,43.28
2020-02-09,14.93,28.63,43.52,37.05
2020-02-10,25.69,34.02,50.41,48.05
2020-02-11,24.55,38.71,54.47,49.15
2020-02-12,37.45,44.38,60.23,48.05
2020-02-13,58.88,42.13,57.21,46.46
2020-02-14,56.74,45.66,55.74,47.43
2020-02-15,31.49,31.49,48.15,39.55
2020-02-16,0.74,18.59,46.15,37.69
2020-02-17,36.95,36.95,53.05,43.4
2020-02-18,38.88,38.88,53.86,43.5
2020-02-19,44.65,44.65,49.59,50.33
2020-02-20,40.21,40.15,60.41,47.66
2020-02-21,39.13,39.43,62.04,50.24
2020-02-22,8.76,33.44,47.0,46.5
2020-02-23,23.57,30.11,42.2,48.38
2020-02-24,47.96,43.0,58.69,47.2
2020-02-25,39.49,39.94,48.91,41.82
2020-02-26,42.17,42.17,46.17,42.17
2020-02-27,59.98,48.06,59.98,41.23
2020-02-28,43.88,43.88,63.28,43.88
2020-02-29,14.01,25.61,42.0,24.03
2020-03-01,36.12,36.12,39.9,28.0
2020-03-02,49.5,49.5,49.5,37.75
2020-03-03,56.9,56.9,56.9,40.2
2020-03-04,64.7,64.7,64.7,43.58
2020-03-05,54.64,54.64,61.89,30.24
2020-03-06,38.04,38.04,52.57,35.46
2020-03-07,39.95,39.95,44.01,37.61
2020-03-08,34.86,34.86,46.75,34.86
2020-03-09,58.98,58.98,66.02,40.5
2020-03-10,31.77,37.1,61.23,44.5
2020-03-11,37.99,37.99,63.14,48.28
2020-03-12,39.63,39.63,60.55,41.58
2020-03-13,42.5,42.5,44.2,42.5
2020-03-14,38.53,38.53,39.28,40.67
2020-03-15,30.18,32.08,41.39,35.01
2020-03-16,61.96,61.79,61.79,37.03
2020-03-17,38.23,38.23,48.0,39.43
2020-03-18,41.07,40.38,41.07,40.38
2020-03-19,44.42,33.64,44.42,36.42
2020-03-20,35.0,28.92,44.02,35.03
2020-03-21,20.12,23.86,34.72,34.83
2020-03-22,22.93,22.93,33.14,32.57
2020-03-23,33.14,33.14,33.14,33.99
2020-03-24,33.8,33.78,45.71,34.06
2020-03-25,34.88,34.48,40.0,34.48
2020-03-26,34.64,32.46,34.4,32.46
2020-03-27,30.0,30.0,51.62,30.75
2020-03-28,21.93,21.93,45.0,31.48
2020-03-29,20.59,20.59,44.64,26.1
2020-03-30,38.93,31.44,41.69,28.98
2020-03-31,42.66,29.02,40.0,30.01
2020-04-01,34.97,29.43,40.0,31.01
2020-04-02,27.8,27.8,45.0,28.1
2020-04-03,33.54,29.15,44.0,30.11
2020-04-04,36.75,21.79,30.5,21.1
2020-04-05,19.9,19.08,50.0,22.65
2020-04-06,45.33,24.17,47.04,30.19
2020-04-07,40.1,23.66,55.16,28.51
2020-04-08,50.33,22.66,45.37,30.0
2020-04-09,31.43,22.66,46.39,27.99
2020-04-10,34.83,21.31,33.79,27.69
2020-04-11,35.95,21.82,39.36,29.0
2020-04-12,25.17,21.81,31.99,28.03
2020-04-13,11.21,14.74,33.0,29.51
2020-04-14,39.91,21.13,37.6,26.9
2020-04-15,41.91,19.74,40.0,25.5
2020-04-16,53.25,17.34,37.42,19.5
2020-04-17,48.75,22.1,38.85,24.67
2020-04-18,29.42,21.16,38.47,26.01
2020-04-19,15.59,14.01,46.49,15.01
2020-04-20,22.93,15.81,41.97,18.33
2020-04-21,16.52,11.43,41.9,11.43
2020-04-22,25.54,22.19,40.0,22.19
2020-04-23,69.68,23.94,38.7,23.94
2020-04-24,35.85,23.08,38.03,23.08
2020-04-25,32.0,22.7,30.72,22.7
2020-04-26,31.84,25.15,36.98,25.15
2020-04-27,48.31,24.1,40.71,24.1
2020-04-28,31.28,24.93,32.0,24.56
2020-04-29,30.85,20.96,32.79,15.0
2020-04-30,34.74,12.04,36.0,12.04
2020-05-01,28.43,19.0,25.59,15.39
2020-05-02,28.04,24.38,34.94,24.38
2020-05-03,28.96,23.01,32.0,23.01
2020-05-04,55.13,22.92,44.6,22.51
2020-05-05,32.41,25.34,34.14,25.34
2020-05-06,29.2,26.55,36.0,26.55
2020-05-07,50.98,25.77,34.34,25.77
2020-05-08,41.62,26.12,30.64,26.12
2020-05-09,36.61,22.93,32.38,22.93
2020-05-10,19.1,15.5,27.38,15.5
2020-05-11,24.95,21.85,35.85,22.75
2020-05-12,33.36,27.94,30.67,27.94
2020-05-13,43.68,27.75,39.85,28.01
2020-05-14,30.08,26.03,29.79,29.11
2020-05-15,27.97,23.01,25.9,23.14
2020-05-16,29.42,23.56,23.56,23.56
2020-05-17,23.95,23.95,24.3,27.68
2020-05-18,31.9,24.24,35.8,29.0
2020-05-19,49.98,25.39,30.0,28.0
2020-05-20,57.0,25.12,30.27,28.18
2020-05-21,42.66,24.51,24.51,31.19
2020-05-22,23.71,22.81,24.8,31.15
2020-05-23,16.72,16.72,20.0,20.45
2020-05-24,16.31,17.97,24.0,28.02
2020-05-25,38.32,24.1,24.1,27.51
2020-05-26,50.15,23.59,32.46,27.4
2020-05-27,31.94,26.85,30.65,29.01
2020-05-28,27.16,24.99,39.1,35.0
2020-05-29,37.2,25.0,36.31,35.0
2020-05-30,18.28,17.91,40.85,33.44
2020-05-31,13.38,15.2,38.58,36.19
2020-06-01,23.37,23.37,28.0,36.67
2020-06-02,60.75,26.94,28.0,37.01
2020-06-03,51.41,33.62,33.62,36.15
2020-06-04,43.97,33.04,33.25,33.04
2020-06-05,37.07,29.4,29.4,35.66
2020-06-06,23.91,23.91,23.91,33.69
2020-06-07,32.33,32.09,32.09,32.09
2020-06-08,41.92,37.55,37.55,32.09
2020-06-09,52.31,40.0,40.0,32.93
2020-06-10,42.15,35.0,34.91,34.89
2020-06-11,30.65,30.65,31.4,30.0
2020-06-12,27.51,27.51,27.51,26.01
2020-06-13,25.96,25.96,25.96,33.79
2020-06-14,27.91,27.91,27.0,33.0
2020-06-15,43.52,43.52,43.52,36.39
2020-06-16,45.9,40.66,40.66,36.21
2020-06-17,56.52,44.71,40.21,37.46
2020-06-18,36.99,36.99,36.99,36.99
2020-06-19,37.8,37.8,37.8,37.8
2020-06-20,34.94,34.94,34.94,36.57
2020-06-21,32.93,32.93,32.93,32.93
2020-06-22,38.58,38.58,38.58,37.63
2020-06-23,48.65,42.17,42.17,39.5
2020-06-24,47.11,46.69,46.69,41.02
2020-06-25,44.13,44.13,44.13,42.09
2020-06-26,46.8,46.8,46.8,40.13
2020-06-27,32.96,32.91,32.91,39.84
2020-06-28,36.0,36.0,36.0,39.76
2020-06-29,40.45,39.04,39.04,39.84
2020-06-30,36.1,40.01,40.01,40.44
2020-07-01,43.29,43.29,47.99,40.25
2020-07-02,52.65,52.24,52.51,41.37
2020-07-03,49.95,49.95,49.95,38.95
2020-07-04,28.03,29.19,29.19,38.41
2020-07-05,30.24,30.28,30.28,38.0
2020-07-06,35.94,37.23,45.0,37.23
2020-07-07,40.84,40.84,40.84,40.84
2020-07-08,55.0,55.0,55.0,40.6
2020-07-09,51.96,51.7,51.7,43.82
2020-07-10,42.94,42.94,42.94,42.94
2020-07-11,37.73,37.73,37.73,37.73
2020-07-12,37.74,37.74,37.74,41.2
2020-07-13,45.56,45.56,45.56,39.27
2020-07-14,46.08,45.0,45.0,38.3
2020-07-15,57.38,48.52,48.52,37.11
2020-07-16,58.7,53.87,48.64,39.93
2020-07-17,44.86,44.86,44.86,37.0
2020-07-18,39.45,39.45,39.45,39.45
2020-07-19,40.42,40.42,40.42,40.42
2020-07-20,43.9,43.9,43.9,41.0
2020-07-21,42.74,42.93,42.93,42.93
2020-07-22,45.74,45.51,45.64,43.9
2020-07-23,45.89,45.23,45.57,44.0
2020-07-24,40.02,40.8,40.8,41.59
2020-07-25,32.22,32.22,32.22,38.56
2020-07-26,36.97,40.99,40.0,40.99
2020-07-27,39.36,40.6,41.0,40.6
2020-07-28,36.94,40.7,44.0,40.7
2020-07-29,39.38,47.27,62.12,43.78
2020-07-30,60.02,56.84,63.6,44.92
2020-07-31,54.4,53.32,69.5,46.15
2020-08-01,38.78,38.78,40.0,38.78
2020-08-02,38.43,38.43,40.0,38.43
2020-08-03,45.45,45.45,47.39,41.53
2020-08-04,49.67,41.2,46.0,41.2
2020-08-05,43.4,43.4,51.98,43.4
2020-08-06,53.96,53.96,53.96,46.15
2020-08-07,50.11,50.11,50.11,47.07
2020-08-08,41.2,41.2,41.2,41.2
2020-08-09,40.24,42.11,42.11,42.11
2020-08-10,52.74,52.74,52.74,43.4
2020-08-11,46.49,50.92,50.92,44.21
2020-08-12,56.4,56.4,56.4,45.07
2020-08-13,53.39,53.39,53.39,44.29
2020-08-14,53.28,46.08,46.08,41.91
2020-08-15,39.93,39.93,39.93,39.93
2020-08-16,40.21,40.21,42.31,40.21
2020-08-17,61.47,55.8,55.8,44.31
2020-08-18,58.05,58.05,58.05,44.58
2020-08-19,53.58,50.9,50.9,41.69
2020-08-20,63.37,59.85,59.85,43.82
2020-08-21,41.83,41.83,41.83,41.83
2020-08-22,35.07,35.07,41.6,39.79
2020-08-23,38.87,38.87,38.87,38.87
2020-08-24,70.16,70.16,70.16,50.84
2020-08-25,53.66,48.09,48.09,48.09
2020-08-26,37.81,56.85,60.0,53.0
2020-08-27,90.0,90.0,75.0,51.49
2020-08-28,52.11,52.11,52.11,49.01
2020-08-29,46.91,46.91,46.91,43.82
2020-08-30,43.13,43.13,43.13,43.13
2020-08-31,79.06,79.06,74.52,55.69
2020-09-01,67.02,67.24,67.0,53.46
2020-09-02,71.11,71.11,68.89,52.18
2020-09-03,58.52,59.99,59.99,55.01
2020-09-04,51.67,54.93,54.93,51.64
2020-09-05,46.84,46.84,48.08,43.08
2020-09-06,49.44,49.44,49.44,46.75
2020-09-07,65.05,65.05,65.05,50.64
2020-09-08,68.37,68.37,68.37,52.26
2020-09-09,49.34,63.96,65.0,51.45
2020-09-10,78.01,78.01,77.69,50.52
2020-09-11,69.45,69.45,70.01,52.05
2020-09-12,49.98,49.98,49.98,49.98
2020-09-13,50.92,50.92,50.92,50.52
2020-09-14,120.62,120.62,84.36,53.01
2020-09-15,189.25,189.25,163.06,56.83
2020-09-16,86.53,86.53,84.35,54.92
2020-09-17,79.84,79.84,79.84,54.04
2020-09-18,58.11,58.11,58.11,52.19
2020-09-19,51.05,51.05,51.05,51.05
2020-09-20,51.91,51.91,51.91,51.91
2020-09-21,200.04,200.04,84.37,58.89
2020-09-22,86.4,84.35,84.35,55.83
2020-09-23,60.8,60.82,60.82,52.99
2020-09-24,67.57,67.57,67.57,52.89
2020-09-25,56.48,58.28,66.4,47.0
2020-09-26,45.49,45.49,45.49,41.25
2020-09-27,51.95,51.95,51.95,46.48
2020-09-28,80.03,80.03,80.03,55.82
2020-09-29,128.31,128.31,84.35,61.14
2020-09-30,72.8,72.8,72.8,57.01
2020-10-01,55.05,58.29,58.29,54.83
2020-10-02,54.28,53.09,54.28,40.0
2020-10-03,48.92,48.92,48.92,39.72
2020-10-04,46.61,46.61,46.61,36.0
2020-10-05,53.96,55.27,55.27,55.23
2020-10-06,49.35,49.35,54.08,52.99
2020-10-07,51.54,52.97,52.97,53.0
2020-10-08,50.75,52.39,56.07,52.39
2020-10-09,62.44,62.44,62.44,59.3
2020-10-10,42.23,47.1,47.1,43.06
2020-10-11,49.08,49.08,49.08,44.91
2020-10-12,78.68,78.68,78.68,53.49
2020-10-13,70.37,70.0,70.0,50.9
2020-10-14,49.69,62.62,77.5,51.69
2020-10-15,55.69,60.73,60.73,50.34
2020-10-16,67.85,67.85,67.85,54.08
2020-10-17,50.46,50.46,50.46,50.46
2020-10-18,49.58,49.6,49.58,49.6
2020-10-19,70.3,70.3,70.3,48.2
2020-10-20,49.02,49.02,62.26,45.67
2020-10-21,52.95,54.14,62.26,49.77
2020-10-22,53.26,56.63,64.63,56.63
2020-10-23,59.9,59.9,59.9,54.05
2020-10-24,41.57,41.33,51.89,41.33
2020-10-25,44.98,46.88,46.88,39.05
2020-10-26,50.22,50.22,55.0,49.5
2020-10-27,47.52,47.69,76.24,47.69
2020-10-28,45.84,51.21,76.53,52.61
2020-10-29,50.1,50.1,60.76,50.1
2020-10-30,44.89,49.0,54.42,49.0
2020-10-31,38.74,38.74,38.74,44.83
2020-11-01,26.85,35.81,42.0,45.82
2020-11-02,39.19,51.02,68.18,51.02
2020-11-03,47.53,47.53,67.03,47.05
2020-11-04,60.12,60.12,60.12,46.03
2020-11-05,52.4,52.4,63.0,43.15
2020-11-06,52.0,52.0,52.0,39.9
2020-11-07,52.11,48.84,48.84,44.35
2020-11-08,48.62,47.96,47.96,46.0
2020-11-09,71.92,61.61,70.1,60.55
2020-11-10,79.72,64.79,76.86,62.38
2020-11-11,64.32,51.82,70.41,51.82
2020-11-12,52.72,52.72,79.5,52.72
2020-11-13,50.05,50.05,74.13,50.05
2020-11-14,44.57,44.56,52.0,44.56
2020-11-15,21.49,29.51,47.0,43.02
2020-11-16,50.99,51.9,70.26,51.9
2020-11-17,50.0,50.0,56.36,50.0
2020-11-18,48.39,48.39,70.0,52.55
2020-11-19,43.42,49.93,59.01,48.11
2020-11-20,58.68,58.68,64.0,49.37
2020-11-21,41.01,50.98,50.98,50.98
2020-11-22,48.12,50.75,50.75,51.8
2020-11-23,60.49,62.03,72.59,62.03
2020-11-24,55.92,55.92,73.64,55.3
2020-11-25,61.54,61.54,75.0,59.02
2020-11-26,110.13,79.81,80.84,55.96
2020-11-27,106.35,79.66,104.71,61.25
2020-11-28,56.14,56.14,72.0,56.14
2020-11-29,58.97,58.97,58.97,58.97
2020-11-30,77.18,77.18,77.18,60.02
2020-12-01,77.98,77.98,77.98,58.03
2020-12-02,110.56,110.56,110.56,60.8
2020-12-03,66.01,66.3,89.36,62.57
2020-12-04,64.36,66.1,84.16,56.74
2020-12-05,58.0,67.63,67.63,51.05
2020-12-06,54.93,63.1,63.1,53.01
2020-12-07,62.17,88.19,75.41,47.36
2020-12-08,81.07,105.58,83.0,51.44
2020-12-09,114.0,114.0,114.0,54.68
2020-12-10,105.41,105.41,105.41,52.53
2020-12-11,57.1,65.42,71.0,45.5
2020-12-12,57.92,57.92,61.0,53.5
2020-12-13,53.0,53.0,53.0,53.0
2020-12-14,60.0,66.16,70.0,56.02
2020-12-15,68.8,68.8,73.49,60.19
2020-12-16,66.66,63.95,92.39,62.02
2020-12-17,63.97,68.9,86.8,68.9
2020-12-18,57.24,58.91,83.44,58.91
2020-12-19,44.43,53.37,63.67,54.3
2020-12-20,52.14,52.81,52.81,52.81
2020-12-21,55.5,55.5,74.51,53.68
2020-12-22,55.91,54.15,61.18,54.15
2020-12-23,56.0,53.14,60.77,53.35
2020-12-24,38.8,48.28,52.33,48.28
2020-12-25,51.73,49.74,49.74,36.0
2020-12-26,30.9,44.18,46.0,48.7
2020-12-27,10.11,47.7,49.9,37.13
2020-12-28,56.98,56.98,56.98,44.1
2020-12-29,55.39,59.72,59.72,54.26
2020-12-30,60.0,60.08,60.08,59.96
2020-12-31,61.34,61.34,61.34,61.08
2021-01-01,60.61,60.61,60.61,57.4
2021-01-02,63.08,63.08,63.08,60.43
2021-01-03,52.56,61.09,61.09,61.09
2021-01-04,66.82,72.6,71.05,72.6
2021-01-05,67.14,80.0,68.32,80.0
2021-01-06,61.92,101.07,68.45,90.0
2021-01-07,100.0,108.97,97.0,108.97
2021-01-08,110.45,114.89,110.45,114.89
2021-01-09,71.99,71.99,71.99,121.24
2021-01-10,63.41,73.91,68.77,110.29
2021-01-11,70.59,89.06,89.06,121.14
2021-01-12,64.6,78.93,84.24,114.02
2021-01-13,56.14,95.46,95.46,112.84
2021-01-14,100.67,95.98,100.33,107.72
2021-01-15,99.5,98.02,98.02,98.02
2021-01-16,66.4,66.5,66.5,93.79
2021-01-17,72.0,75.0,75.0,87.84
2021-01-18,78.92,88.63,89.48,115.98
2021-01-19,55.15,75.07,93.61,93.72
2021-01-20,57.52,64.05,81.0,67.9
2021-01-21,45.63,58.75,79.9,58.75
2021-01-22,66.77,66.77,83.57,57.24
2021-01-23,66.13,66.13,66.13,49.98
2021-01-24,65.0,65.0,65.0,59.26
2021-01-25,79.67,79.67,83.0,75.04
2021-01-26,73.95,82.04,82.04,82.04
2021-01-27,70.48,70.67,70.67,70.67
2021-01-28,68.39,66.1,73.17,66.1
2021-01-29,60.79,60.79,73.0,60.79
2021-01-30,61.65,61.65,61.65,14.0
2021-01-31,64.46,63.88,63.88,1.96
2021-02-01,81.58,81.58,84.08,39.3
2021-02-02,78.13,65.05,76.28,47.0
2021-02-03,56.97,56.97,71.17,53.25
2021-02-04,71.5,71.5,71.5,67.51
2021-02-05,62.02,62.02,88.17,61.61
2021-02-06,43.95,45.89,67.12,42.98
2021-02-07,43.44,55.39,55.39,27.0
2021-02-08,64.32,64.32,64.32,25.26
2021-02-09,80.85,81.18,81.18,15.11
2021-02-10,109.86,109.86,109.86,80.0
2021-02-11,136.71,136.71,117.31,72.4
2021-02-12,80.81,82.76,89.73,61.01
2021-02-13,72.96,72.96,72.96,69.0
2021-02-14,62.2,62.2,63.96,29.25
2021-02-15,68.05,68.28,81.0,45.59
2021-02-16,68.85,68.78,82.72,68.25
2021-02-17,71.27,71.27,84.52,61.27
2021-02-18,61.9,61.9,80.97,61.16
2021-02-19,62.53,62.53,82.03,41.2
2021-02-20,44.91,44.99,71.12,10.0
2021-02-21,58.06,58.06,60.0,30.0
2021-02-22,72.9,65.68,74.41,65.68
2021-02-23,59.45,59.22,76.03,59.22
2021-02-24,60.93,60.93,75.0,51.83
2021-02-25,65.73,65.73,86.8,65.73
2021-02-26,60.85,60.85,93.44,57.91
2021-02-27,58.95,58.24,60.0,45.41
2021-02-28,59.28,59.28,59.28,40.73
2021-03-01,68.49,68.49,75.17,64.39
2021-03-02,79.31,79.31,88.79,78.62
2021-03-03,70.0,70.0,94.3,70.0
2021-03-04,66.14,66.14,88.1,66.14
2021-03-05,67.97,67.97,80.0,67.97
2021-03-06,58.87,58.87,65.0,58.87
2021-03-07,60.91,60.91,60.91,60.91
2021-03-08,103.71,103.71,100.87,66.18
2021-03-09,93.3,93.3,93.3,75.01
2021-03-10,69.9,69.9,69.9,69.9
2021-03-11,55.93,56.59,87.78,56.59
2021-03-12,52.84,57.74,77.78,57.74
2021-03-13,42.63,45.99,70.87,45.99
2021-03-14,57.28,58.39,60.0,56.56
2021-03-15,67.82,67.82,72.0,59.93
2021-03-16,77.71,77.71,80.44,50.76
2021-03-17,85.0,85.0,85.0,28.57
2021-03-18,98.71,98.71,98.71,52.01
2021-03-19,72.99,72.99,74.25,46.85
2021-03-20,68.09,68.09,70.54,46.01
2021-03-21,64.82,64.82,74.21,59.18
2021-03-22,90.47,90.47,90.47,75.0
2021-03-23,83.49,83.49,83.49,83.49
2021-03-24,84.0,84.0,85.86,84.0
2021-03-25,85.43,85.43,93.0,85.43
2021-03-26,69.01,69.01,83.0,69.01
2021-03-27,66.1,66.1,66.64,66.1
2021-03-28,48.34,55.75,78.0,55.75
2021-03-29,70.86,71.01,89.82,68.15
2021-03-30,78.22,78.22,90.0,76.73
2021-03-31,96.8,76.39,91.17,76.39
2021-04-01,70.97,70.97,75.58,66.6
2021-04-02,60.67,60.67,74.25,60.67
2021-04-03,59.23,53.2,92.11,53.2
2021-04-04,47.45,47.45,77.0,47.45
2021-04-05,27.87,60.68,74.31,60.68
2021-04-06,71.44,75.7,75.7,69.01
2021-04-07,84.5,163.77,87.0,86.99
2021-04-08,99.26,99.26,99.26,81.77
2021-04-09,84.9,86.48,84.9,86.48
2021-04-10,69.24,69.24,69.24,73.82
2021-04-11,67.24,67.24,73.0,67.2
2021-04-12,100.0,102.77,100.75,78.74
2021-04-13,88.32,162.89,110.15,88.32
2021-04-14,125.0,125.0,125.0,88.41
2021-04-15,118.0,118.0,118.0,78.0
2021-04-16,96.1,96.1,96.1,80.0
2021-04-17,78.47,78.47,78.47,78.47
2021-04-18,80.93,81.0,85.3,82.51
2021-04-19,117.18,117.18,117.18,89.5
2021-04-20,110.41,110.41,110.41,93.92
2021-04-21,87.61,92.62,92.62,92.62
2021-04-22,84.42,85.0,85.0,85.93
2021-04-23,83.73,83.73,92.9,83.73
2021-04-24,73.43,73.43,83.0,77.0
2021-04-25,67.88,67.88,94.44,88.09
2021-04-26,83.85,83.85,84.05,86.01
2021-04-27,82.94,85.32,93.06,85.32
2021-04-28,85.57,85.57,86.04,85.57
2021-04-29,85.08,85.08,85.08,86.7
2021-04-30,84.93,90.0,87.5,90.0
2021-05-01,68.69,68.69,68.69,81.52
2021-05-02,67.11,80.0,78.04,82.62
2021-05-03,87.93,87.93,87.93,87.0
2021-05-04,50.59,75.0,88.33,89.05
2021-05-05,68.19,84.2,94.33,85.5
2021-05-06,92.73,92.73,92.73,85.0
2021-05-07,101.5,101.5,101.5,90.0
2021-05-08,69.95,70.86,77.0,70.86
2021-05-09,60.75,57.64,81.0,54.3
2021-05-10,90.12,90.12,90.12,83.16
2021-05-11,93.37,93.37,93.37,79.62
2021-05-12,86.12,86.12,86.12,78.08
2021-05-13,79.96,79.96,88.37,79.96
2021-05-14,87.02,87.02,90.01,87.02
2021-05-15,75.65,75.65,78.0,72.64
2021-05-16,84.89,70.99,79.16,70.99
2021-05-17,101.51,89.91,89.91,94.65
2021-05-18,90.07,90.07,90.07,90.07
2021-05-19,101.82,97.01,97.01,97.01
2021-05-20,94.9,94.9,94.9,94.9
2021-05-21,66.22,66.22,90.09,86.01
2021-05-22,48.8,69.47,72.69,80.43
2021-05-23,80.34,74.9,77.68,80.0
2021-05-24,76.23,68.17,90.0,85.56
2021-05-25,84.65,84.65,85.0,84.65
2021-05-26,84.59,90.0,97.0,90.0
2021-05-27,88.87,91.24,98.53,91.96
2021-05-28,93.01,93.01,97.0,96.51
2021-05-29,72.02,72.02,72.02,89.8
2021-05-30,79.29,72.04,79.82,93.84
2021-05-31,86.73,86.73,86.73,95.0
2021-06-01,87.1,87.1,87.1,92.54
2021-06-02,83.34,83.34,83.34,92.76
2021-06-03,82.03,82.03,82.03,89.18
2021-06-04,85.9,85.9,88.6,89.18
2021-06-05,76.01,76.01,77.0,84.55
2021-06-06,80.1,80.1,85.57,85.93
2021-06-07,90.0,90.0,90.0,90.0
2021-06-08,99.32,93.85,93.85,93.85
2021-06-09,98.51,88.11,88.11,88.11
2021-06-10,97.19,92.5,96.11,92.5
2021-06-11,97.69,92.26,92.26,92.26
2021-06-12,65.98,73.81,82.0,91.88
2021-06-13,87.03,83.54,97.03,95.0
2021-06-14,102.28,98.35,98.35,98.35
2021-06-15,100.0,100.0,100.0,100.0
2021-06-16,118.05,118.05,118.05,105.51
2021-06-17,112.23,112.23,112.23,102.37
2021-06-18,100.02,100.02,100.02,100.02
2021-06-19,92.75,92.75,92.75,92.75
2021-06-20,88.13,88.13,96.0,88.13
2021-06-21,94.07,94.07,100.0,94.07
2021-06-22,100.46,96.0,100.09,96.0
2021-06-23,139.72,95.0,120.0,95.0
2021-06-24,129.54,119.81,120.01,94.32
2021-06-25,109.08,98.35,120.24,98.35
2021-06-26,95.95,91.66,94.91,93.35
2021-06-27,95.0,92.91,98.0,92.91
2021-06-28,123.96,123.96,123.96,98.98
2021-06-29,111.03,104.04,139.07,103.49
2021-06-30,108.0,99.97,119.96,99.93
2021-07-01,103.77,98.19,109.75,100.0
2021-07-02,122.5,110.0,123.11,110.0
2021-07-03,107.43,106.95,116.34,106.95
2021-07-04,104.92,104.92,104.92,104.92
2021-07-05,118.0,111.72,115.77,105.69
2021-07-06,103.97,103.97,120.0,104.73
2021-07-07,133.48,133.48,133.48,108.01
2021-07-08,150.0,106.82,120.07,102.1
2021-07-09,107.97,107.63,107.96,107.63
2021-07-10,100.05,100.05,100.05,100.05
2021-07-11,103.63,103.63,103.99,103.63
2021-07-12,120.49,120.49,120.49,105.98
2021-07-13,109.88,109.88,125.91,106.97
2021-07-14,111.11,95.41,110.55,95.41
2021-07-15,105.0,96.7,109.9,98.0
2021-07-16,101.87,101.55,116.85,101.55
2021-07-17,81.06,86.59,94.32,101.3
2021-07-18,94.19,94.19,98.0,100.38
2021-07-19,115.2,109.28,112.72,109.28
2021-07-20,114.85,111.36,120.31,111.36
2021-07-21,113.59,110.64,113.59,110.64
2021-07-22,105.25,105.25,114.04,106.04
2021-07-23,106.91,106.91,126.73,106.91
2021-07-24,90.21,91.36,106.32,106.23
2021-07-25,91.86,91.86,94.0,111.09
2021-07-26,109.0,108.23,127.0,108.23
2021-07-27,111.94,100.98,131.0,104.54
2021-07-28,111.86,94.95,135.0,109.58
2021-07-29,95.98,95.98,139.87,107.25
2021-07-30,116.17,84.39,125.09,104.02
2021-07-31,70.91,76.55,118.73,76.65
2021-08-01,80.0,82.89,102.59,110.68
2021-08-02,117.52,108.41,118.53,108.41
2021-08-03,130.0,112.76,127.0,113.51
2021-08-04,128.94,115.0,129.09,116.86
2021-08-05,126.2,112.66,118.53,115.27
2021-08-06,94.98,80.98,120.95,108.01
2021-08-07,80.08,69.0,99.62,101.24
2021-08-08,68.05,68.05,107.27,108.56
2021-08-09,107.61,107.61,107.61,114.07
2021-08-10,137.17,120.0,120.0,120.0
2021-08-11,140.02,125.43,142.5,125.43
2021-08-12,145.0,130.0,133.55,130.0
2021-08-13,124.0,121.93,126.0,128.54
2021-08-14,88.56,101.16,125.41,130.0
2021-08-15,94.95,87.61,140.0,123.09
2021-08-16,100.48,92.93,135.69,109.35
2021-08-17,92.71,100.5,131.4,120.0
2021-08-18,98.1,101.19,130.98,126.84
2021-08-19,128.12,128.12,128.12,129.37
2021-08-20,126.14,126.14,129.0,126.14
2021-08-21,112.17,112.17,123.31,123.0
2021-08-22,97.96,97.96,134.62,108.39
2021-08-23,115.94,114.59,125.0,115.54
2021-08-24,122.5,110.63,144.48,120.35
2021-08-25,107.28,116.17,129.69,129.15
2021-08-26,124.65,124.65,150.0,129.81
2021-08-27,117.19,117.19,126.0,128.29
2021-08-28,101.32,101.32,120.54,125.01
2021-08-29,101.66,101.66,115.3,128.41
2021-08-30,132.92,132.92,145.24,132.92
2021-08-31,137.02,137.02,141.47,137.46
2021-09-01,145.91,138.41,142.16,140.6
2021-09-02,158.51,143.41,161.59,148.0
2021-09-03,143.93,143.93,170.0,150.0
2021-09-04,142.55,142.55,145.64,152.27
2021-09-05,139.07,139.07,139.07,155.0
2021-09-06,190.68,153.63,153.63,153.63
2021-09-07,180.0,153.45,168.04,153.45
2021-09-08,165.78,152.36,165.78,152.36
2021-09-09,174.23,155.62,174.23,155.62
2021-09-10,162.27,159.31,165.0,159.31
2021-09-11,155.09,155.09,155.64,165.0
2021-09-12,154.17,159.37,159.37,167.53
2021-09-13,200.88,170.0,174.25,170.0
2021-09-14,188.2,171.58,177.82,172.0
2021-09-15,196.58,196.58,200.0,192.83
2021-09-16,198.02,198.02,212.0,198.85
2021-09-17,188.17,188.17,188.17,188.17
2021-09-18,179.91,179.91,195.0,187.18
2021-09-19,170.63,170.63,171.48,187.92
2021-09-20,205.0,188.64,205.0,188.64
2021-09-21,190.0,190.0,235.0,190.0
2021-09-22,213.81,196.57,250.0,196.57
2021-09-23,153.86,192.52,230.0,192.52
2021-09-24,181.21,190.0,250.0,190.0
2021-09-25,208.01,188.17,198.09,188.17
2021-09-26,185.85,185.85,185.85,199.0
2021-09-27,190.84,190.84,210.0,195.26
2021-09-28,237.01,237.01,237.01,195.33
2021-09-29,204.51,204.51,256.29,208.47
2021-09-30,219.93,219.93,250.0,223.42
2021-10-01,194.09,194.09,250.0,234.37
2021-10-02,164.92,164.92,290.0,224.0
2021-10-03,153.84,153.84,233.83,210.98
2021-10-04,230.0,230.0,265.85,249.0
2021-10-05,229.05,229.05,240.0,256.47
2021-10-06,290.97,290.97,300.0,280.0
2021-10-07,442.9,393.1,393.1,319.03
2021-10-08,291.42,291.42,312.7,290.0
2021-10-09,239.22,252.32,254.62,254.45
2021-10-10,240.57,240.57,240.57,251.6
2021-10-11,260.02,260.02,290.0,241.27
2021-10-12,248.08,248.08,290.0,226.74
2021-10-13,287.31,287.31,301.65,240.0
2021-10-14,260.0,260.0,312.67,260.0
2021-10-15,249.22,273.33,293.36,265.0
2021-10-16,253.06,253.06,313.0,264.54
2021-10-17,238.29,238.29,265.29,270.0
2021-10-18,268.32,268.32,320.04,280.0
2021-10-19,235.68,235.82,350.0,256.33
2021-10-20,132.17,228.31,313.0,261.53
2021-10-21,118.21,272.47,272.47,250.0
2021-10-22,121.06,259.94,312.66,255.5
2021-10-23,256.47,256.47,280.0,256.95
2021-10-24,191.19,242.15,242.15,271.8
2021-10-25,262.0,262.0,262.0,262.0
2021-10-26,245.91,266.11,313.01,270.0
2021-10-27,235.27,263.29,270.01,263.29
2021-10-28,250.34,250.34,259.08,252.33
2021-10-29,199.36,216.53,255.0,216.53
2021-10-30,117.65,186.21,245.0,192.07
2021-10-31,79.13,148.0,241.92,148.0
2021-11-01,183.0,183.0,183.13,183.0
2021-11-02,312.67,312.67,312.67,223.55
2021-11-03,274.33,274.33,280.0,202.9
2021-11-04,213.77,213.77,250.0,199.64
2021-11-05,202.98,235.57,255.0,203.24
2021-11-06,105.0,209.1,209.1,190.31
2021-11-07,93.52,200.07,239.0,194.8
2021-11-08,299.9,299.9,299.9,203.71
2021-11-09,223.88,255.0,259.24,220.01
2021-11-10,295.0,302.8,302.8,230.01
2021-11-11,252.12,252.12,280.0,234.0
2021-11-12,214.77,224.31,264.51,211.05
2021-11-13,220.0,220.0,220.0,220.0
2021-11-14,206.21,206.21,206.21,206.21
2021-11-15,300.01,300.01,300.01,235.0
2021-11-16,301.0,301.0,301.0,250.0
2021-11-17,238.8,256.23,300.0,249.9
2021-11-18,243.1,285.0,290.1,276.63
2021-11-19,193.7,294.33,294.33,266.08
2021-11-20,199.97,298.4,298.4,269.66
2021-11-21,247.76,257.63,257.63,257.63
2021-11-22,318.87,318.87,318.87,264.7
2021-11-23,348.21,348.21,348.21,277.77
2021-11-24,385.0,419.62,385.0,265.0
2021-11-25,352.11,375.0,355.71,256.94
2021-11-26,288.99,346.37,346.37,251.32
2021-11-27,270.8,277.33,277.33,243.63
2021-11-28,247.94,247.94,247.94,247.94
2021-11-29,421.87,421.87,421.87,290.0
2021-11-30,232.6,330.05,330.05,309.3
2021-12-01,115.82,350.0,350.0,280.57
2021-12-02,354.98,354.98,354.98,277.98
2021-12-03,256.41,363.54,363.54,272.98
2021-12-04,243.05,250.0,250.0,250.0
2021-12-05,260.0,326.9,320.0,251.65
2021-12-06,371.54,371.54,363.67,273.61
2021-12-07,299.15,340.0,340.0,237.21
2021-12-08,292.0,307.1,307.1,238.75
2021-12-09,355.69,355.69,355.69,252.59
2021-12-10,300.04,304.99,317.99,262.16
2021-12-11,294.98,294.94,294.94,292.0
2021-12-12,290.3,298.0,298.0,298.0
2021-12-13,353.73,382.17,382.17,315.43
2021-12-14,400.0,400.0,400.0,320.0
2021-12-15,402.0,417.26,417.26,319.13
2021-12-16,425.0,425.0,425.0,345.0
2021-12-17,403.92,403.92,403.92,350.0
2021-12-18,335.28,427.01,405.48,342.03
2021-12-19,328.0,420.0,420.0,350.0
2021-12-20,465.98,465.98,460.07,375.0
2021-12-21,620.0,620.0,513.58,370.0
2021-12-22,529.2,577.87,555.0,386.1
2021-12-23,450.06,480.0,480.0,409.0
2021-12-24,278.57,373.34,345.9,373.34
2021-12-25,245.1,280.0,266.6,315.12
2021-12-26,217.55,258.52,258.52,241.25
2021-12-27,210.04,210.04,300.0,207.1
2021-12-28,150.06,150.06,238.47,176.03
2021-12-29,205.7,205.7,274.1,255.0
2021-12-30,103.37,216.71,224.3,252.22
2021-12-31,62.23,193.15,233.93,193.15
2022-01-01,149.97,149.97,214.66,190.81
2022-01-02,70.09,70.09,245.0,209.1
2022-01-03,148.49,180.36,300.0,189.26
2022-01-04,190.0,190.0,201.21,190.0
2022-01-05,148.09,265.0,265.0,250.34
2022-01-06,274.11,278.36,278.36,278.36
2022-01-07,253.81,260.0,270.0,270.02
2022-01-08,231.0,231.0,300.0,237.86
2022-01-09,243.94,243.94,269.6,240.0
2022-01-10,315.47,315.0,315.0,294.98
2022-01-11,316.4,316.4,316.4,262.66
2022-01-12,300.1,300.1,300.1,261.38
2022-01-13,235.9,274.0,274.0,262.95
2022-01-14,262.0,292.5,292.5,235.01
2022-01-15,267.03,267.03,267.03,267.03
2022-01-16,216.0,265.36,265.36,265.36
2022-01-17,254.37,306.09,299.03,285.68
2022-01-18,294.4,294.4,294.4,272.22
2022-01-19,261.65,285.36,285.36,259.81
2022-01-20,192.74,281.62,281.62,239.38
2022-01-21,223.15,266.0,266.0,214.7
2022-01-22,230.82,245.27,245.27,245.27
2022-01-23,242.97,244.31,244.31,249.0
2022-01-24,341.85,341.85,341.85,297.33
2022-01-25,399.85,399.06,399.06,256.36
2022-01-26,312.69,361.92,361.92,250.0
2022-01-27,141.17,353.56,353.56,249.01
2022-01-28,260.0,327.68,330.0,255.38
2022-01-29,123.02,263.03,331.0,263.03
2022-01-30,171.74,263.39,263.39,268.65
2022-01-31,253.93,260.0,270.0,260.0
2022-02-01,243.72,257.15,300.1,253.0
2022-02-02,266.9,266.9,266.9,270.09
2022-02-03,237.78,246.0,275.56,246.0
2022-02-04,219.12,233.34,311.3,233.34
2022-02-05,150.6,226.5,310.0,226.5
2022-02-06,125.0,214.05,250.0,246.43
2022-02-07,169.94,261.17,261.17,253.61
2022-02-08,209.56,250.0,251.4,250.0
2022-02-09,257.28,257.28,307.25,257.28
2022-02-10,240.32,248.01,261.7,248.01
2022-02-11,243.35,245.39,294.0,241.18
2022-02-12,194.89,231.55,231.55,231.55
2022-02-13,119.11,191.08,265.31,214.23
2022-02-14,197.13,248.71,253.98,248.71
2022-02-15,250.06,250.79,192.02,250.79
2022-02-16,194.83,196.78,299.67,236.73
2022-02-17,123.22,213.27,213.27,268.12
2022-02-18,189.28,200.0,273.62,215.0
2022-02-19,121.97,170.15,205.79,204.79
2022-02-20,99.9,150.36,251.0,225.0
2022-02-21,135.59,218.02,218.02,237.0
2022-02-22,211.59,211.59,245.0,221.7
2022-02-23,236.86,236.86,245.0,244.08
2022-02-24,184.77,234.49,274.0,234.49
2022-02-25,198.07,349.0,349.0,300.0
2022-02-26,300.7,300.7,300.7,300.7
2022-02-27,275.76,279.84,279.84,350.0
2022-02-28,322.9,322.9,322.9,346.0
2022-03-01,362.75,362.75,362.75,315.87
2022-03-02,385.0,383.34,385.0,331.16
2022-03-03,410.0,410.0,407.0,400.0
2022-03-04,410.05,410.05,410.05,410.0
2022-03-05,409.3,409.3,409.3,409.3
2022-03-06,454.28,454.28,451.3,470.01
2022-03-07,522.91,515.01,583.0,500.0
2022-03-08,700.0,700.0,700.0,700.0
2022-03-09,605.0,605.0,605.0,605.0
