,DE_LU_Eprice_min,FR_Eprice_min,IT_NORD_Eprice_min,ES_Eprice_min
2019-01-01,-33.57,20.9,20.0,55.47
2019-01-02,-48.93,25.84,36.0,45.24
2019-01-03,43.88,43.88,43.88,50.2
2019-01-04,26.9,47.0,47.0,54.85
2019-01-05,18.37,52.57,53.5,58.31
2019-01-06,44.23,47.17,47.17,47.17
2019-01-07,1.84,46.08,50.0,50.5
2019-01-08,7.78,27.4,61.0,50.5
2019-01-09,3.43,27.83,60.55,49.4
2019-01-10,47.11,48.5,53.55,48.5
2019-01-11,42.2,49.98,57.12,49.98
2019-01-12,23.35,42.51,56.63,51.4
2019-01-13,-7.28,26.48,49.58,49.91
2019-01-14,-15.04,23.49,39.75,50.47
2019-01-15,29.23,37.58,52.43,54.9
2019-01-16,26.35,44.68,59.01,61.07
2019-01-17,22.77,32.58,56.26,52.2
2019-01-18,40.91,48.0,55.0,58.07
2019-01-19,47.74,55.55,60.37,55.55
2019-01-20,46.69,51.52,58.59,51.52
2019-01-21,51.14,51.14,54.48,51.14
2019-01-22,51.96,52.1,61.14,51.57
2019-01-23,51.02,51.02,60.39,49.05
2019-01-24,56.37,56.52,62.9,49.05
2019-01-25,42.9,55.28,55.32,51.77
2019-01-26,28.42,44.51,49.9,50.97
2019-01-27,3.65,18.98,49.9,19.74
2019-01-28,37.8,37.8,37.8,37.8
2019-01-29,44.59,45.97,55.0,45.97
2019-01-30,42.74,42.74,55.33,42.74
2019-01-31,43.55,45.08,49.0,44.1
2019-02-01,41.1,41.1,49.62,41.1
2019-02-02,42.6,42.6,42.71,20.45
2019-02-03,38.47,38.47,40.0,38.47
2019-02-04,32.51,38.55,50.4,38.55
2019-02-05,36.71,42.8,47.61,48.77
2019-02-06,40.4,40.4,41.19,52.73
2019-02-07,32.73,37.0,54.14,43.97
2019-02-08,0.02,34.96,52.99,47.53
2019-02-09,-4.09,15.7,51.72,41.72
2019-02-10,-0.01,15.6,30.0,15.6
2019-02-11,-3.95,18.72,18.72,41.72
2019-02-12,29.71,38.12,42.1,50.0
2019-02-13,33.31,37.68,40.0,57.01
2019-02-14,38.47,38.47,42.0,48.0
2019-02-15,35.42,40.19,44.4,45.57
2019-02-16,31.09,36.52,40.8,43.39
2019-02-17,35.09,35.09,35.09,36.13
2019-02-18,35.87,36.23,42.79,45.37
2019-02-19,35.26,36.0,49.67,52.6
2019-02-20,32.95,35.2,48.89,53.1
2019-02-21,35.36,35.36,51.3,47.67
2019-02-22,38.04,38.04,47.73,45.52
2019-02-23,35.32,35.5,36.26,46.87
2019-02-24,34.54,34.54,34.54,45.0
2019-02-25,36.06,36.06,36.37,46.36
2019-02-26,35.88,35.88,47.04,46.36
2019-02-27,29.78,34.68,38.0,42.1
2019-02-28,27.61,29.53,47.36,43.1
2019-03-01,36.27,33.18,44.14,50.77
2019-03-02,22.77,26.83,39.48,38.9
2019-03-03,-2.81,8.37,44.97,21.0
2019-03-04,-7.0,3.52,36.32,3.52
2019-03-05,-4.95,19.94,40.57,36.08
2019-03-06,25.05,25.68,48.77,25.68
2019-03-07,7.01,21.59,42.24,34.27
2019-03-08,-4.97,23.26,44.0,52.29
2019-03-09,-23.04,10.85,39.35,51.14
2019-03-10,-12.55,6.54,33.02,39.71
2019-03-11,16.21,19.06,23.2,39.71
2019-03-12,0.36,26.85,46.5,40.69
2019-03-13,-0.07,11.78,48.25,36.08
2019-03-14,11.91,23.72,46.75,45.15
2019-03-15,-1.0,12.12,45.87,51.64
2019-03-16,-2.68,6.35,25.0,40.07
2019-03-17,-20.23,-10.99,43.9,5.48
2019-03-18,6.03,19.08,35.0,38.69
2019-03-19,36.42,36.42,51.05,41.29
2019-03-20,34.33,34.33,47.93,39.37
2019-03-21,33.04,33.04,43.7,44.01
2019-03-22,34.3,34.3,44.53,54.8
2019-03-23,28.25,28.52,28.52,43.43
2019-03-24,23.79,23.79,37.15,39.0
2019-03-25,20.89,21.12,37.16,30.0
2019-03-26,30.01,30.21,38.0,30.21
2019-03-27,32.73,32.73,39.99,36.62
2019-03-28,33.12,32.86,38.97,43.44
2019-03-29,32.4,32.4,44.48,50.53
2019-03-30,25.45,26.66,26.79,48.01
2019-03-31,1.02,-11.58,35.98,45.94
2019-04-01,26.93,26.5,35.5,55.48
2019-04-02,25.16,26.13,46.22,53.41
2019-04-03,31.08,31.08,44.15,41.73
2019-04-04,32.59,33.0,40.0,44.45
2019-04-05,33.76,36.14,38.0,40.76
2019-04-06,31.02,31.62,40.0,37.27
2019-04-07,28.03,28.03,39.05,38.3
2019-04-08,34.69,36.3,36.3,42.51
2019-04-09,34.96,34.96,42.45,41.95
2019-04-10,35.78,35.78,42.24,41.33
2019-04-11,36.52,36.52,46.26,47.81
2019-04-12,37.22,37.22,52.6,53.0
2019-04-13,35.08,35.65,50.42,52.07
2019-04-14,28.97,30.59,48.4,45.1
2019-04-15,30.43,35.91,41.21,42.05
2019-04-16,32.95,35.06,48.99,45.04
2019-04-17,34.09,35.02,48.07,35.36
2019-04-18,27.12,32.67,45.76,36.5
2019-04-19,5.02,25.45,38.49,25.45
2019-04-20,21.03,20.0,21.03,20.0
2019-04-21,6.27,6.27,6.27,28.62
2019-04-22,-83.01,-4.1,10.0,40.51
2019-04-23,-11.03,1.85,37.11,34.0
2019-04-24,17.95,18.38,41.0,26.1
2019-04-25,27.22,0.51,30.0,5.0
2019-04-26,30.1,25.77,39.0,25.77
2019-04-27,24.95,10.49,24.95,52.34
2019-04-28,29.0,23.82,28.0,47.23
2019-04-29,34.0,31.9,35.01,52.49
2019-04-30,34.44,34.44,45.53,55.88
2019-05-01,-2.82,7.18,21.86,36.0
2019-05-02,25.71,26.97,43.7,32.0
2019-05-03,32.48,32.48,48.0,41.34
2019-05-04,32.02,28.59,44.81,29.0
2019-05-05,15.71,18.58,34.03,20.0
2019-05-06,33.07,33.87,35.0,43.47
2019-05-07,39.03,39.03,47.9,39.03
2019-05-08,32.01,32.01,50.63,32.01
2019-05-09,30.26,30.26,47.99,30.26
2019-05-10,37.06,37.17,46.38,37.17
2019-05-11,29.56,23.55,40.0,34.8
2019-05-12,-22.96,-12.27,35.51,24.04
2019-05-13,29.37,30.35,44.73,34.3
2019-05-14,33.84,33.84,46.2,40.9
2019-05-15,34.28,34.28,45.02,50.21
2019-05-16,32.07,32.07,43.89,36.5
2019-05-17,33.79,33.79,42.95,33.79
2019-05-18,32.36,32.36,39.5,35.01
2019-05-19,27.41,27.41,33.37,36.75
2019-05-20,33.77,33.51,33.77,42.72
2019-05-21,31.49,31.49,35.27,54.49
2019-05-22,29.0,29.0,40.63,55.56
2019-05-23,31.85,27.41,39.92,50.0
2019-05-24,34.79,25.69,37.8,40.0
2019-05-25,31.35,31.35,33.87,38.8
2019-05-26,-13.95,-7.3,29.46,34.0
2019-05-27,12.2,14.09,20.0,41.77
2019-05-28,33.07,24.17,33.07,40.99
2019-05-29,28.41,23.53,30.32,40.81
2019-05-30,0.03,7.03,33.0,41.9
2019-05-31,27.08,26.28,37.59,48.76
2019-06-01,18.33,19.13,20.85,44.57
2019-06-02,-9.02,-9.02,10.0,40.51
2019-06-03,19.64,14.51,34.2,48.1
2019-06-04,26.06,24.49,30.69,43.2
2019-06-05,24.54,24.54,30.0,38.89
2019-06-06,24.03,23.06,30.0,31.08
2019-06-07,-19.95,0.9,32.09,26.73
2019-06-08,-90.01,-24.92,18.7,42.29
2019-06-09,5.28,10.8,13.87,37.0
2019-06-10,25.83,25.83,25.83,37.0
2019-06-11,25.92,24.6,30.01,41.1
2019-06-12,28.34,27.58,30.01,42.37
2019-06-13,27.38,17.2,28.32,40.01
2019-06-14,28.24,17.6,27.01,40.01
2019-06-15,23.54,19.31,24.99,40.01
2019-06-16,23.1,14.06,25.6,41.63
2019-06-17,29.48,18.01,27.36,45.94
2019-06-18,30.05,15.64,41.96,38.13
2019-06-19,30.23,17.31,37.59,40.01
2019-06-20,28.54,21.04,32.17,41.77
2019-06-21,31.91,17.91,30.8,41.87
2019-06-22,26.76,12.62,30.4,42.51
2019-06-23,-5.34,-0.92,24.2,35.0
2019-06-24,22.22,16.5,24.6,46.32
2019-06-25,22.86,15.09,39.85,46.04
2019-06-26,26.53,14.29,44.42,43.01
2019-06-27,25.03,14.64,49.0,45.54
2019-06-28,31.63,16.85,44.46,49.5
2019-06-29,25.06,22.51,37.01,45.91
2019-06-30,-39.97,-5.12,28.6,42.84
2019-07-01,24.94,16.27,41.96,40.9
2019-07-02,24.75,24.75,50.81,40.66
2019-07-03,27.37,18.99,44.72,42.49
2019-07-04,28.06,15.76,44.58,47.0
2019-07-05,27.64,27.64,40.84,54.0
2019-07-06,24.94,24.45,40.99,44.87
2019-07-07,6.77,11.6,34.3,42.41
2019-07-08,29.55,21.38,35.01,40.17
2019-07-09,29.43,20.95,42.01,46.5
2019-07-10,32.92,26.49,43.59,42.01
2019-07-11,35.0,27.86,42.0,49.0
2019-07-12,37.33,26.81,42.73,53.05
2019-07-13,33.51,28.75,38.49,46.6
2019-07-14,32.04,25.58,34.04,43.0
2019-07-15,34.93,25.98,36.0,42.89
2019-07-16,33.13,33.13,41.89,43.59
2019-07-17,37.28,37.28,40.0,45.63
2019-07-18,37.06,27.89,38.68,45.96
2019-07-19,36.66,29.75,41.42,47.07
2019-07-20,27.79,27.63,36.56,45.0
2019-07-21,9.75,16.98,32.84,43.0
2019-07-22,34.16,22.77,36.23,52.0
2019-07-23,36.32,32.84,42.0,50.19
2019-07-24,37.94,35.34,41.47,50.68
2019-07-25,37.73,37.73,44.46,45.0
2019-07-26,36.37,36.37,46.99,45.2
2019-07-27,30.02,30.02,38.22,40.5
2019-07-28,25.6,25.6,30.2,40.05
2019-07-29,32.46,26.59,32.46,40.05
2019-07-30,37.54,16.06,39.45,39.1
2019-07-31,35.78,14.96,40.0,39.4
2019-08-01,36.64,31.37,39.0,42.0
2019-08-02,36.94,29.57,38.48,42.0
2019-08-03,30.1,28.02,37.31,43.03
2019-08-04,28.26,28.26,35.01,41.75
2019-08-05,34.92,22.32,40.15,45.6
2019-08-06,33.69,30.37,41.52,46.21
2019-08-07,31.35,25.73,40.49,41.75
2019-08-08,27.97,25.37,37.0,42.0
2019-08-09,29.09,8.9,40.0,36.69
2019-08-10,-49.62,4.18,37.55,42.66
2019-08-11,-35.75,8.06,37.07,38.0
2019-08-12,27.5,21.46,38.37,36.1
2019-08-13,29.34,22.73,35.9,35.0
2019-08-14,27.12,25.03,33.13,38.69
2019-08-15,23.18,13.59,20.0,36.57
2019-08-16,25.65,18.16,28.0,41.64
2019-08-17,12.21,12.01,31.5,36.74
2019-08-18,8.53,9.67,31.14,34.93
2019-08-19,26.86,20.68,33.87,33.25
2019-08-20,28.67,22.56,36.0,32.67
2019-08-21,31.23,22.6,36.71,32.0
2019-08-22,29.41,22.41,35.96,32.0
2019-08-23,30.03,20.97,36.4,33.5
2019-08-24,26.83,26.83,35.0,39.0
2019-08-25,25.01,24.13,30.0,34.57
2019-08-26,32.06,26.43,36.81,34.7
2019-08-27,34.67,32.69,42.56,48.1
2019-08-28,34.84,32.29,46.18,49.0
2019-08-29,33.1,30.53,46.0,47.29
2019-08-30,32.25,24.4,43.81,46.02
2019-08-31,26.7,23.14,42.82,39.51
2019-09-01,25.29,25.06,40.1,30.5
2019-09-02,25.0,25.0,38.3,25.0
2019-09-03,24.1,24.1,39.0,32.9
2019-09-04,25.96,19.36,37.52,32.58
2019-09-05,24.09,20.33,39.0,28.5
2019-09-06,24.36,20.72,40.63,26.21
2019-09-07,29.19,27.09,34.88,27.09
2019-09-08,31.92,14.25,32.2,27.1
2019-09-09,32.09,29.72,34.05,32.45
2019-09-10,29.9,27.56,42.71,27.56
2019-09-11,27.21,17.35,41.64,26.0
2019-09-12,26.89,26.07,42.03,28.75
2019-09-13,26.24,26.24,40.25,29.61
2019-09-14,28.02,22.33,37.61,30.61
2019-09-15,-7.45,11.63,36.46,31.41
2019-09-16,30.43,30.43,39.12,38.75
2019-09-17,17.88,27.16,39.12,49.03
2019-09-18,26.09,26.74,42.68,47.5
2019-09-19,30.36,27.62,41.62,45.48
2019-09-20,30.01,20.84,39.77,45.1
2019-09-21,26.7,15.78,33.35,34.6
2019-09-22,24.9,13.59,35.81,29.86
2019-09-23,27.24,22.63,31.9,35.55
2019-09-24,33.17,19.97,38.92,32.95
2019-09-25,32.92,16.01,39.93,34.95
2019-09-26,27.95,20.18,39.29,45.54
2019-09-27,24.5,17.95,42.0,46.49
2019-09-28,-2.97,13.63,39.0,37.83
2019-09-29,-12.77,0.82,35.03,35.26
2019-09-30,-37.29,7.07,30.5,44.45
2019-10-01,30.04,15.66,41.88,35.75
2019-10-02,26.21,14.68,40.42,33.0
2019-10-03,25.3,25.3,39.7,40.8
2019-10-04,28.3,12.25,39.57,50.15
2019-10-05,27.33,27.52,37.5,42.8
2019-10-06,27.0,26.41,35.8,39.12
2019-10-07,27.0,24.91,42.05,43.01
2019-10-08,22.02,20.71,41.14,45.05
2019-10-09,19.44,19.44,43.55,40.99
2019-10-10,18.26,18.26,43.35,38.75
2019-10-11,0.03,12.57,44.62,43.56
2019-10-12,-4.91,7.15,32.79,30.0
2019-10-13,-8.25,8.52,33.41,30.0
2019-10-14,9.31,15.17,34.0,29.07
2019-10-15,24.27,24.27,39.43,24.27
2019-10-16,27.65,28.1,38.29,34.11
2019-10-17,26.34,26.34,41.81,35.99
2019-10-18,27.04,20.69,41.67,36.0
2019-10-19,23.9,23.9,37.04,35.1
2019-10-20,26.3,26.3,30.35,32.3
2019-10-21,25.7,25.7,27.71,44.19
2019-10-22,31.84,31.84,39.79,33.5
2019-10-23,30.09,30.09,36.71,31.4
2019-10-24,25.27,25.27,30.38,35.91
2019-10-25,18.84,24.42,29.99,39.61
2019-10-26,-34.57,13.84,30.84,38.99
2019-10-27,-29.97,11.58,33.02,39.98
2019-10-28,26.6,27.64,27.64,45.57
2019-10-29,35.17,35.17,35.83,47.05
2019-10-30,35.58,35.58,35.58,41.21
2019-10-31,33.16,32.54,33.16,38.1
2019-11-01,25.79,26.14,34.74,27.31
2019-11-02,15.1,16.45,24.94,16.45
2019-11-03,1.4,6.66,7.13,6.2
2019-11-04,22.28,11.32,11.32,5.95
2019-11-05,24.99,24.99,24.99,8.45
2019-11-06,33.79,33.79,33.79,33.79
2019-11-07,32.67,32.11,32.11,32.11
2019-11-08,31.82,31.82,31.82,28.8
2019-11-09,36.13,36.13,36.2,34.31
2019-11-10,33.86,33.86,33.86,29.0
2019-11-11,26.09,34.75,34.75,34.75
2019-11-12,29.1,32.53,32.53,38.65
2019-11-13,34.83,36.32,36.32,36.32
2019-11-14,29.65,35.37,40.36,35.37
2019-11-15,25.16,37.57,37.57,37.57
2019-11-16,29.06,37.19,37.19,38.56
2019-11-17,24.76,36.3,32.23,36.3
2019-11-18,26.31,35.68,35.68,35.68
2019-11-19,24.29,43.73,43.73,43.73
2019-11-20,38.61,42.4,42.4,45.27
2019-11-21,35.3,41.0,41.27,41.0
2019-11-22,32.31,35.47,39.6,35.47
2019-11-23,13.15,25.16,32.09,25.16
2019-11-24,7.57,30.0,30.0,30.0
2019-11-25,35.38,35.38,35.38,35.38
2019-11-26,35.91,35.91,35.91,35.91
2019-11-27,25.24,30.23,30.23,30.23
2019-11-28,1.94,12.56,29.55,12.56
2019-11-29,11.79,29.83,29.83,33.14
2019-11-30,35.39,35.39,35.39,35.39
2019-12-01,35.86,35.86,35.86,35.86
2019-12-02,34.46,34.46,34.46,34.46
2019-12-03,35.0,38.75,39.68,37.85
2019-12-04,35.0,41.01,41.01,45.89
2019-12-05,24.94,38.72,38.97,38.72
2019-12-06,13.6,40.62,41.76,40.62
2019-12-07,-7.17,37.24,42.5,43.5
2019-12-08,-50.43,12.63,37.5,35.7
2019-12-09,-16.09,0.42,27.86,28.61
2019-12-10,17.85,32.0,35.41,35.41
2019-12-11,0.09,31.95,32.85,34.82
2019-12-12,28.64,31.61,42.3,21.01
2019-12-13,11.27,15.88,36.85,6.25
2019-12-14,0.32,19.64,30.0,19.64
2019-12-15,-5.12,5.41,28.8,5.41
2019-12-16,29.19,29.19,30.0,29.19
2019-12-17,21.95,29.19,31.9,29.19
2019-12-18,25.39,15.0,29.93,15.0
2019-12-19,24.8,2.27,32.46,2.27
2019-12-20,18.11,1.76,27.0,1.76
2019-12-21,7.82,7.82,10.0,0.51
2019-12-22,4.25,4.25,6.76,0.1
2019-12-23,-6.75,1.0,1.0,1.0
2019-12-24,-7.45,-0.47,2.0,0.03
2019-12-25,10.07,4.0,9.5,4.0
2019-12-26,25.58,3.92,21.74,3.92
2019-12-27,28.67,16.6,33.57,16.6
2019-12-28,27.4,20.72,27.37,20.72
2019-12-29,11.07,20.97,20.0,20.97
2019-12-30,1.4,15.07,15.07,21.47
2019-12-31,4.97,28.59,28.59,28.59
2020-01-01,30.0,30.0,30.0,30.0
2020-01-02,21.47,28.42,28.79,28.42
2020-01-03,0.14,22.56,28.5,29.74
2020-01-04,0.07,26.24,34.04,29.84
2020-01-05,29.16,29.16,29.16,29.88
2020-01-06,27.03,27.03,27.03,31.5
2020-01-07,18.95,28.9,35.9,33.01
2020-01-08,0.1,20.35,36.65,33.07
2020-01-09,26.94,27.81,41.2,33.56
2020-01-10,25.81,26.47,40.0,27.65
2020-01-11,20.96,25.26,38.15,34.13
2020-01-12,17.39,20.57,34.9,37.03
2020-01-13,22.59,24.38,37.3,31.86
2020-01-14,1.52,8.66,42.5,29.53
2020-01-15,0.11,10.52,42.61,16.67
2020-01-16,27.36,27.6,38.61,29.72
2020-01-17,22.15,25.71,38.1,25.71
2020-01-18,22.24,26.45,40.0,32.05
2020-01-19,27.26,27.26,35.12,25.8
2020-01-20,31.5,31.5,31.5,14.0
2020-01-21,32.28,34.34,36.02,28.28
2020-01-22,32.42,33.7,40.0,33.7
2020-01-23,36.23,36.24,37.56,44.94
2020-01-24,35.1,36.38,39.98,42.04
2020-01-25,33.01,32.84,37.78,41.96
2020-01-26,27.5,28.48,35.61,33.43
2020-01-27,21.98,21.31,34.7,27.79
2020-01-28,20.08,24.99,34.04,24.99
2020-01-29,19.16,21.55,30.0,29.99
2020-01-30,-0.04,23.61,33.88,25.9
2020-01-31,-8.77,14.71,31.89,26.03
2020-02-01,-11.16,0.53,34.2,18.69
2020-02-02,-16.95,7.68,27.99,11.0
2020-02-03,9.32,6.69,10.51,26.49
2020-02-04,12.96,9.77,24.94,27.1
2020-02-05,23.63,23.63,23.63,23.63
2020-02-06,24.44,24.46,24.46,26.0
2020-02-07,25.21,25.25,35.19,30.55
2020-02-08,20.12,20.12,31.76,32.75
2020-02-09,-16.95,4.85,29.0,23.6
2020-02-10,-16.16,2.58,20.51,16.0
2020-02-11,-1.86,9.89,20.51,37.0
2020-02-12,0.07,14.96,30.38,33.97
2020-02-13,22.8,22.78,31.57,30.65
2020-02-14,25.03,22.77,25.03,37.23
2020-02-15,-5.9,11.82,25.02,27.5
2020-02-16,-32.14,-5.09,26.0,5.1
2020-02-17,-27.53,5.73,25.0,27.0
2020-02-18,8.58,10.38,28.0,31.69
2020-02-19,19.48,19.48,32.16,37.58
2020-02-20,8.03,24.1,24.95,33.18
2020-02-21,7.08,22.53,34.1,29.95
2020-02-22,-10.93,14.15,24.17,36.85
2020-02-23,-4.89,11.46,16.96,30.01
2020-02-24,0.09,15.02,15.02,33.13
2020-02-25,7.03,12.71,26.7,25.97
2020-02-26,23.53,23.53,23.53,24.48
2020-02-27,25.17,25.17,25.17,20.87
2020-02-28,0.4,15.41,25.3,20.01
2020-02-29,-4.92,9.04,25.8,9.04
2020-03-01,-7.85,5.64,10.85,5.64
2020-03-02,19.15,19.15,19.15,9.25
2020-03-03,24.1,24.1,24.1,18.96
2020-03-04,26.8,26.8,26.9,23.57
2020-03-05,24.55,22.49,24.55,21.41
2020-03-06,19.99,19.99,19.99,9.56
2020-03-07,20.8,20.8,26.85,24.0
2020-03-08,8.43,8.67,10.0,22.9
2020-03-09,24.06,24.06,29.63,24.47
2020-03-10,-0.05,13.06,29.71,25.5
2020-03-11,0.07,9.26,30.69,36.19
2020-03-12,-1.58,2.9,24.28,26.3
2020-03-13,0.01,11.98,20.5,22.81
2020-03-14,14.23,19.11,20.01,30.07
2020-03-15,-33.8,-3.21,9.11,14.0
2020-03-16,19.92,19.92,19.92,19.92
2020-03-17,22.02,22.02,22.71,21.8
2020-03-18,20.34,20.34,20.34,23.69
2020-03-19,22.16,20.31,22.16,28.12
2020-03-20,18.23,13.75,21.2,24.09
2020-03-21,0.39,1.95,11.07,22.54
2020-03-22,-55.05,-25.08,12.76,23.5
2020-03-23,9.28,9.28,9.28,23.4
2020-03-24,13.0,13.0,15.0,20.74
2020-03-25,17.57,17.57,19.21,28.01
2020-03-26,15.32,15.71,18.32,16.82
2020-03-27,15.64,15.66,18.25,18.25
2020-03-28,-0.72,-0.02,25.0,24.0
2020-03-29,-15.8,-10.79,17.0,14.0
2020-03-30,15.5,14.37,19.69,13.0
2020-03-31,17.5,15.83,19.01,10.7
2020-04-01,17.3,17.46,18.0,19.25
2020-04-02,4.62,12.65,20.8,17.07
2020-04-03,17.03,17.03,19.4,18.15
2020-04-04,9.88,8.6,9.88,5.5
2020-04-05,-50.26,-21.06,0.0,1.95
2020-04-06,3.66,3.66,17.05,15.0
2020-04-07,12.89,11.71,19.0,16.25
2020-04-08,17.57,10.69,17.17,20.0
2020-04-09,13.19,11.86,15.15,15.59
2020-04-10,9.16,9.16,10.0,14.81
2020-04-11,5.1,5.1,8.29,17.99
2020-04-12,0.0,0.0,0.0,13.5
2020-04-13,-78.15,-75.82,0.0,16.01
2020-04-14,3.9,0.0,17.08,16.0
2020-04-15,4.46,6.36,8.0,12.07
2020-04-16,15.1,7.96,12.0,7.96
2020-04-17,18.07,9.55,25.0,9.55
2020-04-18,12.32,9.89,12.32,15.0
2020-04-19,-26.0,-20.4,5.01,5.05
2020-04-20,-44.25,-23.12,14.79,3.97
2020-04-21,-83.94,-8.65,14.77,4.12
2020-04-22,-29.98,-5.72,19.64,3.5
2020-04-23,14.95,12.69,18.3,12.69
2020-04-24,9.07,10.0,20.0,10.0
2020-04-25,7.76,7.76,0.11,14.01
2020-04-26,5.56,5.56,10.0,11.8
2020-04-27,18.4,13.64,20.27,13.64
2020-04-28,17.58,12.21,15.9,11.5
2020-04-29,15.57,5.95,15.57,5.69
2020-04-30,5.35,5.3,13.64,5.3
2020-05-01,-2.89,1.02,1.02,1.02
2020-05-02,5.25,5.25,5.25,5.25
2020-05-03,5.57,5.57,4.9,7.65
2020-05-04,17.99,10.5,20.14,10.5
2020-05-05,16.12,12.93,19.1,14.27
2020-05-06,16.27,16.02,19.5,20.01
2020-05-07,16.75,17.04,19.0,17.04
2020-05-08,15.04,12.41,16.34,15.74
2020-05-09,14.75,12.5,16.0,12.5
2020-05-10,0.93,0.93,10.0,2.97
2020-05-11,-0.01,-2.24,17.0,10.7
2020-05-12,16.84,16.81,17.0,22.26
2020-05-13,17.91,13.77,17.91,22.67
2020-05-14,16.75,11.07,16.75,17.53
2020-05-15,17.03,10.26,15.14,15.3
2020-05-16,8.87,10.89,14.14,11.03
2020-05-17,-16.76,-11.79,6.95,9.5
2020-05-18,12.85,10.27,12.95,23.13
2020-05-19,15.74,14.88,14.88,23.73
2020-05-20,20.01,14.06,16.0,24.0
2020-05-21,12.14,12.14,12.14,26.46
2020-05-22,11.48,6.69,11.48,26.01
2020-05-23,-2.44,-1.42,8.72,7.94
2020-05-24,-74.97,-48.17,1.0,7.66
2020-05-25,7.59,7.91,8.49,17.72
2020-05-26,19.75,9.3,19.61,17.0
2020-05-27,16.31,10.21,16.31,19.4
2020-05-28,15.48,10.27,15.92,28.52
2020-05-29,15.55,8.62,15.55,28.41
2020-05-30,2.17,2.17,15.0,20.9
2020-05-31,-45.05,-40.79,10.0,23.5
2020-06-01,-48.17,-9.96,14.15,32.9
2020-06-02,14.65,12.88,15.0,32.67
2020-06-03,20.24,14.06,20.19,21.8
2020-06-04,16.8,14.9,16.8,16.0
2020-06-05,1.46,3.73,15.61,21.7
2020-06-06,-4.9,-3.46,12.5,19.9
2020-06-07,10.64,10.64,10.64,10.64
2020-06-08,21.25,20.02,21.08,20.02
2020-06-09,23.48,22.74,23.48,22.74
2020-06-10,21.49,21.36,21.36,24.02
2020-06-11,17.96,17.96,17.96,17.96
2020-06-12,15.2,16.0,16.0,16.0
2020-06-13,15.84,15.84,15.84,15.84
2020-06-14,13.82,14.49,14.49,14.8
2020-06-15,17.4,17.4,18.4,23.07
2020-06-16,24.34,24.34,24.34,23.4
2020-06-17,25.26,25.26,25.26,29.73
2020-06-18,22.82,22.82,22.82,30.72
2020-06-19,22.2,22.2,22.2,27.99
2020-06-20,15.27,15.27,14.9,24.8
2020-06-21,8.26,8.26,8.0,21.4
2020-06-22,20.61,20.61,21.71,21.5
2020-06-23,24.4,24.4,24.4,29.0
2020-06-24,26.76,26.76,26.76,32.72
2020-06-25,25.43,25.43,25.43,34.76
2020-06-26,25.59,25.59,25.59,32.18
2020-06-27,17.52,17.52,17.52,26.13
2020-06-28,0.08,2.23,22.15,26.1
2020-06-29,17.4,17.4,17.4,30.91
2020-06-30,-0.08,20.05,22.99,31.98
2020-07-01,24.16,25.07,25.5,27.5
2020-07-02,27.2,27.2,27.5,27.5
2020-07-03,24.22,24.39,24.39,27.62
2020-07-04,-4.71,11.94,11.94,25.7
2020-07-05,-64.99,-19.17,15.0,21.9
2020-07-06,-3.05,8.39,18.01,18.5
2020-07-07,24.36,27.15,27.15,27.15
2020-07-08,29.55,29.55,29.55,29.55
2020-07-09,30.21,30.0,30.0,30.0
2020-07-10,29.17,29.9,30.0,29.52
2020-07-11,22.42,25.12,25.12,25.74
2020-07-12,14.76,14.76,20.63,24.1
2020-07-13,25.07,25.07,25.07,25.1
2020-07-14,27.45,26.77,28.6,26.77
2020-07-15,28.73,28.73,28.99,26.0
2020-07-16,28.97,27.04,29.0,27.04
2020-07-17,28.68,28.68,28.76,26.5
2020-07-18,23.09,25.43,25.43,25.75
2020-07-19,19.46,19.46,19.46,25.6
2020-07-20,25.11,26.0,26.0,26.0
2020-07-21,22.46,26.51,28.32,26.51
2020-07-22,26.05,26.07,29.84,38.43
2020-07-23,25.63,26.76,28.6,30.07
2020-07-24,22.94,24.69,26.41,28.3
2020-07-25,17.87,21.22,22.85,28.3
2020-07-26,-44.97,7.9,11.49,27.1
2020-07-27,18.71,22.11,24.05,30.32
2020-07-28,0.04,17.11,28.91,29.01
2020-07-29,0.07,25.27,26.79,28.41
2020-07-30,25.55,26.99,28.39,34.0
2020-07-31,24.6,27.45,32.4,32.4
2020-08-01,23.11,27.45,27.45,27.82
2020-08-02,23.86,23.86,25.7,23.86
2020-08-03,25.06,25.06,27.71,27.44
2020-08-04,23.66,23.66,28.0,28.5
2020-08-05,19.5,19.5,30.25,30.3
2020-08-06,23.02,24.06,27.6,29.77
2020-08-07,27.48,27.48,31.43,29.97
2020-08-08,24.02,27.39,27.39,29.77
2020-08-09,23.41,24.4,24.4,28.7
2020-08-10,26.1,26.1,27.1,29.0
2020-08-11,24.34,30.49,30.49,30.49
2020-08-12,24.35,30.09,30.09,30.8
2020-08-13,28.08,27.92,30.67,32.24
2020-08-14,30.07,30.07,30.07,30.07
2020-08-15,26.07,26.07,26.07,26.07
2020-08-16,19.66,19.66,27.4,22.5
2020-08-17,27.75,27.75,27.91,27.75
2020-08-18,29.92,29.92,30.15,29.92
2020-08-19,28.6,28.6,28.6,26.5
2020-08-20,25.01,25.01,28.25,26.5
2020-08-21,20.97,20.97,27.2,25.75
2020-08-22,4.25,7.8,25.99,26.3
2020-08-23,-16.18,6.87,10.0,20.0
2020-08-24,25.5,25.5,25.5,25.5
2020-08-25,3.55,25.13,32.68,31.07
2020-08-26,-3.82,8.65,32.5,30.13
2020-08-27,20.97,37.3,37.3,37.3
2020-08-28,29.17,32.01,35.48,32.01
2020-08-29,28.31,28.31,32.39,20.2
2020-08-30,27.92,29.23,29.23,29.23
2020-08-31,28.43,28.43,28.43,28.43
2020-09-01,34.91,34.91,34.91,35.0
2020-09-02,34.72,34.72,34.72,34.72
2020-09-03,25.71,35.43,35.43,35.43
2020-09-04,25.96,29.55,37.0,32.68
2020-09-05,15.3,29.01,30.5,30.04
2020-09-06,29.39,29.39,30.28,23.27
2020-09-07,28.63,30.53,35.16,30.53
2020-09-08,25.15,30.55,35.36,30.55
2020-09-09,28.97,34.77,37.84,34.77
2020-09-10,29.2,34.4,39.0,34.4
2020-09-11,34.05,36.79,37.47,36.79
2020-09-12,-0.45,32.37,36.0,34.0
2020-09-13,-58.8,26.97,30.45,30.13
2020-09-14,32.32,32.32,32.32,32.32
2020-09-15,37.77,37.77,37.77,37.77
2020-09-16,34.11,37.88,42.0,37.88
2020-09-17,34.32,34.52,36.84,34.52
2020-09-18,31.08,34.19,34.2,34.19
2020-09-19,30.72,30.75,33.29,34.03
2020-09-20,31.02,32.95,32.95,32.95
2020-09-21,35.54,33.64,35.45,36.5
2020-09-22,40.55,40.0,40.0,40.21
2020-09-23,28.44,36.47,37.09,36.47
2020-09-24,19.08,28.61,34.5,23.39
2020-09-25,27.2,27.2,30.71,19.05
2020-09-26,0.75,19.92,25.79,19.6
2020-09-27,12.0,12.0,23.99,12.0
2020-09-28,28.6,28.6,28.6,28.6
2020-09-29,34.79,34.79,34.79,34.79
2020-09-30,34.0,34.07,35.4,34.07
2020-10-01,29.75,29.75,31.1,20.34
2020-10-02,0.07,16.93,31.39,16.0
2020-10-03,-5.73,11.35,17.75,11.3
2020-10-04,-54.97,2.5,4.9,2.5
2020-10-05,6.0,6.0,6.0,14.2
2020-10-06,10.74,10.74,19.01,31.94
2020-10-07,18.58,18.58,18.58,34.21
2020-10-08,10.86,22.02,22.02,35.02
2020-10-09,25.99,29.54,29.54,32.28
2020-10-10,25.18,27.75,27.75,26.25
2020-10-11,25.49,25.49,26.09,20.0
2020-10-12,28.72,28.72,28.72,28.72
2020-10-13,30.26,31.58,35.46,31.58
2020-10-14,27.48,31.16,35.6,27.5
2020-10-15,27.35,29.78,29.78,29.78
2020-10-16,33.02,33.02,33.02,33.02
2020-10-17,31.2,35.59,35.59,36.1
2020-10-18,20.08,31.5,32.53,31.5
2020-10-19,29.04,29.04,33.58,21.64
2020-10-20,24.8,24.8,36.9,24.8
2020-10-21,1.09,26.9,35.8,22.2
2020-10-22,5.42,23.83,31.64,32.68
2020-10-23,29.84,34.35,38.08,34.35
2020-10-24,0.05,5.51,32.3,5.51
2020-10-25,-7.98,-7.72,15.0,1.95
2020-10-26,18.8,18.8,19.5,18.8
2020-10-27,4.79,28.04,28.04,28.04
2020-10-28,0.1,17.68,30.01,32.6
2020-10-29,5.92,8.28,34.96,39.0
2020-10-30,5.43,5.43,35.97,35.04
2020-10-31,22.74,24.86,24.86,26.0
2020-11-01,0.12,3.36,6.0,18.9
2020-11-02,-10.48,-7.97,10.0,26.8
2020-11-03,19.59,19.59,19.59,30.7
2020-11-04,26.85,29.8,29.8,26.8
2020-11-05,30.02,30.02,30.27,24.74
2020-11-06,30.05,30.05,30.05,28.4
2020-11-07,28.7,29.0,32.61,29.0
2020-11-08,31.21,26.84,35.49,26.84
2020-11-09,31.0,31.0,31.0,32.97
2020-11-10,32.0,32.0,34.8,44.55
2020-11-11,32.67,32.65,34.2,34.8
2020-11-12,29.18,29.18,40.0,40.09
2020-11-13,29.38,29.38,37.2,37.02
2020-11-14,4.04,4.04,39.86,30.25
2020-11-15,-0.57,0.13,20.0,8.0
2020-11-16,-5.29,-4.23,29.88,31.3
2020-11-17,25.27,25.53,33.5,35.89
2020-11-18,0.49,21.13,30.0,30.25
2020-11-19,0.01,3.9,35.48,32.02
2020-11-20,32.47,32.76,33.6,31.64
2020-11-21,10.04,30.4,30.4,30.4
2020-11-22,4.44,28.4,29.75,33.3
2020-11-23,31.57,33.02,34.0,40.07
2020-11-24,32.62,36.28,36.37,36.28
2020-11-25,33.26,33.26,36.5,33.5
2020-11-26,36.51,36.57,38.1,36.57
2020-11-27,40.37,40.37,41.89,40.37
2020-11-28,38.9,41.12,41.41,41.97
2020-11-29,35.97,35.97,35.97,35.97
2020-11-30,32.04,38.82,38.82,38.82
2020-12-01,33.16,36.08,39.76,36.49
2020-12-02,41.85,43.42,43.42,37.0
2020-12-03,27.5,31.61,42.9,30.0
2020-12-04,24.6,25.0,40.88,24.04
2020-12-05,35.82,38.28,38.28,38.28
2020-12-06,33.59,33.59,33.59,30.03
2020-12-07,29.44,30.25,30.25,26.99
2020-12-08,37.15,37.28,37.28,1.95
2020-12-09,36.08,36.19,36.19,34.15
2020-12-10,35.88,36.19,36.19,29.5
2020-12-11,33.65,33.59,41.03,19.5
2020-12-12,35.25,35.25,42.99,16.09
2020-12-13,34.01,34.01,34.01,32.6
2020-12-14,25.18,25.18,25.18,29.5
2020-12-15,34.0,34.0,34.0,34.0
2020-12-16,33.28,39.04,43.71,31.28
2020-12-17,33.51,38.8,51.35,44.62
2020-12-18,30.46,35.12,44.38,36.5
2020-12-19,22.97,23.32,43.49,31.0
2020-12-20,29.73,29.01,35.03,34.4
2020-12-21,0.03,10.6,32.93,32.93
2020-12-22,-9.8,-1.75,33.12,35.0
2020-12-23,1.59,7.59,31.13,31.91
2020-12-24,-0.04,0.04,15.0,29.9
2020-12-25,12.57,8.0,8.0,1.95
2020-12-26,-10.08,3.13,17.22,17.22
2020-12-27,-33.58,-9.01,15.0,14.0
2020-12-28,2.75,11.24,11.24,1.95
2020-12-29,29.18,34.06,34.06,18.96
2020-12-30,32.01,33.5,33.5,33.5
2020-12-31,29.24,31.67,30.27,31.67
2021-01-01,39.63,39.63,39.63,35.5
2021-01-02,37.55,37.55,37.55,37.55
2021-01-03,27.39,35.5,35.5,35.5
2021-01-04,24.65,41.62,41.62,41.62
2021-01-05,39.65,44.58,44.58,50.56
2021-01-06,42.15,47.2,47.2,53.51
2021-01-07,46.72,49.35,49.35,58.0
2021-01-08,45.61,50.86,50.86,60.0
2021-01-09,49.1,50.25,50.25,50.25
2021-01-10,37.24,48.45,48.45,48.45
2021-01-11,18.96,46.36,46.36,46.36
2021-01-12,15.82,46.57,49.5,55.18
2021-01-13,30.84,55.43,55.43,61.35
2021-01-14,36.91,43.7,53.51,60.0
2021-01-15,46.6,46.6,46.6,52.7
2021-01-16,47.99,48.52,51.37,52.0
2021-01-17,45.42,45.42,48.14,54.99
2021-01-18,36.68,46.96,46.96,70.0
2021-01-19,29.98,41.31,47.9,50.15
2021-01-20,24.85,28.38,46.0,29.67
2021-01-21,0.02,3.15,41.02,3.15
2021-01-22,11.08,23.03,30.89,23.03
2021-01-23,38.91,38.91,38.91,10.25
2021-01-24,39.78,39.78,39.78,1.95
2021-01-25,42.2,42.2,42.2,32.14
2021-01-26,44.69,46.1,46.83,48.6
2021-01-27,42.04,42.04,47.8,42.04
2021-01-28,42.4,42.4,42.71,42.4
2021-01-29,37.61,29.0,35.31,12.97
2021-01-30,34.86,34.86,34.86,1.95
2021-01-31,38.61,38.61,38.61,0.16
2021-02-01,36.48,34.87,34.87,0.16
2021-02-02,35.58,22.59,40.82,3.19
2021-02-03,29.99,6.4,37.35,6.4
2021-02-04,31.99,31.99,31.99,33.5
2021-02-05,40.52,40.52,42.7,40.52
2021-02-06,-1.24,18.05,45.8,18.05
2021-02-07,-3.84,-2.01,10.0,0.16
2021-02-08,0.09,12.79,12.79,1.29
2021-02-09,46.05,46.05,46.05,1.1
2021-02-10,47.5,47.5,47.5,1.95
2021-02-11,50.02,50.02,50.02,3.84
2021-02-12,47.77,47.68,50.5,10.25
2021-02-13,44.68,44.68,47.79,10.0
2021-02-14,38.46,38.46,38.46,1.95
2021-02-15,31.29,31.29,31.29,0.16
2021-02-16,42.01,42.01,42.35,1.0
2021-02-17,37.4,37.4,44.0,21.75
2021-02-18,36.41,37.1,39.6,3.74
2021-02-19,36.03,36.03,45.01,1.95
2021-02-20,19.11,16.32,43.86,0.16
2021-02-21,12.18,12.18,25.47,1.95
2021-02-22,37.22,37.22,37.22,19.32
2021-02-23,20.62,20.69,46.05,20.69
2021-02-24,15.79,10.65,43.0,1.95
2021-02-25,33.3,33.3,45.0,33.3
2021-02-26,39.0,39.0,43.1,33.9
2021-02-27,36.38,34.42,36.38,14.49
2021-02-28,26.03,25.7,25.7,12.85
2021-03-01,40.03,40.03,40.8,26.6
2021-03-02,42.1,42.1,48.48,42.1
2021-03-03,42.76,43.81,51.08,43.81
2021-03-04,43.39,43.39,49.86,43.39
2021-03-05,42.03,42.03,44.67,42.03
2021-03-06,36.9,36.9,46.58,39.75
2021-03-07,37.52,38.11,47.3,40.0
2021-03-08,43.02,43.02,43.02,42.51
2021-03-09,43.09,43.09,50.31,43.09
2021-03-10,17.8,40.17,49.0,40.17
2021-03-11,0.0,16.75,48.35,16.75
2021-03-12,-5.09,13.09,50.1,24.87
2021-03-13,-8.74,4.04,44.9,4.04
2021-03-14,-2.94,5.0,33.98,5.0
2021-03-15,33.26,33.41,33.41,33.41
2021-03-16,43.08,43.08,51.21,21.6
2021-03-17,44.4,36.46,48.7,8.43
2021-03-18,47.03,47.03,56.84,21.89
2021-03-19,43.16,39.83,57.91,21.1
2021-03-20,39.65,40.98,57.49,12.44
2021-03-21,13.8,21.2,44.4,19.6
2021-03-22,47.01,47.01,47.01,47.01
2021-03-23,47.59,52.56,52.56,55.0
2021-03-24,43.95,46.9,52.07,58.07
2021-03-25,46.07,48.0,52.5,57.49
2021-03-26,34.73,39.96,58.0,43.0
2021-03-27,-49.9,9.69,49.67,26.5
2021-03-28,-49.99,-24.61,46.4,19.0
2021-03-29,17.13,19.69,52.54,19.69
2021-03-30,39.78,39.78,47.51,39.78
2021-03-31,43.09,43.09,46.66,42.2
2021-04-01,36.26,40.53,50.49,40.53
2021-04-02,-20.95,2.39,39.18,35.0
2021-04-03,9.75,3.0,41.1,3.0
2021-04-04,-10.0,0.1,3.49,0.9
2021-04-05,-52.73,0.7,30.0,31.9
2021-04-06,9.9,43.93,43.93,43.93
2021-04-07,37.82,58.0,58.0,58.0
2021-04-08,40.76,57.0,61.9,57.0
2021-04-09,37.97,58.12,61.16,58.12
2021-04-10,46.33,50.01,50.01,55.07
2021-04-11,41.29,41.29,45.5,34.84
2021-04-12,46.34,53.73,53.73,49.6
2021-04-13,41.58,62.36,65.69,62.36
2021-04-14,50.62,61.97,64.78,61.97
2021-04-15,49.1,57.77,64.11,59.18
2021-04-16,51.35,53.66,65.87,53.66
2021-04-17,49.35,50.72,59.17,50.72
2021-04-18,48.97,51.34,61.26,51.34
2021-04-19,56.09,65.16,67.35,65.16
2021-04-20,57.02,66.01,67.35,66.01
2021-04-21,33.38,67.3,68.62,67.3
2021-04-22,0.06,47.95,64.91,65.16
2021-04-23,38.73,41.75,59.61,51.24
2021-04-24,19.51,19.51,49.85,32.07
2021-04-25,-6.94,-6.94,28.66,50.0
2021-04-26,48.34,41.09,59.96,66.36
2021-04-27,45.79,50.32,59.23,66.36
2021-04-28,49.45,53.57,62.29,59.18
2021-04-29,45.0,52.04,59.23,65.0
2021-04-30,57.28,58.94,60.76,64.6
2021-05-01,45.53,45.53,45.53,45.53
2021-05-02,0.01,0.01,3.0,52.0
2021-05-03,37.82,37.82,52.51,52.64
2021-05-04,0.1,0.1,62.5,69.55
2021-05-05,-36.71,36.79,56.0,65.55
2021-05-06,48.6,58.59,58.59,63.05
2021-05-07,52.22,53.06,64.93,56.8
2021-05-08,6.71,0.16,56.5,0.16
2021-05-09,-66.18,-66.18,42.11,0.01
2021-05-10,28.03,28.03,28.03,35.8
2021-05-11,56.67,56.67,58.2,23.19
2021-05-12,54.81,54.81,54.81,5.0
2021-05-13,48.0,48.0,59.9,36.52
2021-05-14,60.0,60.0,62.2,60.0
2021-05-15,45.05,25.85,45.06,1.95
2021-05-16,1.0,1.0,22.08,1.0
2021-05-17,52.76,24.7,27.93,54.49
2021-05-18,56.68,56.68,56.68,60.16
2021-05-19,61.67,61.67,62.08,62.08
2021-05-20,22.9,22.9,54.07,68.0
2021-05-21,-9.47,0.05,65.0,37.98
2021-05-22,-69.0,-0.54,31.98,47.5
2021-05-23,-25.0,-25.0,32.83,53.85
2021-05-24,-0.03,11.97,34.37,56.67
2021-05-25,40.3,37.79,47.97,62.4
2021-05-26,51.08,51.15,67.53,74.01
2021-05-27,52.71,52.71,70.92,83.7
2021-05-28,58.34,58.34,68.37,83.34
2021-05-29,15.01,15.01,45.43,61.91
2021-05-30,-16.86,-16.86,34.61,62.57
2021-05-31,53.94,40.8,55.02,82.89
2021-06-01,55.4,55.4,56.12,74.1
2021-06-02,53.83,50.83,53.83,74.36
2021-06-03,50.44,51.66,51.66,65.86
2021-06-04,59.0,59.0,59.0,69.1
2021-06-05,52.4,52.4,52.4,65.65
2021-06-06,47.61,35.76,48.0,39.33
2021-06-07,59.97,59.97,59.97,65.86
2021-06-08,61.97,61.97,61.97,74.47
2021-06-09,64.0,64.0,64.0,72.42
2021-06-10,65.2,65.2,67.72,73.58
2021-06-11,64.87,64.87,66.5,69.05
2021-06-12,-26.2,-8.61,62.4,68.65
2021-06-13,-36.72,-36.72,30.0,69.95
2021-06-14,50.8,45.7,45.7,81.71
2021-06-15,68.03,68.03,68.03,81.2
2021-06-16,66.0,66.0,75.0,82.58
2021-06-17,58.35,62.67,80.09,76.29
2021-06-18,64.78,65.19,75.0,86.0
2021-06-19,49.37,61.1,61.1,65.99
2021-06-20,23.72,23.72,62.7,3.84
2021-06-21,58.62,58.62,58.62,62.49
2021-06-22,64.84,63.79,71.7,82.41
2021-06-23,70.09,61.36,80.43,79.29
2021-06-24,73.31,68.93,78.3,68.93
2021-06-25,75.44,75.44,76.22,75.44
2021-06-26,64.87,60.29,67.08,64.87
2021-06-27,21.73,12.82,66.3,12.82
2021-06-28,68.92,67.99,74.24,67.99
2021-06-29,73.45,73.45,80.48,87.12
2021-06-30,74.03,74.03,80.02,85.92
2021-07-01,71.24,71.24,82.11,84.04
2021-07-02,82.18,82.18,92.19,82.57
2021-07-03,65.0,69.71,86.75,73.75
2021-07-04,69.07,58.45,79.0,58.45
2021-07-05,71.54,71.54,75.0,78.4
2021-07-06,58.51,35.2,90.27,78.27
2021-07-07,75.07,75.07,92.19,86.74
2021-07-08,78.07,77.5,78.07,77.5
2021-07-09,75.15,75.15,75.15,82.5
2021-07-10,65.81,70.25,70.25,73.0
2021-07-11,64.0,64.0,65.0,67.98
2021-07-12,72.92,72.92,80.25,72.68
2021-07-13,75.2,75.2,85.11,81.02
2021-07-14,71.18,10.33,82.1,72.67
2021-07-15,74.91,0.1,73.25,69.61
2021-07-16,70.01,59.79,85.0,70.99
2021-07-17,16.92,16.92,85.08,83.25
2021-07-18,-5.0,-5.0,60.0,7.0
2021-07-19,64.4,65.63,70.28,92.09
2021-07-20,75.87,77.38,87.51,94.0
2021-07-21,75.93,76.15,83.71,100.83
2021-07-22,74.0,74.12,84.45,95.75
2021-07-23,74.51,74.31,93.04,75.8
2021-07-24,54.24,60.14,84.81,73.49
2021-07-25,46.74,46.74,78.28,77.7
2021-07-26,69.07,47.96,76.69,86.6
2021-07-27,71.02,67.11,84.61,79.1
2021-07-28,50.1,19.52,86.05,73.86
2021-07-29,-8.86,-0.07,86.53,87.0
2021-07-30,40.27,0.09,85.8,70.99
2021-07-31,-20.06,-5.0,82.22,2.67
2021-08-01,48.94,20.28,48.17,63.99
2021-08-02,51.24,52.53,61.04,98.55
2021-08-03,75.01,64.16,89.81,100.85
2021-08-04,76.65,40.1,92.71,88.91
2021-08-05,63.5,0.64,89.92,77.75
2021-08-06,54.64,-37.93,60.0,71.11
2021-08-07,1.27,0.06,39.13,0.9
2021-08-08,-63.03,-63.03,36.99,62.99
2021-08-09,31.92,18.42,36.12,97.95
2021-08-10,65.06,17.68,93.05,102.02
2021-08-11,80.29,80.29,92.74,99.48
2021-08-12,84.64,84.64,99.37,105.51
2021-08-13,71.86,71.95,103.59,101.52
2021-08-14,0.0,29.51,98.15,89.14
2021-08-15,12.5,12.5,95.0,84.47
2021-08-16,42.74,-8.48,99.36,82.6
2021-08-17,14.47,14.47,97.14,82.09
2021-08-18,61.83,43.75,98.1,83.99
2021-08-19,60.54,58.86,86.22,89.14
2021-08-20,83.2,83.2,83.2,104.07
2021-08-21,76.59,76.59,83.1,91.2
2021-08-22,66.75,59.55,76.16,86.62
2021-08-23,73.52,32.12,85.7,85.49
2021-08-24,78.4,20.71,89.63,84.34
2021-08-25,63.34,38.17,78.03,105.72
2021-08-26,69.95,69.95,100.99,119.95
2021-08-27,78.09,78.09,99.3,106.75
2021-08-28,68.22,33.7,82.9,87.95
2021-08-29,67.3,35.74,77.06,93.06
2021-08-30,72.8,70.32,98.12,112.31
2021-08-31,87.09,71.49,106.17,123.35
2021-09-01,90.09,39.23,112.65,114.74
2021-09-02,95.25,21.89,116.07,137.45
2021-09-03,88.39,79.9,125.55,119.42
2021-09-04,84.16,84.16,119.79,106.3
2021-09-05,60.06,60.06,60.06,104.2
2021-09-06,97.97,97.97,97.97,108.52
2021-09-07,107.87,105.1,119.05,105.1
2021-09-08,103.01,93.73,120.04,109.08
2021-09-09,101.88,101.88,134.16,120.92
2021-09-10,111.67,111.67,128.54,146.29
2021-09-11,99.17,108.18,125.78,120.48
2021-09-12,69.68,69.68,116.77,110.01
2021-09-13,103.79,103.79,119.03,121.59
2021-09-14,107.84,107.84,128.5,119.95
2021-09-15,123.1,123.1,152.57,159.42
2021-09-16,115.19,115.19,141.2,172.8
2021-09-17,117.89,122.39,140.99,140.66
2021-09-18,80.05,83.13,140.0,125.94
2021-09-19,72.82,72.71,126.4,99.99
2021-09-20,93.87,105.9,119.0,128.01
2021-09-21,100.98,102.18,152.64,120.64
2021-09-22,90.01,94.6,146.64,140.0
2021-09-23,0.08,70.06,145.0,132.3
2021-09-24,57.83,91.74,163.09,148.35
2021-09-25,94.09,114.96,137.37,114.96
2021-09-26,90.65,90.65,147.34,115.0
2021-09-27,96.98,100.0,146.02,138.6
2021-09-28,98.1,98.1,154.03,154.58
2021-09-29,65.22,87.73,175.4,157.02
2021-09-30,59.09,73.94,178.9,145.0
2021-10-01,47.94,47.94,168.84,198.77
2021-10-02,-0.03,0.28,184.97,54.13
2021-10-03,-2.02,-2.02,158.78,15.0
2021-10-04,67.3,67.3,156.6,141.59
2021-10-05,74.98,74.98,162.57,165.0
2021-10-06,60.41,60.41,196.14,193.2
2021-10-07,167.36,167.36,189.01,225.63
2021-10-08,120.28,150.0,183.0,188.6
2021-10-09,70.44,126.77,155.95,175.59
2021-10-10,69.22,69.22,132.06,135.07
2021-10-11,94.85,113.68,132.57,125.01
2021-10-12,85.9,101.12,168.38,149.36
2021-10-13,116.12,132.43,177.3,132.43
2021-10-14,56.55,127.99,168.38,175.25
2021-10-15,48.93,119.03,155.05,201.06
2021-10-16,83.92,136.8,171.99,192.07
2021-10-17,101.39,116.5,157.16,183.84
2021-10-18,106.28,106.28,184.17,193.73
2021-10-19,5.65,10.8,188.05,171.6
2021-10-20,0.09,0.91,179.97,144.98
2021-10-21,18.8,0.04,172.0,180.59
2021-10-22,23.22,134.76,172.2,173.27
2021-10-23,66.04,160.07,179.8,179.21
2021-10-24,60.01,67.7,151.9,174.93
2021-10-25,84.39,93.09,130.5,193.29
2021-10-26,84.27,178.33,181.11,181.26
2021-10-27,66.8,134.95,179.12,180.1
2021-10-28,83.99,104.18,175.66,130.0
2021-10-29,65.51,69.41,179.12,90.11
2021-10-30,56.14,58.79,158.0,58.79
2021-10-31,52.2,52.79,165.92,52.79
2021-11-01,20.36,15.0,134.9,15.0
2021-11-02,111.2,111.2,119.0,94.13
2021-11-03,130.03,130.03,146.22,118.0
2021-11-04,104.86,143.06,143.06,143.06
2021-11-05,81.09,141.36,177.29,138.25
2021-11-06,6.73,133.69,160.73,131.83
2021-11-07,1.47,58.78,162.53,58.78
2021-11-08,57.94,139.36,155.07,139.36
2021-11-09,93.74,145.36,160.57,145.36
2021-11-10,94.86,168.03,168.03,168.03
2021-11-11,152.5,152.5,152.5,152.5
2021-11-12,91.42,153.0,153.0,159.87
2021-11-13,92.65,101.97,171.14,151.82
2021-11-14,117.2,145.0,156.97,145.0
2021-11-15,149.64,149.64,153.71,145.64
2021-11-16,157.83,160.25,160.25,160.25
2021-11-17,86.22,163.22,185.0,163.22
2021-11-18,71.81,177.63,197.83,177.63
2021-11-19,64.55,198.0,198.0,198.0
2021-11-20,72.61,188.0,191.65,188.0
2021-11-21,77.4,196.84,196.84,207.79
2021-11-22,137.67,169.85,175.11,194.51
2021-11-23,142.37,190.83,190.83,190.83
2021-11-24,171.62,189.59,189.59,194.01
2021-11-25,129.55,208.88,208.88,201.28
2021-11-26,109.11,220.28,206.9,194.34
2021-11-27,151.4,173.86,184.1,171.77
2021-11-28,155.39,174.5,174.5,174.5
2021-11-29,113.9,180.0,180.0,99.94
2021-11-30,64.82,209.63,220.12,220.12
2021-12-01,36.98,120.41,199.1,192.81
2021-12-02,28.72,172.29,202.0,171.3
2021-12-03,106.48,226.39,226.39,194.06
2021-12-04,87.48,183.79,197.31,175.4
2021-12-05,80.92,135.98,159.46,2.67
2021-12-06,131.45,179.8,179.8,177.37
2021-12-07,85.46,197.73,197.73,176.0
2021-12-08,66.08,180.8,184.2,14.0
2021-12-09,170.51,194.96,205.0,175.1
2021-12-10,146.78,147.69,203.9,98.13
2021-12-11,130.01,201.6,201.6,201.6
2021-12-12,105.9,218.01,218.01,218.01
2021-12-13,137.81,217.71,217.71,217.71
2021-12-14,144.42,250.0,235.21,250.0
2021-12-15,185.01,261.73,261.73,261.73
2021-12-16,208.15,251.78,251.78,251.78
2021-12-17,240.73,250.0,250.0,250.0
2021-12-18,80.49,265.77,265.77,265.77
2021-12-19,21.83,274.9,274.9,274.9
2021-12-20,136.9,267.99,267.99,267.99
2021-12-21,291.12,294.9,294.9,270.0
2021-12-22,280.0,333.9,333.9,331.4
2021-12-23,98.85,334.36,342.71,303.0
2021-12-24,88.88,245.12,245.12,245.12
2021-12-25,125.31,125.31,153.86,125.31
2021-12-26,95.79,126.66,153.0,52.64
2021-12-27,74.4,64.5,153.39,2.67
2021-12-28,36.22,14.76,144.39,8.06
2021-12-29,73.08,73.08,149.74,90.82
2021-12-30,5.71,21.36,120.9,150.0
2021-12-31,-0.06,37.33,94.48,111.1
2022-01-01,37.67,37.67,67.99,70.05
2022-01-02,0.31,2.71,100.0,103.7
2022-01-03,-1.05,0.06,83.27,100.36
2022-01-04,97.56,105.0,105.0,105.0
2022-01-05,75.38,75.38,75.38,75.38
2022-01-06,101.32,170.1,170.1,170.1
2022-01-07,101.91,162.8,202.54,162.8
2022-01-08,85.03,109.18,201.0,109.18
2022-01-09,49.29,45.82,172.0,14.0
2022-01-10,178.04,178.04,178.04,158.7
2022-01-11,193.0,193.0,193.0,193.0
2022-01-12,172.18,178.33,178.33,178.33
2022-01-13,120.04,182.88,186.57,182.88
2022-01-14,107.46,192.43,192.43,180.3
2022-01-15,182.64,193.04,193.04,193.04
2022-01-16,78.08,186.6,186.6,186.6
2022-01-17,10.09,209.55,197.7,209.55
2022-01-18,169.01,193.99,193.99,193.99
2022-01-19,90.05,188.7,188.7,179.64
2022-01-20,70.99,168.18,168.18,160.69
2022-01-21,110.92,182.3,182.07,154.7
2022-01-22,119.99,176.04,176.04,166.9
2022-01-23,168.23,179.04,179.04,179.04
2022-01-24,177.46,177.46,177.46,177.46
2022-01-25,196.24,196.24,196.24,196.24
2022-01-26,122.34,225.01,225.01,225.01
2022-01-27,82.03,221.36,221.36,215.75
2022-01-28,77.26,214.81,214.81,190.0
2022-01-29,2.3,180.84,206.99,181.97
2022-01-30,3.73,203.38,195.14,206.5
2022-01-31,100.0,100.13,193.21,167.8
2022-02-01,35.54,169.97,185.52,169.97
2022-02-02,10.05,168.08,184.0,168.08
2022-02-03,138.71,158.81,177.43,173.25
2022-02-04,87.38,156.09,179.34,166.59
2022-02-05,10.36,166.0,190.25,170.47
2022-02-06,0.12,27.2,178.0,172.18
2022-02-07,10.08,154.94,154.94,165.97
2022-02-08,104.12,170.88,170.88,170.88
2022-02-09,109.58,182.59,183.85,182.59
2022-02-10,136.66,172.23,184.27,172.23
2022-02-11,128.35,165.0,184.0,165.0
2022-02-12,87.12,166.0,167.56,166.79
2022-02-13,30.08,70.0,167.37,70.0
2022-02-14,12.94,105.0,170.2,105.0
2022-02-15,87.91,156.99,192.02,162.52
2022-02-16,17.92,75.99,179.18,130.0
2022-02-17,13.97,18.53,164.86,100.0
2022-02-18,62.57,88.93,166.62,129.0
2022-02-19,-0.52,60.97,163.29,77.2
2022-02-20,10.73,57.75,161.73,125.52
2022-02-21,1.43,59.72,154.98,125.52
2022-02-22,79.9,139.67,158.0,140.0
2022-02-23,78.96,161.92,163.07,163.07
2022-02-24,94.78,150.08,180.79,163.71
2022-02-25,89.93,153.32,235.0,153.32
2022-02-26,152.6,177.04,180.33,237.14
2022-02-27,111.68,111.68,153.76,209.14
2022-02-28,135.4,196.33,196.33,218.97
2022-03-01,143.15,221.0,221.0,220.98
2022-03-02,233.14,230.89,233.14,204.15
2022-03-03,266.04,301.15,307.01,260.0
2022-03-04,292.16,304.05,329.0,264.61
2022-03-05,260.35,265.53,313.0,311.0
2022-03-06,210.01,276.81,330.07,334.21
2022-03-07,312.82,338.65,390.99,379.02
2022-03-08,294.77,418.4,468.46,424.88
2022-03-09,305.11,356.74,417.29,356.74
