,futEUA,futBRENT,futWIT,eqGAS,futWHEAT,gasflowRUStoDE
2019-01-01,,,,,,178.3
2019-01-02,24.98,48.44288,45.87561,22.53,,181.3
2019-01-03,23.03,49.08325,45.97772,22.35,,181.4
2019-01-04,23.49,50.0263,46.32649,22.53,,180.0
2019-01-05,,,,,,178.5
2019-01-06,,,,,,177.8
2019-01-07,22.07,49.98692,46.0633,22.59,,177.1
2019-01-08,22.66,51.26593,47.04034,22.67,,177.7
2019-01-09,21.86,53.27322,47.94069,22.52,,177.3
2019-01-10,21.94,53.60681,47.82722,22.85,,178.2
2019-01-11,22.59,52.66916,46.93024,22.7,,177.9
2019-01-12,,,,,,178.3
2019-01-13,,,,,,177.8
2019-01-14,22.4,51.39845,46.35358,22.73,,178.3
2019-01-15,22.47,53.23968,47.35733,23.11,,183.0
2019-01-16,23.23,53.78947,47.67544,23.09,,183.4
2019-01-17,23.49,53.72794,47.25564,23.26,,182.4
2019-01-18,24.68,55.20338,47.16499,23.4,,177.8
2019-01-19,,,,,,178.5
2019-01-20,,,,,,184.4
2019-01-21,24.28,55.19001,,23.35,,183.1
2019-01-22,25.01,54.09447,47.36564,23.45,,186.8
2019-01-23,24.53,53.66453,47.16931,23.63,,184.1
2019-01-24,23.89,54.06673,47.55288,23.85,,183.8
2019-01-25,23.76,54.04173,47.28213,23.51,,181.9
2019-01-26,,,,,,182.4
2019-01-27,,,,,,183.2
2019-01-28,22.6,52.40927,46.60254,23.4,,182.8
2019-01-29,23.23,53.65768,47.19111,23.75,,181.5
2019-01-30,22.9,53.98897,47.01813,24.02,,183.7
2019-01-31,22.14,54.0524,46.27948,24.35,,181.0
2019-02-01,21.84,54.7127,47.2927,24.19,,185.2
2019-02-02,,,,,,185.4
2019-02-03,,,,,,189.3
2019-02-04,22.91,54.68463,47.36244,24.21,,186.8
2019-02-05,23.02,54.32553,47.2697,24.37,,186.1
2019-02-06,23.55,55.10724,47.36287,24.36,,186.1
2019-02-07,23.33,54.30434,46.76183,24.05,,183.2
2019-02-08,22.23,54.81024,46.87555,23.94,,183.8
2019-02-09,,,,,,183.9
2019-02-10,,,,,,180.1
2019-02-11,22.26,54.57368,47.20965,24.03,,177.5
2019-02-12,20.57,55.14134,47.27915,24.26,,178.3
2019-02-13,20.82,56.41185,48.04009,23.68,,177.1
2019-02-14,19.67,57.15677,48.0393,23.63,,177.0
2019-02-15,20.3,58.76874,48.72705,23.64,,175.6
2019-02-16,,,,,,174.8
2019-02-17,,,,,,175.0
2019-02-18,19.89,58.79233,,23.75,,174.1
2019-02-19,20.09,58.55657,48.84561,23.84,,176.1
2019-02-20,20.36,59.01812,48.88263,23.8,,176.7
2019-02-21,18.7,59.20205,49.00697,23.82,,177.5
2019-02-22,18.84,59.15741,48.78371,23.91,,178.9
2019-02-23,,,,,,176.3
2019-02-24,,,,,,175.0
2019-02-25,19.14,57.06732,47.90271,23.89,,175.0
2019-02-26,19.56,57.30228,47.95255,23.88,,174.4
2019-02-27,21.16,58.39564,48.42994,23.79,,176.2
2019-02-28,21.59,58.01265,48.27798,23.87,,175.3
2019-03-01,22.18,57.25473,47.54949,23.78,,174.7
2019-03-02,,,,,,175.1
2019-03-03,,,,,,176.9
2019-03-04,23.03,57.95094,48.55277,23.72,,176.8
2019-03-05,22.83,58.29866,48.71205,23.77,,179.6
2019-03-06,22.04,58.35692,48.6116,23.9,,173.6
2019-03-07,23.17,59.06459,49.11359,24.57,,177.0
2019-03-08,22.91,58.48754,48.72776,24.51,,178.3
2019-03-09,,,,,,177.3
2019-03-10,,,,,,177.6
2019-03-11,22.18,59.22434,48.91478,24.32,,177.7
2019-03-12,22.22,59.05226,48.74225,24.54,,175.3
2019-03-13,22.17,59.76289,49.10201,24.51,,174.3
2019-03-14,22.63,59.50084,48.96008,24.48,,175.7
2019-03-15,22.36,59.32862,49.02827,24.66,,176.2
2019-03-16,,,,,,174.5
2019-03-17,,,,,,175.0
2019-03-18,21.71,59.62218,49.09075,24.35,,175.3
2019-03-19,21.01,59.5473,49.01356,24.54,,174.3
2019-03-20,21.53,60.30991,49.00511,24.6,,175.1
2019-03-21,20.83,59.77275,48.70078,24.776,,175.1
2019-03-22,20.56,59.33434,48.51731,24.693,,173.7
2019-03-23,,,,,,172.5
2019-03-24,,,,,,173.2
2019-03-25,20.83,59.38853,48.48458,24.82,,175.0
2019-03-26,21.43,60.24107,48.55978,24.922,,176.3
2019-03-27,21.74,60.2719,48.48943,24.95,,174.8
2019-03-28,22.15,60.36493,48.74944,25.06,,174.1
2019-03-29,21.44,60.94822,48.84591,25.047,,172.7
2019-03-30,,,,,,173.4
2019-03-31,,,,,,173.3
2019-04-01,21.81,61.58308,49.12547,24.986,,175.3
2019-04-02,21.92,61.95409,48.96847,25.162,,176.1
2019-04-03,23.08,61.64176,48.92387,25.205,,174.6
2019-04-04,24.36,61.85935,48.92593,25.332,,174.4
2019-04-05,24.52,62.71957,49.05038,25.469,,174.2
2019-04-06,,,,,,173.7
2019-04-07,,,,,,173.8
2019-04-08,24.24,63.10464,48.8595,25.33,,176.4
2019-04-09,25.45,62.65306,49.0772,25.3,,177.5
2019-04-10,26.04,63.61298,49.24619,25.509,,178.0
2019-04-11,27.23,62.91526,49.2361,25.39,,175.4
2019-04-12,26.49,63.32419,49.4026,25.248,,177.7
2019-04-13,,,,,,176.5
2019-04-14,,,,,,175.7
2019-04-15,26.73,62.95215,49.71257,25.101,,175.2
2019-04-16,26.92,63.55902,49.83162,24.76,,173.4
2019-04-17,27.38,63.40297,49.54851,24.586,,173.0
2019-04-18,26.81,64.08727,49.66162,24.73,,172.0
2019-04-19,,,,,,172.8
2019-04-20,,,,,,172.6
2019-04-21,,,,,,173.0
2019-04-22,,65.76657,49.77794,,,172.3
2019-04-23,27.45,66.44373,50.11593,24.823,,172.2
2019-04-24,27.33,66.82498,50.3719,24.683,,173.4
2019-04-25,27.21,66.75945,50.21999,25.139,,173.0
2019-04-26,25.78,64.63316,49.46699,25.064,,172.9
2019-04-27,,,,,,174.1
2019-04-28,,,,,,171.7
2019-04-29,26.3,64.43073,49.40524,25.032,,174.8
2019-04-30,26.2,64.90149,49.43389,25.39,,
2019-05-01,25.69,64.20566,49.4396,,,171.7
2019-05-02,24.62,63.29397,48.71176,25.391,,170.0
2019-05-03,25.12,63.28153,48.51733,25.574,,166.4
2019-05-04,,,,,,173.5
2019-05-05,,,,,,175.4
2019-05-06,25.25,63.59011,48.87084,25.845,,176.2
2019-05-07,26.32,62.53244,48.25056,25.928,,175.4
2019-05-08,26.82,62.89213,48.69962,25.953,,175.8
2019-05-09,26.42,62.75856,48.34165,25.669,,175.3
2019-05-10,25.54,62.84596,48.15342,26.17,,172.0
2019-05-11,,,,,,172.5
2019-05-12,,,,,,171.5
2019-05-13,24.95,62.51001,47.89497,26.17,,174.2
2019-05-14,25.81,63.5504,48.46566,26.25,,173.9
2019-05-15,25.89,64.04605,48.73282,26.45,,173.9
2019-05-16,25.49,64.97271,48.92189,26.91,,174.9
2019-05-17,24.92,64.68112,48.70118,26.89,,173.3
2019-05-18,,,,,,169.7
2019-05-19,,,,,,170.1
2019-05-20,25.12,64.44305,49.15831,26.85,,172.0
2019-05-21,25.3,64.67742,49.34588,26.82,,173.2
2019-05-22,26.29,63.62822,48.62418,26.77,,170.7
2019-05-23,25.98,60.59739,46.85208,26.56,,173.3
2019-05-24,25.4,61.30298,47.69299,26.72,,174.1
2019-05-25,,,,,,173.1
2019-05-26,,,,,,175.3
2019-05-27,25.51,62.64856,,26.8,,174.0
2019-05-28,25.4,62.79445,48.49082,26.01,,173.5
2019-05-29,25.45,62.3765,48.50009,25.77,,173.1
2019-05-30,25.22,60.04849,47.22522,25.69,,172.1
2019-05-31,24.39,57.77638,45.55635,25.5,,
2019-06-01,,,,,,172.8
2019-06-02,,,,,,172.7
2019-06-03,23.67,54.63623,45.55991,25.67,,173.4
2019-06-04,24.49,55.10894,45.4602,25.62,,172.4
2019-06-05,24.18,53.96529,44.35247,25.71,,169.4
2019-06-06,23.91,54.60905,44.84194,25.93,,167.6
2019-06-07,24.44,55.81129,45.44092,25.91,,169.0
2019-06-08,,,,,,169.5
2019-06-09,,,,,,173.1
2019-06-10,25.13,55.04595,45.7052,26.1,,172.9
2019-06-11,24.91,54.98279,46.08527,25.54,,173.8
2019-06-12,24.75,53.08489,45.0031,25.59,,175.5
2019-06-13,24.9,54.37212,45.61901,25.64,,174.5
2019-06-14,24.99,55.32162,45.89169,25.52,,175.5
2019-06-15,,,,,,172.9
2019-06-16,,,,,,168.7
2019-06-17,24.96,54.2847,45.57278,25.17,,171.2
2019-06-18,25.06,55.47719,46.61191,25.46,,171.4
2019-06-19,24.9,55.1226,46.26839,25.17,,171.5
2019-06-20,25.04,57.07581,47.26355,25.16,,170.2
2019-06-21,25.24,57.49052,46.97998,25.28,,171.7
2019-06-22,,,,,,172.9
2019-06-23,,,,,,171.9
2019-06-24,26.31,56.94969,47.04539,25.42,,172.3
2019-06-25,26.36,57.24721,47.51386,25.16,,174.1
2019-06-26,27.34,58.41167,47.72907,25.01,,175.2
2019-06-27,26.84,58.55182,47.66848,24.72,,175.6
2019-06-28,26.23,58.5879,47.16084,24.3,,174.2
2019-06-29,,,,,,173.3
2019-06-30,,,,,,171.3
2019-07-01,26.87,57.60581,47.66248,24.21,,171.7
2019-07-02,26.68,55.18705,46.26338,24.6,,174.1
2019-07-03,26.47,56.573,47.37169,24.87,,176.1
2019-07-04,25.97,56.11205,,24.03,,171.7
2019-07-05,26.34,57.25109,47.4463,23.22,,169.7
2019-07-06,,,,,,171.4
2019-07-07,,,,,,171.3
2019-07-08,26.77,57.16451,47.7753,22.66,,172.4
2019-07-09,26.52,57.23972,48.13989,22.78,,172.9
2019-07-10,28.16,59.51683,48.92975,22.68,,172.4
2019-07-11,28.26,59.10787,48.48054,22.56,,173.1
2019-07-12,28.76,59.21193,48.07419,22.65,5.03417,173.0
2019-07-13,,,,,,172.2
2019-07-14,,,,,,172.1
2019-07-15,29.02,59.0461,47.70406,22.93,4.93605,157.3
2019-07-16,28.44,57.38875,46.74931,22.58,4.9942,5.0
2019-07-17,28.43,56.71269,46.71715,22.84,4.98441,4.8
2019-07-18,27.74,55.17641,45.85709,22.62,4.8913,5.2
2019-07-19,28.85,55.63274,46.65598,22.6,4.9626,4.8
2019-07-20,,,,,,4.1
2019-07-21,,,,,,4.3
2019-07-22,28.95,56.39151,47.07613,22.6,4.88055,5.8
2019-07-23,29.77,57.2415,47.16169,22.89,4.90763,4.1
2019-07-24,29.15,56.6891,46.70256,23.11,4.96635,4.5
2019-07-25,28.98,56.93372,46.97324,23.19,4.96003,6.0
2019-07-26,28.25,57.05808,47.37457,23.03,4.92717,6.5
2019-07-27,,,,,,64.9
2019-07-28,,,,,,106.5
2019-07-29,28.38,57.19031,46.90305,23.05,4.94165,107.3
2019-07-30,27.87,58.03443,47.11263,22.72,4.90719,125.6
2019-07-31,27.95,58.56398,47.32207,22.85,4.87509,135.9
2019-08-01,29.42,54.66209,45.35598,23.04,4.79761,160.4
2019-08-02,29.23,55.68652,46.60788,23.34,4.85424,174.4
2019-08-03,,,,,,178.3
2019-08-04,,,,,,173.6
2019-08-05,28.67,53.34939,45.81215,23.28,4.8613,172.7
2019-08-06,28.38,52.6344,45.48134,23.33,4.82229,173.2
2019-08-07,28.25,50.08462,44.4197,23.54,4.8321,168.5
2019-08-08,28.5,51.20928,44.78358,23.51,4.89067,177.0
2019-08-09,28.09,52.20765,45.58915,23.54,4.88806,175.7
2019-08-10,,,,,,172.2
2019-08-11,,,,,,172.2
2019-08-12,26.68,52.23867,45.44238,23.45,4.71147,172.6
2019-08-13,27.08,54.83005,47.09302,23.45,4.71377,172.8
2019-08-14,26.89,53.37401,46.07861,23.34,4.76041,172.6
2019-08-15,25.96,52.45946,45.6036,23.32,4.78829,171.7
2019-08-16,25.95,52.86217,45.61435,23.67,4.82061,170.6
2019-08-17,,,,,,173.1
2019-08-18,,,,,,172.7
2019-08-19,26.55,53.84893,45.8446,23.86,4.79989,174.5
2019-08-20,26.24,54.08595,45.64375,23.67,4.74818,174.5
2019-08-21,26.01,54.30965,45.77141,23.78,4.7915,172.7
2019-08-22,25.65,54.06966,45.88522,23.57,4.80283,172.5
2019-08-23,25.09,53.27229,45.25541,23.47,4.81641,172.5
2019-08-24,,,,,,172.0
2019-08-25,,,,,,172.0
2019-08-26,25.82,52.83528,45.16652,23.65,4.81098,172.3
2019-08-27,25.4,53.62711,45.94034,23.97,4.79184,171.6
2019-08-28,26.0,54.59879,46.1594,23.92,4.81542,171.5
2019-08-29,26.45,55.26102,46.27703,23.88,4.81091,172.1
2019-08-30,26.31,54.99636,45.44958,23.79,4.83027,172.2
2019-08-31,,,,,,169.5
2019-09-01,,,,,,171.7
2019-09-02,25.18,53.45362,,23.94,,172.5
2019-09-03,25.22,53.10848,45.48769,23.84,4.81085,173.8
2019-09-04,25.52,55.0517,46.49011,23.79,4.80909,173.4
2019-09-05,25.53,55.20333,46.49941,23.71,4.82973,172.7
2019-09-06,25.08,55.76801,46.62438,23.2,4.82556,172.5
2019-09-07,,,,,,172.2
2019-09-08,,,,,,171.6
2019-09-09,25.01,56.59132,46.74503,22.88,4.84177,171.8
2019-09-10,26.72,56.49851,46.85264,23.11,4.92709,172.2
2019-09-11,26.27,55.24666,46.46134,23.34,4.94231,170.4
2019-09-12,26.43,54.55367,45.90712,23.49,4.95347,168.1
2019-09-13,26.38,54.36981,45.41351,23.03,4.94989,169.1
2019-09-14,,,,,,154.1
2019-09-15,,,,,,153.9
2019-09-16,27.03,62.72835,47.39616,23.26,5.01454,156.0
2019-09-17,26.22,58.31075,46.66667,23.72,4.96387,156.0
2019-09-18,25.45,57.48893,46.19,24.3,4.99864,164.0
2019-09-19,25.95,58.30693,46.22906,24.26,4.99321,166.3
2019-09-20,26.52,58.3992,46.4886,24.29,4.98774,165.3
2019-09-21,,,,,,166.3
2019-09-22,,,,,,171.4
2019-09-23,25.79,58.95149,47.40147,24.28,4.98544,169.0
2019-09-24,25.53,57.29072,46.54985,24.3,4.96187,165.2
2019-09-25,25.2,57.01362,46.65083,23.8,4.97807,163.5
2019-09-26,25.62,57.42266,46.67765,24.11,5.00641,162.6
2019-09-27,25.29,56.56981,46.35417,24.05,5.01873,168.3
2019-09-28,,,,,,173.2
2019-09-29,,,,,,173.7
2019-09-30,24.72,55.74612,45.80391,24.3,5.10181,166.7
2019-10-01,25.04,53.83982,45.70305,24.28,5.09691,168.2
2019-10-02,24.2,52.64647,45.38237,23.63,5.01232,168.5
2019-10-03,23.24,52.54484,44.9786,23.586,4.99863,168.3
2019-10-04,22.94,53.14093,45.53897,23.65,5.0346,166.9
2019-10-05,,,,,,167.5
2019-10-06,,,,,,168.6
2019-10-07,23.41,53.12756,45.48848,23.91,5.06237,168.4
2019-10-08,22.53,53.17265,45.82306,23.78,5.0671,172.0
2019-10-09,22.65,53.14864,45.61196,23.72,5.06926,173.1
2019-10-10,23.26,53.64437,45.60225,23.61,5.00136,170.5
2019-10-11,24.44,54.75523,46.3035,23.83,5.06968,169.8
2019-10-12,,,,,,165.9
2019-10-13,,,,,,165.9
2019-10-14,24.15,53.8078,46.1922,24.09,5.07253,167.5
2019-10-15,25.71,53.28858,45.59557,24.3,5.05307,168.5
2019-10-16,26.3,53.62332,45.51033,23.99,5.04241,169.4
2019-10-17,26.06,53.84685,45.35323,24.1,5.06696,169.4
2019-10-18,25.87,53.25327,45.09769,24.19,5.13757,168.8
2019-10-19,,,,,,168.1
2019-10-20,,,,,,168.0
2019-10-21,25.92,52.86944,45.26542,23.92,5.08877,170.1
2019-10-22,25.65,53.58585,45.44475,24.12,5.07585,170.2
2019-10-23,24.75,55.00405,46.07499,23.95,5.08947,169.9
2019-10-24,25.43,55.52354,46.25912,23.97,5.07113,169.8
2019-10-25,24.96,56.00506,46.68593,23.7,5.11333,168.4
2019-10-26,,,,,,166.9
2019-10-27,,,,,,168.1
2019-10-28,25.11,55.45848,46.19888,23.63,5.10043,170.7
2019-10-29,25.44,55.44653,46.19193,23.72,5.09318,171.9
2019-10-30,25.99,54.5201,45.38994,23.92,5.06656,175.9
2019-10-31,25.59,54.03732,45.11933,24.37,5.03095,177.6
2019-11-01,25.28,55.26787,46.39849,24.1,5.08197,176.7
2019-11-02,,,,,,173.9
2019-11-03,,,,,,172.5
2019-11-04,25.62,55.76699,46.27053,23.95,5.05341,173.3
2019-11-05,25.5,56.88471,46.88291,23.98,5.11384,174.1
2019-11-06,24.78,55.79252,46.06904,24.4,5.11251,175.7
2019-11-07,24.93,56.41699,46.50847,24.36,5.10823,174.5
2019-11-08,24.83,56.72414,46.86025,23.92,5.1157,171.2
2019-11-09,,,,,,175.6
2019-11-10,,,,,,175.4
2019-11-11,24.92,56.32757,46.74336,24.06,5.07519,174.7
2019-11-12,24.11,56.36182,46.95305,23.82,5.14031,176.6
2019-11-13,24.39,56.70516,47.17702,23.85,5.08228,176.8
2019-11-14,23.96,56.52569,46.65093,23.72,5.0599,174.1
2019-11-15,23.85,57.26434,46.92419,23.75,5.02759,174.4
2019-11-16,,,,,,171.6
2019-11-17,,,,,,170.6
2019-11-18,23.38,56.34362,46.3725,24.03,5.0397,173.3
2019-11-19,23.43,54.96796,45.75399,23.79,5.07851,174.4
2019-11-20,24.02,56.38384,46.65221,23.72,5.09623,173.9
2019-11-21,23.93,57.82338,47.25662,23.76,5.06192,173.7
2019-11-22,24.57,57.50181,47.08817,23.6,5.11838,174.2
2019-11-23,,,,,,173.0
2019-11-24,,,,,,174.5
2019-11-25,24.43,57.83209,47.30147,23.79,5.15628,177.1
2019-11-26,24.37,58.32123,47.46824,23.56,5.13385,176.0
2019-11-27,25.1,58.23636,47.37273,23.69,5.12727,176.0
2019-11-28,25.0,58.02144,,23.48,,176.8
2019-11-29,25.22,56.67211,45.67901,23.64,5.16975,177.9
2019-11-30,,,,,,175.6
2019-12-01,,,,,,173.4
2019-12-02,24.33,55.00677,46.16704,22.99,5.10609,172.6
2019-12-03,24.0,54.85209,46.17605,22.92,5.07531,173.1
2019-12-04,24.74,56.86947,47.00307,23.09,5.06635,176.2
2019-12-05,24.69,57.0824,46.68167,22.87,5.05628,174.8
2019-12-06,24.94,58.24514,46.82949,22.97,5.10176,173.0
2019-12-07,,,,,,173.5
2019-12-08,,,,,,174.2
2019-12-09,25.13,58.10799,46.85719,22.9,5.10536,175.0
2019-12-10,24.94,58.03193,47.02805,22.72,5.1141,176.0
2019-12-11,24.48,57.44681,46.67328,22.84,5.08249,175.2
2019-12-12,25.07,57.78578,46.84968,22.66,5.14401,175.6
2019-12-13,24.02,58.67218,46.91436,22.87,5.17722,176.1
2019-12-14,,,,,,175.4
2019-12-15,,,,,,174.5
2019-12-16,24.86,58.63771,47.05196,22.77,5.20057,176.1
2019-12-17,25.91,59.27188,46.87052,22.97,5.22552,176.5
2019-12-18,26.43,59.5161,46.96888,22.67,5.2415,174.7
2019-12-19,26.69,59.81124,46.89438,22.68,5.19101,176.1
2019-12-20,26.51,59.75246,47.15873,22.94,5.19695,175.5
2019-12-21,,,,,,174.7
2019-12-22,,,,,,174.0
2019-12-23,26.38,59.85935,47.17338,22.95,5.22045,172.9
2019-12-24,25.92,60.60606,47.41162,22.887,5.22412,167.5
2019-12-25,,,,,,173.6
2019-12-26,,61.17266,47.37458,,5.25308,177.1
2019-12-27,26.54,60.94421,47.30866,22.84,5.2441,176.8
2019-12-28,,,,,,174.2
2019-12-29,,,,,,172.3
2019-12-30,24.93,61.04718,47.12336,22.784,5.24931,172.0
2019-12-31,24.48,58.77638,46.61145,22.578,5.26761,
2020-01-01,,,,,,196.9
2020-01-02,24.24,59.31065,47.21576,22.7,5.30215,194.8
2020-01-03,24.86,61.40351,47.26996,22.63,5.26987,192.2
2020-01-04,,,,,,196.5
2020-01-05,,,,,,197.4
2020-01-06,24.11,61.55427,47.28004,22.69,5.24118,193.8
2020-01-07,24.45,61.26716,47.72503,22.3,5.25442,198.5
2020-01-08,23.98,58.8595,46.73502,22.23,5.27073,185.2
2020-01-09,24.58,58.86538,47.0869,22.2,5.31517,192.3
2020-01-10,24.12,58.42474,46.88905,22.14,5.29356,190.1
2020-01-11,,,,,,187.1
2020-01-12,,,,,,189.0
2020-01-13,24.06,57.63016,46.62478,22.45,5.29399,188.0
2020-01-14,23.77,57.93729,46.79723,22.53,5.30051,197.2
2020-01-15,24.42,57.35795,46.37928,22.57,5.27648,191.7
2020-01-16,24.76,58.03323,46.69062,22.73,5.24697,193.5
2020-01-17,25.36,58.47083,46.88486,22.98,5.2768,196.7
2020-01-18,,,,,,194.5
2020-01-19,,,,,,193.5
2020-01-20,25.1,58.82353,,23.02,,196.6
2020-01-21,24.84,58.23116,47.10602,22.78,5.31915,199.3
2020-01-22,24.94,57.01786,46.48205,22.88,5.27242,196.1
2020-01-23,24.63,56.13972,45.66103,23.33,5.28911,188.2
2020-01-24,24.31,55.03763,44.89888,23.4,5.29382,187.1
2020-01-25,,,,,,184.9
2020-01-26,,,,,,183.6
2020-01-27,24.52,53.85384,44.95688,23.36,5.31775,187.1
2020-01-28,24.58,54.05577,45.20847,23.57,5.28431,185.6
2020-01-29,23.92,54.34802,45.20672,23.76,5.24761,183.0
2020-01-30,23.67,52.80848,44.99909,23.93,5.20475,184.1
2020-01-31,23.81,52.47677,44.75323,23.7,5.14076,
2020-02-01,,,,,,187.7
2020-02-02,,,,,,184.3
2020-02-03,23.15,49.23592,44.89556,23.57,5.15417,185.7
2020-02-04,23.3,48.8901,44.95787,23.75,5.20069,187.4
2020-02-05,23.71,50.24998,45.54131,24.12,5.23816,191.6
2020-02-06,23.5,50.05011,46.33257,24.01,5.22096,188.3
2020-02-07,23.26,49.77611,46.58686,23.96,5.25222,191.5
2020-02-08,,,,,,188.7
2020-02-09,,,,,,187.2
2020-02-10,23.11,48.82676,46.7461,23.74,5.27727,187.4
2020-02-11,23.25,49.45065,46.59403,23.61,5.23485,186.5
2020-02-12,23.83,51.28229,46.8885,23.66,5.28771,186.5
2020-02-13,24.35,51.96458,46.88249,23.43,5.27347,189.0
2020-02-14,24.24,52.8636,47.04418,23.87,5.23149,187.9
2020-02-15,,,,,,185.0
2020-02-16,,,,,,183.9
2020-02-17,25.0,53.2404,,23.91,,185.1
2020-02-18,25.09,53.45243,47.52869,24.38,5.39846,184.1
2020-02-19,25.66,54.78132,47.90586,24.64,5.42532,185.6
2020-02-20,25.59,54.95228,47.90142,24.37,5.39238,185.2
2020-02-21,25.56,53.87733,47.35679,24.13,5.29563,184.9
2020-02-22,,,,,,186.0
2020-02-23,,,,,,184.9
2020-02-24,24.53,51.78916,46.9414,23.04,5.19961,186.7
2020-02-25,24.14,50.49159,45.50216,22.32,5.1778,186.1
2020-02-26,24.22,49.11297,45.07767,22.1,5.16592,185.2
2020-02-27,23.56,47.52277,44.31694,21.65,5.07514,185.6
2020-02-28,23.57,45.9231,42.87792,20.94,5.0609,186.0
2020-02-29,,,,,,185.0
2020-03-01,,,,,,186.3
2020-03-02,23.49,46.42218,43.21109,21.42,4.95751,187.9
2020-03-03,23.33,46.4737,43.4806,21.16,5.00493,187.2
2020-03-04,23.8,45.96368,43.59942,21.63,5.03416,187.1
2020-03-05,23.78,44.57821,42.89281,20.7,4.97815,189.5
2020-03-06,23.4,40.04423,41.33569,20.05,4.93808,188.1
2020-03-07,,,,,,187.4
2020-03-08,,,,,,187.6
2020-03-09,23.25,29.9747,36.596,17.895,4.88528,192.5
2020-03-10,24.07,32.89148,38.5737,17.79,4.94433,194.8
2020-03-11,23.89,31.71467,38.36952,17.17,4.90253,193.8
2020-03-12,22.48,29.69784,38.00286,14.295,4.87887,188.5
2020-03-13,21.89,30.54778,37.53271,16.15,4.90254,188.9
2020-03-14,,,,,,188.0
2020-03-15,,,,,,190.5
2020-03-16,19.42,26.92894,34.84183,14.365,4.79658,189.5
2020-03-17,18.25,26.14671,35.22024,15.75,4.8735,190.1
2020-03-18,15.23,22.9351,32.22714,16.235,4.97557,190.7
2020-03-19,16.3,26.64732,34.26619,17.32,5.12449,192.2
2020-03-20,16.02,25.29296,32.92397,16.725,5.21937,191.4
2020-03-21,,,,,,191.0
2020-03-22,,,,,,190.0
2020-03-23,15.45,25.14185,33.7736,16.145,5.2437,196.5
2020-03-24,16.69,25.23938,34.47058,16.435,5.24077,195.2
2020-03-25,17.41,25.21867,35.26379,16.235,5.19289,196.1
2020-03-26,17.22,23.89332,34.17997,16.79,5.07075,193.8
2020-03-27,16.26,22.46351,34.54677,16.59,5.02568,192.7
2020-03-28,,,,,,190.4
2020-03-29,,,,,,192.7
2020-03-30,16.93,20.65336,35.15426,15.85,5.16561,189.6
2020-03-31,17.55,20.72737,35.31128,15.97,5.23653,192.4
2020-04-01,16.95,22.64531,34.31579,15.46,5.13272,197.9
2020-04-02,17.95,27.61483,34.5416,15.79,5.09362,201.6
2020-04-03,17.86,31.6214,34.41179,15.795,5.14276,194.0
2020-04-04,,,,,,192.2
2020-04-05,,,,,,190.9
2020-04-06,20.3,30.59619,34.93797,16.08,5.19811,192.4
2020-04-07,20.41,29.24927,34.96696,15.965,5.1418,191.6
2020-04-08,21.04,30.22828,34.86745,15.985,5.17535,190.6
2020-04-09,20.98,28.78566,34.58303,16.07,5.20757,189.2
2020-04-10,,,,,,188.5
2020-04-11,,,,,,187.4
2020-04-12,,,,,,186.8
2020-04-13,,29.07392,35.44014,,5.20976,188.5
2020-04-14,19.72,26.99498,35.90515,15.885,5.17556,189.7
2020-04-15,19.16,25.36411,34.45086,15.74,5.13877,191.3
2020-04-16,20.85,25.67842,34.72402,15.525,5.09046,190.9
2020-04-17,21.61,25.8397,34.7658,15.405,5.0796,190.8
2020-04-18,,,,,,189.5
2020-04-19,,,,,,187.9
2020-04-20,21.29,23.52346,34.33303,15.23,5.16559,189.0
2020-04-21,19.77,17.82553,31.1232,15.025,5.13879,191.0
2020-04-22,20.57,18.83321,32.66457,15.095,5.13591,189.4
2020-04-23,20.94,19.72443,32.17126,14.955,5.10681,187.7
2020-04-24,20.66,19.87393,32.10048,15.205,5.03801,187.3
2020-04-25,,,,,,185.7
2020-04-26,,,,,,186.2
2020-04-27,20.2,18.47334,31.72535,15.665,5.00878,187.9
2020-04-28,20.13,18.88848,31.86854,15.46,5.03831,185.2
2020-04-29,20.11,20.77802,31.96903,15.925,5.00323,
2020-04-30,19.49,23.10506,32.90665,16.025,4.97623,
2020-05-01,18.9,24.06261,31.73462,,4.919,188.4
2020-05-02,,,,,,188.4
2020-05-03,,,,,,189.8
2020-05-04,19.27,24.95413,32.00917,15.59,4.99312,191.8
2020-05-05,19.01,28.57011,33.31181,15.7,5.03229,193.2
2020-05-06,18.92,27.50069,32.67327,16.025,5.03377,191.6
2020-05-07,19.46,27.24498,32.67363,16.12,5.07029,192.3
2020-05-08,19.27,28.55167,34.01862,16.545,5.07744,192.9
2020-05-09,,,,,,191.7
2020-05-10,,,,,,192.5
2020-05-11,18.98,27.41488,33.00333,16.6,5.07494,196.5
2020-05-12,18.44,27.62879,32.61451,16.29,5.06635,194.6
2020-05-13,18.59,26.97283,32.76659,16.635,5.00139,196.8
2020-05-14,18.76,28.87219,33.48173,16.485,4.9898,198.8
2020-05-15,19.09,30.0731,33.70038,15.965,4.95975,200.2
2020-05-16,,,,,,197.2
2020-05-17,,,,,,196.8
2020-05-18,20.26,31.90943,34.89779,16.375,4.89962,195.5
2020-05-19,19.89,31.70464,34.74243,15.54,4.9021,196.7
2020-05-20,21.18,32.57106,35.2223,15.805,4.94944,196.2
2020-05-21,21.11,32.91648,35.33546,15.855,4.99087,192.8
2020-05-22,21.32,32.26488,35.30492,15.665,4.98714,193.0
2020-05-23,,,,,,193.3
2020-05-24,,,,,,191.6
2020-05-25,21.51,32.61728,,15.85,,192.8
2020-05-26,21.52,32.95372,36.02405,16.23,4.9426,193.0
2020-05-27,21.25,31.65376,35.50797,16.315,4.96583,192.4
2020-05-28,21.18,31.84443,35.66143,16.57,5.00361,193.7
2020-05-29,21.32,31.83456,36.42098,16.745,5.01442,192.2
2020-05-30,,,,,,192.0
2020-05-31,,,,,,188.4
2020-06-01,20.89,34.42947,36.24438,16.659,5.0,192.6
2020-06-02,21.99,35.41256,36.45069,16.945,4.94899,190.4
2020-06-03,22.0,35.40981,36.68239,17.53,4.94572,190.7
2020-06-04,22.13,35.29879,36.64931,17.095,4.98941,191.0
2020-06-05,23.16,37.46347,37.52546,17.395,4.98627,192.6
2020-06-06,,,,,,191.8
2020-06-07,,,,,,189.5
2020-06-08,22.64,36.13497,36.53352,17.75,4.98406,195.6
2020-06-09,22.41,36.30433,36.97435,17.415,4.91493,198.3
2020-06-10,22.84,36.76328,37.15972,17.185,4.88723,195.6
2020-06-11,22.21,33.92889,35.3899,16.41,4.8561,194.9
2020-06-12,21.93,34.46956,35.75116,16.47,4.91723,194.4
2020-06-13,,,,,,195.7
2020-06-14,,,,,,194.4
2020-06-15,22.1,35.19716,36.46433,16.565,4.89366,194.2
2020-06-16,22.72,36.35073,37.06958,17.125,4.86777,192.7
2020-06-17,22.69,36.24789,36.55062,17.01,4.85487,193.3
2020-06-18,24.4,37.08237,36.88583,16.955,4.83518,197.8
2020-06-19,24.09,37.6932,37.07674,16.925,4.80881,193.9
2020-06-20,,,,,,198.0
2020-06-21,,,,,,197.0
2020-06-22,24.46,38.25593,37.41231,16.61,4.80419,196.4
2020-06-23,25.34,37.69564,36.99708,16.95,4.79264,174.8
2020-06-24,25.33,35.74215,35.93722,16.33,4.77035,178.5
2020-06-25,25.11,36.56364,36.59927,16.15,4.78979,179.2
2020-06-26,24.66,36.52716,36.42921,16.455,4.72841,180.5
2020-06-27,,,,,,179.2
2020-06-28,,,,,,180.1
2020-06-29,26.55,37.15151,37.24058,16.29,4.79202,180.1
2020-06-30,26.9,36.60055,36.58276,16.48,4.82967,197.2
2020-07-01,27.64,37.31357,36.9407,16.53,4.8584,198.9
2020-07-02,27.3,38.41838,37.62579,17.05,4.83124,198.1
2020-07-03,27.84,38.07152,,16.855,,197.8
2020-07-04,,,,,,196.8
2020-07-05,,,,,,197.1
2020-07-06,29.62,38.11798,37.48121,17.03,4.80012,198.2
2020-07-07,29.31,38.15766,37.63508,16.99,4.81621,200.6
2020-07-08,29.24,38.18807,37.95872,16.925,4.93119,198.6
2020-07-09,28.53,37.50775,37.67603,16.685,4.99956,198.0
2020-07-10,28.95,38.26549,38.14159,16.72,4.99558,198.0
2020-07-11,,,,,,194.8
2020-07-12,,,,,,194.9
2020-07-13,29.27,37.57917,37.57037,16.94,4.9569,166.6
2020-07-14,29.56,37.62168,37.60414,16.78,4.94826,30.9
2020-07-15,28.75,38.38871,37.88902,16.59,5.06049,30.8
2020-07-16,26.51,38.01385,37.73337,16.61,4.98948,31.3
2020-07-17,27.73,37.72628,37.6913,16.855,4.95846,30.0
2020-07-18,,,,,,29.2
2020-07-19,,,,,,28.8
2020-07-20,26.08,37.83548,37.80051,17.11,4.88898,27.9
2020-07-21,26.52,38.48559,37.86905,17.355,4.88668,29.1
2020-07-22,26.55,38.25689,37.72134,16.615,4.889,27.8
2020-07-23,27.25,37.27194,37.26334,16.735,4.82143,28.3
2020-07-24,26.29,37.24968,37.67082,16.705,4.90546,29.4
2020-07-25,,,,,,68.8
2020-07-26,,,,,,192.8
2020-07-27,24.93,36.96041,37.64155,16.08,4.82546,185.8
2020-07-28,25.66,36.83,37.5032,16.05,4.79761,184.9
2020-07-29,26.12,37.15815,37.55733,16.02,4.81782,185.2
2020-07-30,25.47,36.3775,36.8265,15.9,4.78863,177.0
2020-07-31,26.21,36.72292,37.17242,15.775,4.81935,
2020-08-01,,,,,,179.1
2020-08-02,,,,,,199.9
2020-08-03,26.06,37.57767,38.07984,15.715,4.78764,199.1
2020-08-04,26.76,37.72287,38.18985,15.68,4.73977,199.4
2020-08-05,26.7,38.0443,38.09484,16.06,4.69553,203.7
2020-08-06,26.33,37.95455,38.16498,16.055,4.62542,203.2
2020-08-07,26.36,37.72623,37.95565,16.065,4.64993,203.1
2020-08-08,,,,,,203.6
2020-08-09,,,,,,201.2
2020-08-10,26.65,38.27959,38.29661,16.295,4.61372,199.9
2020-08-11,26.13,37.80477,37.98318,16.69,4.63639,197.0
2020-08-12,25.91,38.52612,38.50068,16.695,4.60482,196.1
2020-08-13,25.37,38.04688,38.24152,16.665,4.65854,195.6
2020-08-14,25.42,37.82187,38.05825,16.295,4.65597,195.5
2020-08-15,,,,,,198.3
2020-08-16,,,,,,197.5
2020-08-17,26.25,38.22885,38.49006,16.16,4.77123,198.3
2020-08-18,26.51,38.08646,38.24564,16.145,4.70216,199.3
2020-08-19,26.2,38.19667,38.49975,16.205,4.73354,202.0
2020-08-20,25.88,37.87751,38.45116,16.295,4.77687,189.8
2020-08-21,25.62,37.67094,38.42691,15.995,4.84159,188.4
2020-08-22,,,,,,188.9
2020-08-23,,,,,,187.4
2020-08-24,27.45,38.24576,38.76271,16.475,4.79661,191.0
2020-08-25,28.58,38.82492,39.04504,16.29,4.8256,193.1
2020-08-26,28.59,38.57336,38.91988,16.11,4.86604,192.2
2020-08-27,28.34,38.22158,38.6539,16.115,4.94829,192.6
2020-08-28,29.48,37.89217,38.64917,16.0,4.90159,191.4
2020-08-29,,,,,,191.7
2020-08-30,,,,,,189.2
2020-08-31,28.62,37.91025,38.05258,16.25,4.89367,194.9
2020-09-01,27.71,38.1934,38.37774,16.22,4.96062,191.4
2020-09-02,28.2,37.5,38.04862,16.635,4.97552,201.4
2020-09-03,28.71,37.2433,38.21516,16.79,4.93112,201.0
2020-09-04,27.33,36.04563,37.50739,16.8,4.92184,199.6
2020-09-05,,,,,,196.0
2020-09-06,,,,,,197.1
2020-09-07,27.03,35.55349,,17.06,,199.3
2020-09-08,26.77,33.7233,35.79179,16.925,4.91056,199.3
2020-09-09,27.18,34.55608,36.44527,17.025,4.91571,199.6
2020-09-10,28.4,33.7831,36.00945,17.0,4.9144,200.0
2020-09-11,28.24,33.64873,35.94661,16.945,4.89567,200.6
2020-09-12,,,,,,198.1
2020-09-13,,,,,,195.4
2020-09-14,30.44,33.37828,35.91472,16.99,4.89804,199.0
2020-09-15,29.76,34.19387,36.55615,17.29,4.8532,200.6
2020-09-16,29.96,35.67988,37.27711,17.38,4.88887,201.2
2020-09-17,28.41,36.62663,37.60785,17.75,4.97378,201.0
2020-09-18,27.97,36.3644,37.34199,17.29,5.04804,201.3
2020-09-19,,,,,,197.8
2020-09-20,,,,,,198.6
2020-09-21,26.38,35.29512,36.56418,16.725,5.00809,199.9
2020-09-22,27.83,35.64593,36.84211,16.745,5.03247,199.9
2020-09-23,26.48,35.75892,36.97457,16.975,4.98887,200.5
2020-09-24,26.77,35.95987,37.32316,16.985,5.00086,201.0
2020-09-25,26.15,36.07884,37.29237,16.995,4.97891,200.7
2020-09-26,,,,,,198.8
2020-09-27,,,,,,197.2
2020-09-28,27.69,36.40185,37.41421,17.52,5.02531,195.5
2020-09-29,26.76,34.95485,36.21571,17.27,4.9689,182.1
2020-09-30,26.91,34.93431,36.99881,17.155,5.11645,165.1
2020-10-01,26.49,34.84887,36.12601,17.11,5.0596,192.7
2020-10-02,27.01,33.51254,35.05718,17.225,5.08406,195.4
2020-10-03,,,,,,195.3
2020-10-04,,,,,,194.5
2020-10-05,26.92,35.03012,36.31119,17.655,5.10096,194.6
2020-10-06,26.78,36.20236,37.06816,17.68,5.1269,194.6
2020-10-07,26.89,35.66938,36.51036,17.835,5.20515,194.1
2020-10-08,26.33,36.86942,37.17567,18.01,5.12123,194.1
2020-10-09,25.71,36.24292,36.53895,17.78,5.08331,195.4
2020-10-10,,,,,,194.9
2020-10-11,,,,,,194.6
2020-10-12,25.87,35.323,35.97494,17.795,5.09906,196.5
2020-10-13,25.21,36.17384,36.54026,17.655,5.11717,189.4
2020-10-14,25.75,36.86495,36.9075,17.885,5.13361,186.3
2020-10-15,24.96,36.89835,36.98384,17.435,5.22784,186.8
2020-10-16,24.89,36.63282,36.80348,17.255,5.22229,191.1
2020-10-17,,,,,,190.7
2020-10-18,,,,,,188.7
2020-10-19,24.98,36.17382,36.62366,17.445,5.2071,191.8
2020-10-20,24.41,36.49277,36.90708,18.055,5.22745,193.8
2020-10-21,23.57,35.14401,35.67458,17.62,5.21939,198.4
2020-10-22,24.18,35.91609,36.25444,17.62,5.20005,198.4
2020-10-23,25.49,35.26978,35.59909,17.78,5.22883,195.3
2020-10-24,,,,,,192.2
2020-10-25,,,,,,188.3
2020-10-26,23.85,34.24171,34.90183,17.585,5.1773,189.8
2020-10-27,24.06,34.84144,35.46723,17.33,5.16068,178.9
2020-10-28,23.03,33.29078,34.43111,16.39,5.13148,179.4
2020-10-29,23.66,32.29542,33.93378,15.91,5.12309,180.1
2020-10-30,23.7,32.16555,34.09754,15.92,5.12622,
2020-11-01,,,,,,191.9
2020-11-02,23.67,33.51393,35.30272,16.385,5.19006,194.2
2020-11-03,24.38,33.91119,35.29462,16.72,5.18147,193.6
2020-11-04,25.11,35.1942,36.17584,17.14,5.20273,194.0
2020-11-05,25.97,34.67762,35.63501,17.115,5.183,192.9
2020-11-06,25.41,33.20428,34.47521,17.26,5.14898,191.0
2020-11-07,,,,,,188.7
2020-11-08,,,,,,189.4
2020-11-09,26.54,35.87444,36.39902,17.865,5.18233,195.0
2020-11-10,26.22,36.89509,36.69205,18.27,5.27496,195.7
2020-11-11,26.12,37.20377,37.05088,18.57,5.22169,197.9
2020-11-12,25.91,36.88983,36.69492,18.305,5.16314,197.6
2020-11-13,26.27,36.17453,35.9885,19.645,5.18138,196.7
2020-11-14,,,,,,195.1
2020-11-15,,,,,,194.4
2020-11-16,27.39,37.00388,36.47188,19.395,5.20182,195.8
2020-11-17,26.63,36.87937,36.42418,19.37,5.17365,193.6
2020-11-18,27.18,37.35468,36.65543,19.17,5.17902,194.5
2020-11-19,26.35,37.31217,36.50177,19.15,5.15153,194.8
2020-11-20,26.74,37.92813,36.68804,19.09,5.12696,194.1
2020-11-21,,,,,,198.7
2020-11-22,,,,,,196.8
2020-11-23,27.25,38.89874,36.96478,19.3,5.16004,197.5
2020-11-24,27.63,40.30995,37.65687,19.71,5.21983,198.0
2020-11-25,27.62,40.79389,38.07486,19.82,5.09609,200.1
2020-11-26,28.1,40.12423,,19.77,,200.5
2020-11-27,28.13,40.29439,37.88576,19.8,5.15388,202.3
2020-11-28,,,,,,202.2
2020-11-29,,,,,,202.3
2020-11-30,29.13,39.81094,37.67776,19.47,5.04015,205.2
2020-12-01,28.85,39.36903,36.77044,19.22,4.95434,202.3
2020-12-02,29.54,39.89912,36.85603,19.22,5.00289,202.6
2020-12-03,29.0,40.10374,36.54701,18.995,4.97901,201.4
2020-12-04,30.11,40.55501,37.11298,19.06,4.91601,201.3
2020-12-05,,,,,,200.2
2020-12-06,,,,,,198.7
2020-12-07,29.62,40.21264,37.16311,19.185,4.93283,200.7
2020-12-08,29.57,40.31366,37.2761,19.15,4.8865,200.4
2020-12-09,29.7,40.47382,37.38403,18.945,4.9619,200.5
2020-12-10,30.9,41.4604,37.78878,18.98,5.01856,198.7
2020-12-11,30.52,41.23958,37.64133,18.985,5.08996,200.9
2020-12-12,,,,,,198.3
2020-12-13,,,,,,198.7
2020-12-14,30.81,41.36371,37.85985,19.39,4.99054,204.0
2020-12-15,31.99,41.73999,38.18765,19.005,4.99959,204.2
2020-12-16,31.6,41.97551,38.35155,19.025,4.97987,202.2
2020-12-17,31.78,42.00653,38.58075,19.17,5.02039,203.3
2020-12-18,30.92,42.70655,38.9638,18.8,5.04413,200.5
2020-12-19,,,,,,200.2
2020-12-20,,,,,,197.9
2020-12-21,30.73,41.60673,38.23962,18.37,5.05884,198.3
2020-12-22,30.99,41.13347,37.8809,18.32,5.0924,198.1
2020-12-23,31.77,42.01198,38.55748,18.775,5.12431,198.1
2020-12-24,32.04,42.09965,38.64401,18.812,5.126,198.1
2020-12-25,,,,,,196.5
2020-12-26,,,,,,196.0
2020-12-27,,,,,,193.9
2020-12-28,33.29,41.66803,38.26806,19.175,5.06308,195.0
2020-12-29,32.86,41.73338,38.37608,19.11,5.08291,194.0
2020-12-30,32.02,41.7772,38.27813,19.056,5.16722,196.7
2020-12-31,32.54,42.37219,38.44581,18.972,5.19632,
2021-01-01,,,,,,194.8
2021-01-02,,,,,,196.7
2021-01-03,,,,,,199.0
2021-01-04,33.55,41.69591,38.00702,19.165,5.20689,195.8
2021-01-05,32.84,43.57724,38.86992,18.87,5.25407,198.2
2021-01-06,33.51,44.14993,38.87308,19.395,5.25652,199.2
2021-01-07,34.64,44.33393,39.15702,19.755,5.25029,200.4
2021-01-08,34.8,45.78461,39.96238,20.2,5.25186,201.0
2021-01-09,,,,,,200.3
2021-01-10,,,,,,199.7
2021-01-11,34.42,45.74669,40.32218,20.11,5.2478,203.2
2021-01-12,34.54,46.47228,40.89528,20.5,5.38193,204.8
2021-01-13,33.54,46.08303,41.12618,20.58,5.33909,208.8
2021-01-14,33.42,46.37514,41.32007,20.51,5.39208,211.0
2021-01-15,31.64,45.55978,41.02034,20.0,5.44692,215.8
2021-01-16,,,,,,215.3
2021-01-17,,,,,,214.5
2021-01-18,31.53,45.34161,,19.825,,214.2
2021-01-19,32.99,46.11831,41.01972,19.96,5.44922,212.4
2021-01-20,32.82,46.32031,41.04237,19.85,5.36054,211.6
2021-01-21,34.02,46.17664,40.85933,19.535,5.32966,210.9
2021-01-22,34.15,45.54122,40.28931,19.2,5.14506,208.2
2021-01-23,,,,,,205.3
2021-01-24,,,,,,204.2
2021-01-25,33.08,46.0107,40.65047,19.055,5.22849,206.9
2021-01-26,33.27,45.98996,40.44583,22.17,5.30353,208.9
2021-01-27,33.21,46.05545,40.74105,22.19,5.25252,209.9
2021-01-28,33.88,45.79794,40.34639,21.98,5.19175,210.5
2021-01-29,32.88,46.06001,40.19947,21.27,5.27118,225.3
2021-01-30,,,,,,219.6
2021-01-31,,,,,,213.9
2021-02-01,32.81,46.686,41.25932,21.35,5.24027,209.9
2021-02-02,34.93,47.80764,42.11665,21.34,5.2417,209.8
2021-02-03,37.38,48.6073,42.56257,21.54,5.27147,206.7
2021-02-04,37.22,49.19321,43.0566,21.46,5.27966,209.6
2021-02-05,38.15,49.2939,43.08025,21.27,5.27289,208.8
2021-02-06,,,,,,208.0
2021-02-07,,,,,,203.7
2021-02-08,38.56,50.26978,43.78683,21.08,5.3395,205.8
2021-02-09,38.21,50.46675,43.78356,20.44,5.29946,205.6
2021-02-10,39.28,50.64261,43.87873,20.26,5.21709,208.4
2021-02-11,38.71,50.41643,43.71238,20.37,5.2177,211.6
2021-02-12,39.97,51.49715,44.27947,20.96,5.23798,212.8
2021-02-13,,,,,,214.0
2021-02-14,,,,,,211.3
2021-02-15,39.47,52.18036,,20.85,,211.8
2021-02-16,38.82,52.31646,44.88397,20.78,5.339,214.0
2021-02-17,38.05,53.41636,45.39643,20.6,5.30718,217.3
2021-02-18,38.28,52.91342,45.05877,20.65,5.38197,217.3
2021-02-19,37.37,51.87598,44.47102,20.71,5.33108,211.5
2021-02-20,,,,,,206.9
2021-02-21,,,,,,204.7
2021-02-22,37.92,53.62926,45.62269,20.62,5.40074,209.5
2021-02-23,38.62,53.82019,45.88342,20.59,5.41125,208.8
2021-02-24,39.1,55.21331,47.14215,20.51,5.49539,205.9
2021-02-25,38.21,54.76132,46.90084,20.73,5.41636,201.3
2021-02-26,37.23,54.74338,45.99338,20.66,5.37459,202.8
2021-02-27,,,,,,199.7
2021-02-28,,,,,,198.3
2021-03-01,37.08,52.89428,45.64405,20.96,5.37538,206.4
2021-03-02,38.3,51.90397,45.23179,20.86,5.43667,207.4
2021-03-03,37.42,53.08202,46.28003,20.6,5.40804,206.9
2021-03-04,38.11,55.64449,47.82391,20.69,5.41104,208.5
2021-03-05,38.96,58.227,49.64741,20.93,5.45458,210.8
2021-03-06,,,,,,207.4
2021-03-07,,,,,,206.7
2021-03-08,39.07,57.5525,49.43915,21.47,5.48621,208.3
2021-03-09,40.58,56.80633,48.97358,21.2,5.53803,210.6
2021-03-10,41.47,57.02049,49.00067,21.37,5.49211,211.7
2021-03-11,41.86,58.16071,49.67424,21.34,5.41263,211.9
2021-03-12,42.79,57.93438,49.64848,21.41,5.40049,209.9
2021-03-13,,,,,,205.2
2021-03-14,,,,,,201.7
2021-03-15,42.3,57.74648,49.64789,20.84,5.41792,206.5
2021-03-16,41.49,57.4561,49.58414,20.81,5.4356,210.0
2021-03-17,42.87,57.10447,49.59691,21.15,5.39343,211.5
2021-03-18,42.28,53.0472,46.86059,20.86,5.31478,212.6
2021-03-19,41.85,54.18591,47.68662,20.82,5.30691,211.8
2021-03-20,,,,,,209.4
2021-03-21,,,,,,208.2
2021-03-22,42.72,54.11154,47.74745,20.75,5.28806,213.8
2021-03-23,41.32,51.26929,46.12465,20.84,5.35759,213.8
2021-03-24,41.49,54.46013,48.18635,20.88,5.33736,215.0
2021-03-25,40.26,52.61146,46.65817,21.01,5.29936,215.5
2021-03-26,41.63,54.76675,48.17642,20.97,5.29898,218.5
2021-03-27,,,,,,210.7
2021-03-28,,,,,,211.1
2021-03-29,41.75,55.1894,48.36079,21.1,5.32105,208.7
2021-03-30,41.95,54.7363,47.92627,20.97,5.26327,209.5
2021-03-31,42.45,54.0766,47.07234,20.97,5.36809,208.7
2021-04-01,42.37,55.09216,49.09539,20.79,5.30876,206.6
2021-04-02,,,49.14548,,5.31417,206.4
2021-04-03,,,,,,204.4
2021-04-04,,,,,,203.9
2021-04-05,,52.59817,47.32566,,5.3106,206.8
2021-04-06,44.14,52.91835,47.79858,20.9,5.27159,208.1
2021-04-07,43.77,53.15603,47.90439,20.79,5.28741,210.3
2021-04-08,43.39,53.01124,47.24878,20.9,5.35984,210.3
2021-04-09,43.56,52.89916,47.34454,20.88,5.43697,211.4
2021-04-10,,,,,,208.9
2021-04-11,,,,,,206.2
2021-04-12,44.39,53.10507,47.71735,20.8,5.36883,209.0
2021-04-13,43.76,53.33389,48.09013,20.76,5.38616,210.2
2021-04-14,43.73,55.55277,49.61202,20.77,5.50271,207.6
2021-04-15,44.08,55.91846,49.56144,20.79,5.53212,208.6
2021-04-16,44.33,55.72991,49.26968,20.86,5.53585,208.8
2021-04-17,,,,,,207.8
2021-04-18,,,,,,207.5
2021-04-19,44.27,55.69862,49.06131,20.97,5.50964,208.4
2021-04-20,44.81,55.33666,48.56193,20.68,5.55694,208.5
2021-04-21,45.82,54.30662,47.90489,20.93,5.64308,206.4
2021-04-22,47.0,54.45916,48.23049,20.93,5.86435,207.1
2021-04-23,46.86,54.74042,48.44746,20.94,5.87894,207.1
2021-04-24,,,,,,207.5
2021-04-25,,,,,,206.1
2021-04-26,47.11,54.30557,48.26702,20.98,6.04682,208.2
2021-04-27,47.2,55.02444,48.95203,21.06,6.04134,209.4
2021-04-28,47.69,55.64103,49.36311,21.42,5.92639,209.2
2021-04-29,47.91,56.57699,49.89272,21.37,5.96633,209.5
2021-04-30,48.73,55.91586,49.2309,21.35,6.05097,206.9
2021-05-01,,,,,,203.9
2021-05-02,,,,,,204.7
2021-05-03,49.31,56.05244,49.88799,21.37,5.96117,207.4
2021-05-04,48.5,57.31403,51.04011,21.24,6.04718,206.7
2021-05-05,49.33,57.49541,51.2006,21.27,6.19476,210.2
2021-05-06,49.82,56.50622,50.61411,21.35,6.26141,212.4
2021-05-07,50.33,56.19291,50.4979,21.45,6.27315,212.4
2021-05-08,,,,,,215.3
2021-05-09,,,,,,210.3
2021-05-10,52.1,56.18883,50.62094,21.46,6.03051,216.3
2021-05-11,52.91,56.35482,50.99474,21.5,6.08353,216.7
2021-05-12,55.17,57.45069,52.03879,21.49,6.0397,217.6
2021-05-13,54.35,55.50497,50.21523,21.54,5.82161,218.4
2021-05-14,56.49,56.61201,50.81157,21.75,5.81898,209.7
2021-05-15,,,,,,207.4
2021-05-16,,,,,,207.3
2021-05-17,56.15,57.14051,51.21751,21.85,5.7523,208.6
2021-05-18,52.9,56.2413,50.51977,21.61,5.74814,204.7
2021-05-19,49.55,54.59012,49.02137,21.52,5.62607,209.7
2021-05-20,52.58,53.29023,48.14209,21.53,5.60648,209.5
2021-05-21,51.65,54.62018,49.35876,21.56,5.6026,213.2
2021-05-22,,,,,,217.2
2021-05-23,,,,,,215.4
2021-05-24,52.68,56.04585,50.66721,21.52,5.51167,216.8
2021-05-25,53.24,56.0866,50.55556,21.58,5.47386,220.6
2021-05-26,53.59,56.45082,50.89344,21.64,5.45287,220.6
2021-05-27,51.76,56.99048,51.27995,21.55,5.68182,220.1
2021-05-28,50.95,57.06909,50.79092,21.52,5.5938,218.6
2021-05-29,,,,,,218.6
2021-05-30,,,,,,217.2
2021-05-31,51.62,56.68956,,21.5,,219.7
2021-06-01,52.32,57.42663,51.70441,21.37,5.77945,215.5
2021-06-02,51.32,58.42614,52.51392,21.42,5.79143,210.9
2021-06-03,50.17,58.83663,52.88779,21.41,5.74257,211.7
2021-06-04,49.9,59.1152,53.20286,21.46,5.81778,210.1
2021-06-05,,,,,,202.5
2021-06-06,,,,,,201.9
2021-06-07,51.38,58.62239,53.02173,21.6,5.79131,209.1
2021-06-08,52.08,59.30366,53.62128,21.67,5.82403,199.2
2021-06-09,53.42,59.3134,53.64652,21.75,5.8065,201.4
2021-06-10,53.69,59.5549,53.7653,21.74,5.79166,209.9
2021-06-11,52.58,60.08927,54.28619,21.89,5.79483,221.1
2021-06-12,,,,,,217.9
2021-06-13,,,,,,218.3
2021-06-14,52.8,60.10559,54.29797,21.86,5.721,221.0
2021-06-15,51.3,61.02771,54.83339,21.89,5.61902,219.9
2021-06-16,51.24,61.38802,54.96782,22.0,5.61561,221.2
2021-06-17,50.81,61.43241,54.92603,21.93,5.53758,223.2
2021-06-18,51.8,61.90316,55.30947,21.78,5.70947,221.7
2021-06-19,,,,,,220.4
2021-06-20,,,,,,216.3
2021-06-21,52.33,62.84084,55.96946,21.84,5.69049,212.6
2021-06-22,53.31,62.68119,56.1039,21.77,5.60746,169.1
2021-06-23,54.56,62.99429,56.41756,21.68,5.68448,171.2
2021-06-24,54.98,63.35206,56.78712,21.95,5.58816,176.8
2021-06-25,54.95,63.81838,57.10815,21.94,5.5039,180.5
2021-06-26,,,,,,181.5
2021-06-27,,,,,,180.5
2021-06-28,55.4,62.63524,56.49585,21.92,5.60052,191.2
2021-06-29,55.53,62.84465,56.69132,21.92,5.5754,214.7
2021-06-30,56.25,63.40619,57.05123,21.73,5.84859,213.3
2021-07-01,57.52,64.0054,57.86142,21.89,5.76842,219.1
2021-07-02,57.24,64.31104,58.08848,21.98,5.68431,217.8
2021-07-03,,,,,,217.4
2021-07-04,,,,,,216.0
2021-07-05,57.77,65.01517,,22.02,,214.9
2021-07-06,53.92,63.08083,56.60601,22.0,5.46763,215.1
2021-07-07,52.52,62.22881,55.91525,22.01,5.44915,216.3
2021-07-08,52.26,62.57493,56.27691,21.87,5.39679,216.0
2021-07-09,54.17,63.65858,57.30536,22.01,5.37159,216.9
2021-07-10,,,,,,205.6
2021-07-11,,,,,,205.1
2021-07-12,51.62,63.38337,57.26935,22.13,5.55743,181.3
2021-07-13,52.76,64.80007,58.59878,22.37,5.5532,52.9
2021-07-14,53.27,63.17924,57.22978,22.23,5.69805,52.7
2021-07-15,52.89,62.24689,56.65509,22.19,5.83962,52.7
2021-07-16,52.79,62.30632,56.91305,22.14,5.98383,53.2
2021-07-17,,,,,,53.1
2021-07-18,,,,,,52.7
2021-07-19,52.32,58.15747,53.1401,21.98,6.04924,55.6
2021-07-20,51.13,58.88096,53.77823,22.15,6.07701,55.6
2021-07-21,52.06,61.2482,55.78733,22.24,6.16255,55.7
2021-07-22,50.72,62.7306,56.83074,22.47,6.02525,64.4
2021-07-23,50.82,62.96737,56.98504,22.61,5.96745,211.8
2021-07-24,,,,,,220.8
2021-07-25,,,,,,219.3
2021-07-26,53.12,63.07145,56.85743,22.48,5.8902,218.1
2021-07-27,52.83,62.92666,56.61541,22.49,5.85079,215.4
2021-07-28,53.76,63.26392,57.19485,22.29,5.96961,221.1
2021-07-29,53.98,63.98822,57.83761,21.87,6.05595,219.1
2021-07-30,53.26,64.36462,58.07404,21.84,6.06923,221.1
2021-07-31,,,,,,215.6
2021-08-01,,,,,,213.2
2021-08-02,54.36,61.40691,56.17523,21.58,6.27843,209.8
2021-08-03,54.12,61.01281,56.03303,21.84,6.25,206.2
2021-08-04,55.39,59.45261,54.84034,21.84,6.24261,206.0
2021-08-05,55.91,60.21623,55.67193,21.9,6.21885,206.3
2021-08-06,56.59,60.1395,55.8098,21.77,6.34995,211.6
2021-08-07,,,,,,212.1
2021-08-08,,,,,,211.7
2021-08-09,56.55,58.79748,54.52223,21.75,6.30216,216.3
2021-08-10,57.34,60.28508,55.89792,21.7,6.41857,216.3
2021-08-11,57.7,60.81034,56.4777,21.65,6.40109,216.1
2021-08-12,56.19,60.75141,56.50026,21.73,6.61953,213.8
2021-08-13,55.31,59.82203,55.70339,21.79,6.64619,211.9
2021-08-14,,,,,,214.0
2021-08-15,,,,,,213.7
2021-08-16,58.09,59.03185,54.95541,21.69,6.68577,213.3
2021-08-17,57.17,58.95465,54.69297,21.78,6.52703,213.8
2021-08-18,57.07,58.32122,53.91059,21.81,6.55612,214.7
2021-08-19,53.44,56.85318,52.54107,21.88,6.50453,215.6
2021-08-20,54.32,55.69512,51.37999,21.82,6.37443,218.0
2021-08-21,,,,,,218.1
2021-08-22,,,,,,217.0
2021-08-23,55.29,58.56547,53.97393,22.0,6.406,222.3
2021-08-24,56.58,60.47838,55.47327,21.89,6.38619,223.1
2021-08-25,56.49,61.43707,56.06293,21.89,6.3244,224.5
2021-08-26,56.81,60.46967,55.32205,21.79,6.42389,221.8
2021-08-27,58.94,61.60495,56.25794,21.72,6.35116,222.5
2021-08-28,,,,,,223.0
2021-08-29,,,,,,223.3
2021-08-30,60.69,62.22241,56.62824,21.75,6.28708,223.7
2021-08-31,60.7,61.81926,56.25476,21.79,6.30135,222.2
2021-09-01,60.05,60.4237,56.22046,21.96,6.20147,210.4
2021-09-02,61.46,61.55078,57.22714,21.95,6.1968,209.4
2021-09-03,61.26,61.06812,56.66947,21.75,6.25315,207.8
2021-09-04,,,,,,207.1
2021-09-05,,,,,,207.0
2021-09-06,62.25,60.83733,,21.7,,203.3
2021-09-07,61.93,60.52342,56.15872,21.63,6.21359,202.8
2021-09-08,62.39,61.42652,56.77299,21.73,6.14477,202.6
2021-09-09,62.69,60.38709,55.90771,21.71,5.97743,202.5
2021-09-10,60.86,61.69727,57.17066,21.7,5.96709,208.6
2021-09-11,,,,,,207.1
2021-09-12,,,,,,198.6
2021-09-13,61.01,62.25968,57.70306,21.97,5.94774,202.2
2021-09-14,59.8,62.25681,57.57909,21.88,6.05439,205.3
2021-09-15,59.8,63.92748,58.96306,21.74,6.16528,212.5
2021-09-16,59.26,64.34524,59.20068,21.87,6.18622,209.9
2021-09-17,59.43,64.25038,58.92035,21.68,6.16365,211.4
2021-09-18,,,,,,210.9
2021-09-19,,,,,,209.1
2021-09-20,60.63,63.06091,57.62668,21.4,6.09964,205.6
2021-09-21,60.11,63.40382,58.03206,21.49,6.01126,206.0
2021-09-22,60.54,64.92543,59.36089,21.51,6.1291,206.1
2021-09-23,60.48,65.77827,60.14135,21.63,6.23297,205.4
2021-09-24,62.88,66.65244,60.80574,21.52,6.29908,205.4
2021-09-25,,,,,,204.8
2021-09-26,,,,,,203.5
2021-09-27,64.31,67.96274,62.13468,21.63,6.30448,194.5
2021-09-28,61.86,67.70245,62.04417,21.77,6.19543,194.1
2021-09-29,62.81,67.78726,62.29635,21.89,6.26455,195.7
2021-09-30,61.66,67.8593,62.55293,21.7,6.39098,196.1
2021-10-01,61.96,68.36251,63.29223,21.82,6.62456,209.2
2021-10-02,,,,,,208.3
2021-10-03,,,,,,206.8
2021-10-04,63.32,69.93716,64.6269,21.78,6.63999,216.2
2021-10-05,64.63,71.14175,65.75614,21.77,6.55106,217.9
2021-10-06,59.03,70.2417,64.86182,21.84,6.6014,217.7
2021-10-07,60.3,70.91554,65.48114,21.79,6.56369,217.6
2021-10-08,58.28,71.24697,65.71256,21.8,6.49429,218.8
2021-10-09,,,,,,218.2
2021-10-10,,,,,,216.6
2021-10-11,59.1,72.34282,66.78198,21.52,6.48621,217.4
2021-10-12,58.9,72.36294,66.91534,21.99,6.51891,218.4
2021-10-13,59.04,71.84315,66.5659,23.03,6.36336,217.5
2021-10-14,61.41,72.48878,67.16431,23.87,6.39455,211.0
2021-10-15,59.42,73.18672,67.57223,23.17,6.47046,210.9
2021-10-16,,,,,,211.2
2021-10-17,,,,,,212.0
2021-10-18,58.53,72.56066,67.15712,23.09,6.47479,211.8
2021-10-19,54.52,73.11791,67.5232,22.37,6.46485,212.6
2021-10-20,57.76,73.62732,68.11942,22.31,6.55885,210.9
2021-10-21,57.95,72.71399,67.06772,22.35,6.50567,210.8
2021-10-22,58.24,73.52992,67.41747,22.08,6.61752,211.2
2021-10-23,,,,,,212.4
2021-10-24,,,,,,214.3
2021-10-25,58.96,74.09099,67.91315,21.98,6.67327,215.1
2021-10-26,59.78,74.56632,68.51644,22.28,6.63459,215.8
2021-10-27,59.88,72.85727,66.9739,22.51,6.68878,216.0
2021-10-28,58.56,72.20414,66.35554,22.61,6.75201,215.2
2021-10-29,58.69,73.12592,66.94688,22.74,6.82901,214.7
2021-10-30,,,,,,212.6
2021-10-31,,,,,,209.0
2021-11-01,56.93,73.06365,67.13817,23.22,6.995,192.8
2021-11-02,59.45,73.14167,67.4005,23.18,6.96495,192.1
2021-11-03,59.82,70.77866,65.26243,23.19,6.87586,200.6
2021-11-04,59.86,69.74972,64.51026,23.43,6.8481,201.6
2021-11-05,59.39,71.59297,66.53111,23.42,6.7816,201.6
2021-11-06,,,,,,200.7
2021-11-07,,,,,,201.5
2021-11-08,60.62,72.00932,66.82203,23.14,6.78189,203.6
2021-11-09,60.41,73.13665,67.70186,23.21,6.84955,203.7
2021-11-10,63.16,71.78596,66.3829,22.99,7.10129,203.5
2021-11-11,63.7,72.36923,66.95485,22.6,7.22426,206.5
2021-11-12,63.27,71.77046,66.43375,22.43,7.26919,206.8
2021-11-13,,,,,,205.7
2021-11-14,,,,,,207.1
2021-11-15,65.92,72.06218,66.86281,22.67,7.38626,206.7
2021-11-16,67.54,72.7666,67.36405,22.64,7.28284,206.1
2021-11-17,67.15,70.92499,65.90688,22.92,7.39906,209.3
2021-11-18,69.09,71.45119,66.63149,22.51,7.35488,213.5
2021-11-19,69.34,69.82652,65.19738,22.99,7.43494,207.3
2021-11-20,,,,,,204.9
2021-11-21,,,,,,204.7
2021-11-22,69.89,70.85704,66.41181,23.82,7.66803,207.6
2021-11-23,69.15,73.13844,68.10023,23.98,7.75058,207.4
2021-11-24,72.89,73.46374,68.33691,23.94,7.65005,207.4
2021-11-25,74.44,73.34523,,24.35,,208.3
2021-11-26,72.76,64.33121,59.35067,24.08,7.4885,213.7
2021-11-27,,,,,,205.5
2021-11-28,,,,,,204.4
2021-11-29,74.18,65.17571,61.16436,24.68,7.35268,208.7
2021-11-30,75.35,62.39059,57.5988,24.44,7.01751,213.9
2021-12-01,76.78,60.81773,57.25009,24.38,7.03153,219.4
2021-12-02,79.84,61.6385,58.18809,24.49,7.25029,220.5
2021-12-03,78.23,61.78057,58.09389,24.39,7.15675,222.1
2021-12-04,,,,,,220.5
2021-12-05,,,,,,220.6
2021-12-06,81.24,64.79298,60.99832,25.06,7.19257,221.7
2021-12-07,84.91,67.09355,63.37602,25.24,7.23275,224.2
2021-12-08,88.87,66.80765,63.1245,25.15,7.04247,224.6
2021-12-09,80.2,65.91674,62.25864,25.23,6.93091,221.9
2021-12-10,83.73,66.39279,62.68222,25.22,6.98604,221.5
2021-12-11,,,,,,217.7
2021-12-12,,,,,,215.2
2021-12-13,82.12,65.87266,62.45462,25.57,7.03312,218.1
2021-12-14,79.48,65.38325,62.08304,25.43,7.0307,218.2
2021-12-15,80.5,65.61279,62.21137,25.95,6.76732,217.3
2021-12-16,84.78,66.2838,63.04117,26.56,6.8475,220.1
2021-12-17,73.28,65.24672,62.07845,26.72,6.90895,221.7
2021-12-18,,,,,,219.7
2021-12-19,,,,,,220.3
2021-12-20,79.38,63.38178,60.2889,26.79,6.91687,225.3
2021-12-21,80.29,65.66078,62.51886,27.31,7.11591,227.6
2021-12-22,76.15,66.45776,63.40365,27.24,7.2182,229.9
2021-12-23,73.74,67.78689,64.32919,28.11,7.21972,217.2
2021-12-24,75.61,67.28526,,,,222.5
2021-12-25,,,,,,225.3
2021-12-26,,,,,,222.0
2021-12-27,76.37,69.39172,65.92213,28.34,7.13561,225.3
2021-12-28,78.67,69.79046,66.42207,28.91,6.9733,223.9
2021-12-29,79.66,69.88005,66.77545,28.85,6.98315,225.3
2021-12-30,79.47,70.10163,67.28237,28.748,6.92002,219.6
2021-12-31,79.96,68.31196,65.38732,,6.80002,213.9
2022-01-01,,,,,,184.3
2022-01-02,,,,,,186.1
2022-01-03,83.52,69.99291,66.89117,28.71,6.74849,185.9
2022-01-04,84.46,70.83407,67.62883,28.54,6.84877,187.3
2022-01-05,87.15,71.24592,67.90406,28.46,6.74323,189.1
2022-01-06,86.31,72.58322,69.2546,28.57,6.63731,187.4
2022-01-07,85.0,71.98204,68.52162,28.58,6.69631,190.6
2022-01-08,,,,,,186.8
2022-01-09,,,,,,185.6
2022-01-10,79.74,71.38318,68.05543,28.68,6.73934,195.9
2022-01-11,80.97,73.73613,70.44213,29.11,6.81038,193.3
2022-01-12,79.69,73.98637,70.93674,28.39,6.64322,196.8
2022-01-13,80.22,73.70212,70.55231,28.54,6.53521,191.7
2022-01-14,81.73,75.47799,72.28556,29.12,6.52956,197.6
2022-01-15,,,,,,195.2
2022-01-16,,,,,,195.1
2022-01-17,80.23,75.77988,,29.76,,201.2
2022-01-18,82.31,77.28516,74.06164,29.58,6.80253,195.9
2022-01-19,81.74,77.96191,74.74436,29.13,7.04337,196.5
2022-01-20,85.24,78.02596,74.73294,28.87,7.00539,196.1
2022-01-21,84.11,77.46342,74.15829,28.36,6.91653,195.6
2022-01-22,,,,,,194.8
2022-01-23,,,,,,192.9
2022-01-24,83.66,76.15643,72.74894,28.21,7.09746,196.8
2022-01-25,87.09,78.13607,74.74309,28.06,7.28428,200.8
2022-01-26,88.29,79.69525,76.15167,27.56,7.09382,200.6
2022-01-27,89.39,80.20469,76.56881,28.45,7.02262,200.6
2022-01-28,88.82,80.73715,76.61196,28.38,7.09353,199.8
2022-01-29,,,,,,198.7
2022-01-30,,,,,,196.5
2022-01-31,88.8,81.29958,77.09243,28.21,6.82993,199.6
2022-02-01,89.1,79.28857,76.88751,28.21,6.88306,217.7
2022-02-02,93.67,79.09999,76.64221,28.6,6.72796,215.2
2022-02-03,94.29,79.61377,77.28941,28.04,6.62574,214.2
2022-02-04,95.93,81.43007,78.86328,27.91,6.72254,211.8
2022-02-05,,,,,,210.5
2022-02-06,,,,,,208.9
2022-02-07,96.18,81.17172,78.61459,27.63,6.79569,209.4
2022-02-08,96.38,79.48516,76.96349,27.33,6.86455,209.4
2022-02-09,90.31,80.04022,77.3999,27.84,6.91554,208.8
2022-02-10,90.34,79.72961,77.24379,28.29,6.79241,205.8
2022-02-11,92.43,82.8639,80.21409,24.75,7.05449,204.1
2022-02-12,,,,,,203.6
2022-02-13,,,,,,205.2
2022-02-14,91.27,85.30504,82.6702,24.62,7.12202,209.2
2022-02-15,90.63,82.1199,79.4172,24.04,6.91742,210.0
2022-02-16,89.31,83.34945,80.72967,24.8,6.91209,198.8
2022-02-17,85.94,81.84699,79.26754,24.3,7.08469,198.8
2022-02-18,89.02,82.61791,79.67674,24.24,7.10122,202.1
2022-02-19,,,,,,196.0
2022-02-20,,,,,,196.4
2022-02-21,89.26,84.14785,,23.1,,195.3
2022-02-22,89.37,85.44203,81.09229,22.74,7.52162,201.5
2022-02-23,94.67,85.6082,81.41796,22.8,7.82134,211.2
2022-02-24,86.63,88.7257,83.11095,22.69,8.37065,
2022-02-25,87.71,87.11858,81.47852,23.65,7.64834,
2022-02-28,81.81,90.12941,85.42615,23.83,8.33556,
2022-03-01,68.52,94.49095,93.08669,23.23,8.85768,
2022-03-02,68.24,101.71125,99.61272,23.14,9.53796,
2022-03-03,67.06,99.95476,97.4301,22.94,10.26151,
2022-03-04,64.77,108.09995,105.87589,22.84,11.06535,
2022-03-07,57.93,113.29655,109.7931,23.24,11.89885,
2022-03-08,68.12,116.95147,113.0403,24.28,11.75637,
2022-03-09,70.12,110.19131,107.32989,24.88,11.13476,
