,ICEDEU3,CO1COMDTY,CLJ2COMBCOMDTY,GASEUEQUITY,WK2COMBCOMDTY,GT1CDEGSACT24AVINEXMW
2022-03-09,70.12,110.19131,107.32989,24.88,11.13476,6902.1
2022-03-08,68.12,116.95147,113.0403,24.28,11.75637,0.0
2022-03-07,57.93,113.29655,109.7931,23.24,11.89885,8456.8
2022-03-06,0.0,0.0,0.0,0.0,0.0,4961.0
2022-03-05,0.0,0.0,0.0,0.0,0.0,5597.6
2022-03-04,64.77,108.09995,105.87589,22.84,11.06535,7886.8
2022-03-03,67.06,99.95476,97.4301,22.94,10.26151,8248.5
2022-03-02,68.24,101.71125,99.61272,23.14,9.53796,9702.9
2022-03-01,68.52,94.49095,93.08669,23.23,8.85768,8446.1
2022-02-28,81.81,90.12941,85.42615,23.83,8.33556,5594.8
2022-02-27,0.0,0.0,0.0,0.0,0.0,3569.7
2022-02-26,0.0,0.0,0.0,0.0,0.0,5378.4
2022-02-25,87.71,87.11858,81.47852,23.65,7.64834,4244.6
2022-02-24,86.63,88.7257,83.11095,22.69,8.37065,5042.1
2022-02-23,94.67,85.6082,81.41796,22.8,7.82134,5886.5
2022-02-22,89.37,85.44203,81.09229,22.74,7.52162,5204.1
2022-02-21,89.26,84.14785,0.0,23.1,0.0,4127.6
2022-02-20,0.0,0.0,0.0,0.0,0.0,3302.8
2022-02-19,0.0,0.0,0.0,0.0,0.0,4051.9
2022-02-18,89.02,82.61791,79.67674,24.24,7.10122,4995.0
2022-02-17,85.94,81.84699,79.26754,24.3,7.08469,4273.6
2022-02-16,89.31,83.34945,80.72967,24.8,6.91209,5098.1
2022-02-15,90.63,82.1199,79.4172,24.04,6.91742,6277.7
2022-02-14,91.27,85.30504,82.6702,24.62,7.12202,5634.3
2022-02-13,0.0,0.0,0.0,0.0,0.0,4190.3
2022-02-12,0.0,0.0,0.0,0.0,0.0,5510.9
2022-02-11,92.43,82.8639,80.21409,24.75,7.05449,7288.4
2022-02-10,90.34,79.72961,77.24379,28.29,6.79241,8895.3
2022-02-09,90.31,80.04022,77.3999,27.84,6.91554,6528.6
2022-02-08,96.38,79.48516,76.96349,27.33,6.86455,5522.5
2022-02-07,96.18,81.17172,78.61459,27.63,6.79569,5067.4
2022-02-06,0.0,0.0,0.0,0.0,0.0,3223.8
2022-02-05,0.0,0.0,0.0,0.0,0.0,3994.8
2022-02-04,95.93,81.43007,78.86328,27.91,6.72254,6042.2
2022-02-03,94.29,79.61377,77.28941,28.04,6.62574,9316.4
2022-02-02,93.67,79.09999,76.64221,28.6,6.72796,6788.0
2022-02-01,89.1,79.28857,76.88751,28.21,6.88306,6321.8
2022-01-31,88.8,81.29958,77.09243,28.21,6.82993,7474.6
2022-01-30,0.0,0.0,0.0,0.0,0.0,3926.6
2022-01-29,0.0,0.0,0.0,0.0,0.0,4252.3
2022-01-28,88.82,80.73715,76.61196,28.38,7.09353,6807.1
2022-01-27,89.39,80.20469,76.56881,28.45,7.02262,5611.4
2022-01-26,88.29,79.69525,76.15167,27.56,7.09382,10535.7
2022-01-25,87.09,78.13607,74.74309,28.06,7.28428,12637.9
2022-01-24,83.66,76.15643,72.74894,28.21,7.09746,11247.8
2022-01-23,0.0,0.0,0.0,0.0,0.0,8975.1
2022-01-22,0.0,0.0,0.0,0.0,0.0,8815.1
2022-01-21,84.11,77.46342,74.15829,28.36,6.91653,7878.2
2022-01-20,85.24,78.02596,74.73294,28.87,7.00539,5883.8
2022-01-19,81.74,77.96191,74.74436,29.13,7.04337,7633.0
2022-01-18,82.31,77.28516,74.06164,29.58,6.80253,10854.9
2022-01-17,80.23,75.77988,0.0,29.76,0.0,6271.3
2022-01-16,0.0,0.0,0.0,0.0,0.0,4874.2
2022-01-15,0.0,0.0,0.0,0.0,0.0,9573.3
2022-01-14,81.73,75.47799,72.28556,29.12,6.52956,9695.3
2022-01-13,80.22,73.70212,70.55231,28.54,6.53521,9079.7
2022-01-12,79.69,73.98637,70.93674,28.39,6.64322,11406.4
2022-01-11,80.97,73.73613,70.44213,29.11,6.81038,11236.5
2022-01-10,79.74,71.38318,68.05543,28.68,6.73934,10792.5
2022-01-09,0.0,0.0,0.0,0.0,0.0,4597.8
2022-01-08,0.0,0.0,0.0,0.0,0.0,4448.6
2022-01-07,85.0,71.98204,68.52162,28.58,6.69631,5291.6
2022-01-06,86.31,72.58322,69.2546,28.57,6.63731,6721.0
2022-01-05,87.15,71.24592,67.90406,28.46,6.74323,4164.1
2022-01-04,84.46,70.83407,67.62883,28.54,6.84877,6534.7
2022-01-03,83.52,69.99291,66.89117,28.71,6.74849,3863.2
2022-01-02,0.0,0.0,0.0,0.0,0.0,2654.7
2022-01-01,0.0,0.0,0.0,0.0,0.0,2754.1
2021-12-31,79.96,68.31196,65.38732,0.0,6.80002,2789.7
2021-12-30,79.47,70.10163,67.28237,28.748,6.92002,3218.9
2021-12-29,79.66,69.88005,66.77545,28.85,6.98315,3889.6
2021-12-28,78.67,69.79046,66.42207,28.91,6.9733,3690.9
2021-12-27,76.37,69.39172,65.92213,28.34,7.13561,4367.4
2021-12-26,0.0,0.0,0.0,0.0,0.0,4154.0
2021-12-25,0.0,0.0,0.0,0.0,0.0,4052.2
2021-12-24,75.61,67.28526,0.0,0.0,0.0,3791.2
2021-12-23,73.74,67.78689,64.32919,28.11,7.21972,5781.6
2021-12-22,76.15,66.45776,63.40365,27.24,7.2182,10235.9
2021-12-21,80.29,65.66078,62.51886,27.31,7.11591,11122.3
2021-12-20,79.38,63.38178,60.2889,26.79,6.91687,9469.1
2021-12-19,0.0,0.0,0.0,0.0,0.0,4504.7
2021-12-18,0.0,0.0,0.0,0.0,0.0,7427.2
2021-12-17,73.28,65.24672,62.07845,26.72,6.90895,10015.0
2021-12-16,84.78,66.2838,63.04117,26.56,6.8475,10027.6
2021-12-15,80.5,65.61279,62.21137,25.95,6.76732,9081.3
2021-12-14,79.48,65.38325,62.08304,25.43,7.0307,9249.3
2021-12-13,82.12,65.87266,62.45462,25.57,7.03312,8805.2
2021-12-12,0.0,0.0,0.0,0.0,0.0,4648.0
2021-12-11,0.0,0.0,0.0,0.0,0.0,8604.4
2021-12-10,83.73,66.39279,62.68222,25.22,6.98604,9635.2
2021-12-09,80.2,65.91674,62.25864,25.23,6.93091,10058.1
2021-12-08,88.87,66.80765,63.1245,25.15,7.04247,7141.1
2021-12-07,84.91,67.09355,63.37602,25.24,7.23275,8502.8
2021-12-06,81.24,64.79298,60.99832,25.06,7.19257,9417.8
2021-12-05,0.0,0.0,0.0,0.0,0.0,6297.2
2021-12-04,0.0,0.0,0.0,0.0,0.0,6679.5
2021-12-03,78.23,61.78057,58.09389,24.39,7.15675,5408.2
2021-12-02,79.84,61.6385,58.18809,24.49,7.25029,7876.8
2021-12-01,76.78,60.81773,57.25009,24.38,7.03153,4131.6
2021-11-30,75.35,62.39059,57.5988,24.44,7.01751,4936.4
2021-11-29,74.18,65.17571,61.16436,24.68,7.35268,9052.9
2021-11-28,0.0,0.0,0.0,0.0,0.0,6328.3
2021-11-27,0.0,0.0,0.0,0.0,0.0,7551.7
2021-11-26,72.76,64.33121,59.35067,24.08,7.4885,7497.1
2021-11-25,74.44,73.34523,0.0,24.35,0.0,10179.7
2021-11-24,72.89,73.46374,68.33691,23.94,7.65005,11134.4
2021-11-23,69.15,73.13844,68.10023,23.98,7.75058,9639.9
2021-11-22,69.89,70.85704,66.41181,23.82,7.66803,8797.3
2021-11-21,0.0,0.0,0.0,0.0,0.0,4650.9
2021-11-20,0.0,0.0,0.0,0.0,0.0,3782.6
2021-11-19,69.34,69.82652,65.19738,22.99,7.43494,4416.0
2021-11-18,69.09,71.45119,66.63149,22.51,7.35488,4218.0
2021-11-17,67.15,70.92499,65.90688,22.92,7.39906,7055.4
2021-11-16,67.54,72.7666,67.36405,22.64,7.28284,10526.6
2021-11-15,65.92,72.06218,66.86281,22.67,7.38626,9625.8
2021-11-14,0.0,0.0,0.0,0.0,0.0,5437.4
2021-11-13,0.0,0.0,0.0,0.0,0.0,6563.4
2021-11-12,63.27,71.77046,66.43375,22.43,7.26919,8821.6
2021-11-11,63.7,72.36923,66.95485,22.6,7.22426,10248.7
2021-11-10,63.16,71.78596,66.3829,22.99,7.10129,9037.6
2021-11-09,60.41,73.13665,67.70186,23.21,6.84955,8195.4
2021-11-08,60.62,72.00932,66.82203,23.14,6.78189,7929.1
2021-11-07,0.0,0.0,0.0,0.0,0.0,2946.4
2021-11-06,0.0,0.0,0.0,0.0,0.0,3460.0
2021-11-05,59.39,71.59297,66.53111,23.42,6.7816,6209.5
2021-11-04,59.86,69.74972,64.51026,23.43,6.8481,7438.1
2021-11-03,59.82,70.77866,65.26243,23.19,6.87586,9290.5
2021-11-02,59.45,73.14167,67.4005,23.18,6.96495,7518.6
2021-11-01,56.93,73.06365,67.13817,23.22,6.995,3237.9
2021-10-31,0.0,0.0,0.0,0.0,0.0,2272.4
2021-10-30,0.0,0.0,0.0,0.0,0.0,3018.8
2021-10-29,58.69,73.12592,66.94688,22.74,6.82901,3544.0
2021-10-28,58.56,72.20414,66.35554,22.61,6.75201,4194.4
2021-10-27,59.88,72.85727,66.9739,22.51,6.68878,4624.4
2021-10-26,59.78,74.56632,68.51644,22.28,6.63459,5701.7
2021-10-25,58.96,74.09099,67.91315,21.98,6.67327,6231.9
2021-10-24,0.0,0.0,0.0,0.0,0.0,2346.8
2021-10-23,0.0,0.0,0.0,0.0,0.0,4410.6
2021-10-22,58.24,73.52992,67.41747,22.08,6.61752,3400.6
2021-10-21,57.95,72.71399,67.06772,22.35,6.50567,3363.1
2021-10-20,57.76,73.62732,68.11942,22.31,6.55885,3248.4
2021-10-19,54.52,73.11791,67.5232,22.37,6.46485,4587.5
2021-10-18,58.53,72.56066,67.15712,23.09,6.47479,5079.5
2021-10-17,0.0,0.0,0.0,0.0,0.0,3205.8
2021-10-16,0.0,0.0,0.0,0.0,0.0,3747.7
2021-10-15,59.42,73.18672,67.57223,23.17,6.47046,4105.3
2021-10-14,61.41,72.48878,67.16431,23.87,6.39455,5073.1
2021-10-13,59.04,71.84315,66.5659,23.03,6.36336,6352.4
2021-10-12,58.9,72.36294,66.91534,21.99,6.51891,5212.9
2021-10-11,59.1,72.34282,66.78198,21.52,6.48621,4322.8
2021-10-10,0.0,0.0,0.0,0.0,0.0,2917.8
2021-10-09,0.0,0.0,0.0,0.0,0.0,3001.9
2021-10-08,58.28,71.24697,65.71256,21.8,6.49429,5994.3
2021-10-07,60.3,70.91554,65.48114,21.79,6.56369,7264.5
2021-10-06,59.03,70.2417,64.86182,21.84,6.6014,4008.7
2021-10-05,64.63,71.14175,65.75614,21.77,6.55106,3545.3
2021-10-04,63.32,69.93716,64.6269,21.78,6.63999,4603.7
2021-10-03,0.0,0.0,0.0,0.0,0.0,2804.0
2021-10-02,0.0,0.0,0.0,0.0,0.0,2699.8
2021-10-01,61.96,68.36251,63.29223,21.82,6.62456,3505.7
2021-09-30,61.66,67.8593,62.55293,21.7,6.39098,3317.5
2021-09-29,62.81,67.78726,62.29635,21.89,6.26455,3150.1
2021-09-28,61.86,67.70245,62.04417,21.77,6.19543,5210.4
2021-09-27,64.31,67.96274,62.13468,21.63,6.30448,4538.3
2021-09-26,0.0,0.0,0.0,0.0,0.0,2859.0
2021-09-25,0.0,0.0,0.0,0.0,0.0,3611.7
2021-09-24,62.88,66.65244,60.80574,21.52,6.29908,3450.0
2021-09-23,60.48,65.77827,60.14135,21.63,6.23297,2760.8
2021-09-22,60.54,64.92543,59.36089,21.51,6.1291,4511.9
2021-09-21,60.11,63.40382,58.03206,21.49,6.01126,4845.8
2021-09-20,60.63,63.06091,57.62668,21.4,6.09964,5797.0
2021-09-19,0.0,0.0,0.0,0.0,0.0,2547.1
2021-09-18,0.0,0.0,0.0,0.0,0.0,2841.0
2021-09-17,59.43,64.25038,58.92035,21.68,6.16365,5646.1
2021-09-16,59.26,64.34524,59.20068,21.87,6.18622,6352.3
2021-09-15,59.8,63.92748,58.96306,21.74,6.16528,6114.3
2021-09-14,59.8,62.25681,57.57909,21.88,6.05439,5738.4
2021-09-13,61.01,62.25968,57.70306,21.97,5.94774,5168.7
2021-09-12,0.0,0.0,0.0,0.0,0.0,3027.0
2021-09-11,0.0,0.0,0.0,0.0,0.0,3361.0
2021-09-10,60.86,61.69727,57.17066,21.7,5.96709,6318.5
2021-09-09,62.69,60.38709,55.90771,21.71,5.97743,6191.6
2021-09-08,62.39,61.42652,56.77299,21.73,6.14477,5693.6
2021-09-07,61.93,60.52342,56.15872,21.63,6.21359,5836.7
2021-09-06,62.25,60.83733,0.0,21.7,0.0,5184.0
2021-09-05,0.0,0.0,0.0,0.0,0.0,2558.2
2021-09-04,0.0,0.0,0.0,0.0,0.0,2656.5
2021-09-03,61.26,61.06812,56.66947,21.75,6.25315,4005.8
2021-09-02,61.46,61.55078,57.22714,21.95,6.1968,5245.9
2021-09-01,60.05,60.4237,56.22046,21.96,6.20147,5303.5
2021-08-31,60.7,61.81926,56.25476,21.79,6.30135,4508.3
2021-08-30,60.69,62.22241,56.62824,21.75,6.28708,3641.6
2021-08-29,0.0,0.0,0.0,0.0,0.0,2482.6
2021-08-28,0.0,0.0,0.0,0.0,0.0,2512.3
2021-08-27,58.94,61.60495,56.25794,21.72,6.35116,3603.8
2021-08-26,56.81,60.46967,55.32205,21.79,6.42389,3348.0
2021-08-25,56.49,61.43707,56.06293,21.89,6.3244,2733.2
2021-08-24,56.58,60.47838,55.47327,21.89,6.38619,3349.9
2021-08-23,55.29,58.56547,53.97393,22.0,6.406,3465.5
2021-08-22,0.0,0.0,0.0,0.0,0.0,2407.1
2021-08-21,0.0,0.0,0.0,0.0,0.0,2827.0
2021-08-20,54.32,55.69512,51.37999,21.82,6.37443,3477.0
2021-08-19,53.44,56.85318,52.54107,21.88,6.50453,3669.6
2021-08-18,57.07,58.32122,53.91059,21.81,6.55612,3036.4
2021-08-17,57.17,58.95465,54.69297,21.78,6.52703,2605.4
2021-08-16,58.09,59.03185,54.95541,21.69,6.68577,2725.8
2021-08-15,0.0,0.0,0.0,0.0,0.0,2517.5
2021-08-14,0.0,0.0,0.0,0.0,0.0,2237.1
2021-08-13,55.31,59.82203,55.70339,21.79,6.64619,2961.2
2021-08-12,56.19,60.75141,56.50026,21.73,6.61953,4538.9
2021-08-11,57.7,60.81034,56.4777,21.65,6.40109,3816.0
2021-08-10,57.34,60.28508,55.89792,21.7,6.41857,3261.6
2021-08-09,56.55,58.79748,54.52223,21.75,6.30216,2652.8
2021-08-08,0.0,0.0,0.0,0.0,0.0,2166.2
2021-08-07,0.0,0.0,0.0,0.0,0.0,2518.9
2021-08-06,56.59,60.1395,55.8098,21.77,6.34995,2717.5
2021-08-05,55.91,60.21623,55.67193,21.9,6.21885,3878.9
2021-08-04,55.39,59.45261,54.84034,21.84,6.24261,4680.8
2021-08-03,54.12,61.01281,56.03303,21.84,6.25,3823.2
2021-08-02,54.36,61.40691,56.17523,21.58,6.27843,2626.6
2021-08-01,0.0,0.0,0.0,0.0,0.0,2187.4
2021-07-31,0.0,0.0,0.0,0.0,0.0,2121.6
2021-07-30,53.26,64.36462,58.07404,21.84,6.06923,2735.5
2021-07-29,53.98,63.98822,57.83761,21.87,6.05595,2325.9
2021-07-28,53.76,63.26392,57.19485,22.29,5.96961,3329.5
2021-07-27,52.83,62.92666,56.61541,22.49,5.85079,5010.6
2021-07-26,53.12,63.07145,56.85743,22.48,5.8902,5472.0
2021-07-25,0.0,0.0,0.0,0.0,0.0,2666.3
2021-07-24,0.0,0.0,0.0,0.0,0.0,2757.2
2021-07-23,50.82,62.96737,56.98504,22.61,5.96745,6250.9
2021-07-22,50.72,62.7306,56.83074,22.47,6.02525,6547.0
2021-07-21,52.06,61.2482,55.78733,22.24,6.16255,6010.8
2021-07-20,51.13,58.88096,53.77823,22.15,6.07701,5693.2
2021-07-19,52.32,58.15747,53.1401,21.98,6.04924,4625.9
2021-07-18,0.0,0.0,0.0,0.0,0.0,2234.8
2021-07-17,0.0,0.0,0.0,0.0,0.0,2398.4
2021-07-16,52.79,62.30632,56.91305,22.14,5.98383,5200.3
2021-07-15,52.89,62.24689,56.65509,22.19,5.83962,6720.3
2021-07-14,53.27,63.17924,57.22978,22.23,5.69805,6017.7
2021-07-13,52.76,64.80007,58.59878,22.37,5.5532,6526.1
2021-07-12,51.62,63.38337,57.26935,22.13,5.55743,5548.6
2021-07-11,0.0,0.0,0.0,0.0,0.0,3033.3
2021-07-10,0.0,0.0,0.0,0.0,0.0,3005.9
2021-07-09,54.17,63.65858,57.30536,22.01,5.37159,6568.1
2021-07-08,52.26,62.57493,56.27691,21.87,5.39679,7313.2
2021-07-07,52.52,62.22881,55.91525,22.01,5.44915,5854.9
2021-07-06,53.92,63.08083,56.60601,22.0,5.46763,3726.6
2021-07-05,57.77,65.01517,0.0,22.02,0.0,6154.3
2021-07-04,0.0,0.0,0.0,0.0,0.0,3795.6
2021-07-03,0.0,0.0,0.0,0.0,0.0,4099.8
2021-07-02,57.24,64.31104,58.08848,21.98,5.68431,7557.9
2021-07-01,57.52,64.0054,57.86142,21.89,5.76842,6945.8
2021-06-30,56.25,63.40619,57.05123,21.73,5.84859,7346.3
2021-06-29,55.53,62.84465,56.69132,21.92,5.5754,7591.1
2021-06-28,55.4,62.63524,56.49585,21.92,5.60052,6868.7
2021-06-27,0.0,0.0,0.0,0.0,0.0,3278.5
2021-06-26,0.0,0.0,0.0,0.0,0.0,4397.4
2021-06-25,54.95,63.81838,57.10815,21.94,5.5039,7906.2
2021-06-24,54.98,63.35206,56.78712,21.95,5.58816,8833.7
2021-06-23,54.56,62.99429,56.41756,21.68,5.68448,8188.5
2021-06-22,53.31,62.68119,56.1039,21.77,5.60746,7727.9
2021-06-21,52.33,62.84084,55.96946,21.84,5.69049,5513.1
2021-06-20,0.0,0.0,0.0,0.0,0.0,3050.2
2021-06-19,0.0,0.0,0.0,0.0,0.0,4494.5
2021-06-18,51.8,61.90316,55.30947,21.78,5.70947,7185.8
2021-06-17,50.81,61.43241,54.92603,21.93,5.53758,6985.9
2021-06-16,51.24,61.38802,54.96782,22.0,5.61561,8179.0
2021-06-15,51.3,61.02771,54.83339,21.89,5.61902,7126.9
2021-06-14,52.8,60.10559,54.29797,21.86,5.721,4755.3
2021-06-13,0.0,0.0,0.0,0.0,0.0,2634.1
2021-06-12,0.0,0.0,0.0,0.0,0.0,3213.7
2021-06-11,52.58,60.08927,54.28619,21.89,5.79483,6773.8
2021-06-10,53.69,59.5549,53.7653,21.74,5.79166,8196.5
2021-06-09,53.42,59.3134,53.64652,21.75,5.8065,8153.5
2021-06-08,52.08,59.30366,53.62128,21.67,5.82403,8608.2
2021-06-07,51.38,58.62239,53.02173,21.6,5.79131,7744.5
2021-06-06,0.0,0.0,0.0,0.0,0.0,3337.5
2021-06-05,0.0,0.0,0.0,0.0,0.0,3862.0
2021-06-04,49.9,59.1152,53.20286,21.46,5.81778,5653.1
2021-06-03,50.17,58.83663,52.88779,21.41,5.74257,3865.2
2021-06-02,51.32,58.42614,52.51392,21.42,5.79143,4134.1
2021-06-01,52.32,57.42663,51.70441,21.37,5.77945,5276.9
2021-05-31,51.62,56.68956,0.0,21.5,0.0,5209.3
2021-05-30,0.0,0.0,0.0,0.0,0.0,3308.0
2021-05-29,0.0,0.0,0.0,0.0,0.0,3765.8
2021-05-28,50.95,57.06909,50.79092,21.52,5.5938,6051.5
2021-05-27,51.76,56.99048,51.27995,21.55,5.68182,5004.1
2021-05-26,53.59,56.45082,50.89344,21.64,5.45287,3820.3
2021-05-25,53.24,56.0866,50.55556,21.58,5.47386,3292.1
2021-05-24,52.68,56.04585,50.66721,21.52,5.51167,2391.4
2021-05-23,0.0,0.0,0.0,0.0,0.0,2118.2
2021-05-22,0.0,0.0,0.0,0.0,0.0,2152.1
2021-05-21,51.65,54.62018,49.35876,21.56,5.6026,3184.4
2021-05-20,52.58,53.29023,48.14209,21.53,5.60648,5098.4
2021-05-19,49.55,54.59012,49.02137,21.52,5.62607,5262.7
2021-05-18,52.9,56.2413,50.51977,21.61,5.74814,4650.5
2021-05-17,56.15,57.14051,51.21751,21.85,5.7523,4597.1
2021-05-16,0.0,0.0,0.0,0.0,0.0,2853.6
2021-05-15,0.0,0.0,0.0,0.0,0.0,3397.7
2021-05-14,56.49,56.61201,50.81157,21.75,5.81898,3815.8
2021-05-13,54.35,55.50497,50.21523,21.54,5.82161,3348.4
2021-05-12,55.17,57.45069,52.03879,21.49,6.0397,5880.9
2021-05-11,52.91,56.35482,50.99474,21.5,6.08353,5878.6
2021-05-10,52.1,56.18883,50.62094,21.46,6.03051,4432.7
2021-05-09,0.0,0.0,0.0,0.0,0.0,2438.7
2021-05-08,0.0,0.0,0.0,0.0,0.0,3791.8
2021-05-07,50.33,56.19291,50.4979,21.45,6.27315,6358.8
2021-05-06,49.82,56.50622,50.61411,21.35,6.26141,7283.2
2021-05-05,49.33,57.49541,51.2006,21.27,6.19476,3673.6
2021-05-04,48.5,57.31403,51.04011,21.24,6.04718,3656.6
2021-05-03,49.31,56.05244,49.88799,21.37,5.96117,5465.9
2021-05-02,0.0,0.0,0.0,0.0,0.0,4026.8
2021-05-01,0.0,0.0,0.0,0.0,0.0,4646.2
2021-04-30,48.73,55.91586,49.2309,21.35,6.05097,8502.6
2021-04-29,47.91,56.57699,49.89272,21.37,5.96633,6788.2
2021-04-28,47.69,55.64103,49.36311,21.42,5.92639,6733.6
2021-04-27,47.2,55.02444,48.95203,21.06,6.04134,6841.9
2021-04-26,47.11,54.30557,48.26702,20.98,6.04682,7019.8
2021-04-25,0.0,0.0,0.0,0.0,0.0,4040.9
2021-04-24,0.0,0.0,0.0,0.0,0.0,4657.3
2021-04-23,46.86,54.74042,48.44746,20.94,5.87894,6262.6
2021-04-22,47.0,54.45916,48.23049,20.93,5.86435,5323.4
2021-04-21,45.82,54.30662,47.90489,20.93,5.64308,6882.6
2021-04-20,44.81,55.33666,48.56193,20.68,5.55694,10371.3
2021-04-19,44.27,55.69862,49.06131,20.97,5.50964,10337.7
2021-04-18,0.0,0.0,0.0,0.0,0.0,8584.1
2021-04-17,0.0,0.0,0.0,0.0,0.0,8095.6
2021-04-16,44.33,55.72991,49.26968,20.86,5.53585,10253.4
2021-04-15,44.08,55.91846,49.56144,20.79,5.53212,10996.3
2021-04-14,43.73,55.55277,49.61202,20.77,5.50271,10355.9
2021-04-13,43.76,53.33389,48.09013,20.76,5.38616,9215.8
2021-04-12,44.39,53.10507,47.71735,20.8,5.36883,9690.9
2021-04-11,0.0,0.0,0.0,0.0,0.0,3949.6
2021-04-10,0.0,0.0,0.0,0.0,0.0,8086.3
2021-04-09,43.56,52.89916,47.34454,20.88,5.43697,6343.2
2021-04-08,43.39,53.01124,47.24878,20.9,5.35984,7112.4
2021-04-07,43.77,53.15603,47.90439,20.79,5.28741,5880.7
2021-04-06,44.14,52.91835,47.79858,20.9,5.27159,5482.3
2021-04-05,0.0,52.59817,47.32566,0.0,5.3106,3145.7
2021-04-04,0.0,0.0,0.0,0.0,0.0,3407.3
2021-04-03,0.0,0.0,0.0,0.0,0.0,3631.1
2021-04-02,0.0,0.0,49.14548,0.0,5.31417,3770.9
2021-04-01,42.37,55.09216,49.09539,20.79,5.30876,6848.8
2021-03-31,42.45,54.0766,47.07234,20.97,5.36809,8742.4
2021-03-30,41.95,54.7363,47.92627,20.97,5.26327,7140.9
2021-03-29,41.75,55.1894,48.36079,21.1,5.32105,4975.9
2021-03-28,0.0,0.0,0.0,0.0,0.0,3527.8
2021-03-27,0.0,0.0,0.0,0.0,0.0,3867.7
2021-03-26,41.63,54.76675,48.17642,20.97,5.29898,5797.5
2021-03-25,40.26,52.61146,46.65817,21.01,5.29936,10044.1
2021-03-24,41.49,54.46013,48.18635,20.88,5.33736,10006.5
2021-03-23,41.32,51.26929,46.12465,20.84,5.35759,11782.1
2021-03-22,42.72,54.11154,47.74745,20.75,5.28806,10471.8
2021-03-21,0.0,0.0,0.0,0.0,0.0,5633.6
2021-03-20,0.0,0.0,0.0,0.0,0.0,7508.4
2021-03-19,41.85,54.18591,47.68662,20.82,5.30691,8752.5
2021-03-18,42.28,53.0472,46.86059,20.86,5.31478,11134.8
2021-03-17,42.87,57.10447,49.59691,21.15,5.39343,9771.2
2021-03-16,41.49,57.4561,49.58414,20.81,5.4356,8099.7
2021-03-15,42.3,57.74648,49.64789,20.84,5.41792,5144.9
2021-03-14,0.0,0.0,0.0,0.0,0.0,3394.9
2021-03-13,0.0,0.0,0.0,0.0,0.0,3312.4
2021-03-12,42.79,57.93438,49.64848,21.41,5.40049,4039.8
2021-03-11,41.86,58.16071,49.67424,21.34,5.41263,4306.4
2021-03-10,41.47,57.02049,49.00067,21.37,5.49211,8883.0
2021-03-09,40.58,56.80633,48.97358,21.2,5.53803,11354.8
2021-03-08,39.07,57.5525,49.43915,21.47,5.48621,10276.8
2021-03-07,0.0,0.0,0.0,0.0,0.0,6320.5
2021-03-06,0.0,0.0,0.0,0.0,0.0,6667.8
2021-03-05,38.96,58.227,49.64741,20.93,5.45458,10235.8
2021-03-04,38.11,55.64449,47.82391,20.69,5.41104,10029.1
2021-03-03,37.42,53.08202,46.28003,20.6,5.40804,10520.8
2021-03-02,38.3,51.90397,45.23179,20.86,5.43667,10797.9
2021-03-01,37.08,52.89428,45.64405,20.96,5.37538,9460.7
2021-02-28,0.0,0.0,0.0,0.0,0.0,5548.6
2021-02-27,0.0,0.0,0.0,0.0,0.0,6951.6
2021-02-26,37.23,54.74338,45.99338,20.66,5.37459,8085.9
2021-02-25,38.21,54.76132,46.90084,20.73,5.41636,6708.5
2021-02-24,39.1,55.21331,47.14215,20.51,5.49539,5193.9
2021-02-23,38.62,53.82019,45.88342,20.59,5.41125,7283.8
2021-02-22,37.92,53.62926,45.62269,20.62,5.40074,8529.4
2021-02-21,0.0,0.0,0.0,0.0,0.0,4510.5
2021-02-20,0.0,0.0,0.0,0.0,0.0,4431.1
2021-02-19,37.37,51.87598,44.47102,20.71,5.33108,7706.9
2021-02-18,38.28,52.91342,45.05877,20.65,5.38197,7383.1
2021-02-17,38.05,53.41636,45.39643,20.6,5.30718,7708.9
2021-02-16,38.82,52.31646,44.88397,20.78,5.339,9575.5
2021-02-15,39.47,52.18036,0.0,20.85,0.0,9440.6
2021-02-14,0.0,0.0,0.0,0.0,0.0,7576.5
2021-02-13,0.0,0.0,0.0,0.0,0.0,10400.1
2021-02-12,39.97,51.49715,44.27947,20.96,5.23798,11844.0
2021-02-11,38.71,50.41643,43.71238,20.37,5.2177,11930.1
2021-02-10,39.28,50.64261,43.87873,20.26,5.21709,11483.4
2021-02-09,38.21,50.46675,43.78356,20.44,5.29946,10913.7
2021-02-08,38.56,50.26978,43.78683,21.08,5.3395,8910.6
2021-02-07,0.0,0.0,0.0,0.0,0.0,4920.1
2021-02-06,0.0,0.0,0.0,0.0,0.0,5146.1
2021-02-05,38.15,49.2939,43.08025,21.27,5.27289,8726.7
2021-02-04,37.22,49.19321,43.0566,21.46,5.27966,8721.4
2021-02-03,37.38,48.6073,42.56257,21.54,5.27147,7251.4
2021-02-02,34.93,47.80764,42.11665,21.34,5.2417,10115.9
2021-02-01,32.81,46.686,41.25932,21.35,5.24027,9604.0
2021-01-31,0.0,0.0,0.0,0.0,0.0,5651.2
2021-01-30,0.0,0.0,0.0,0.0,0.0,6812.3
2021-01-29,32.88,46.06001,40.19947,21.27,5.27118,6546.3
2021-01-28,33.88,45.79794,40.34639,21.98,5.19175,9624.6
2021-01-27,33.21,46.05545,40.74105,22.19,5.25252,9882.2
2021-01-26,33.27,45.98996,40.44583,22.17,5.30353,9945.2
2021-01-25,33.08,46.0107,40.65047,19.055,5.22849,10789.4
2021-01-24,0.0,0.0,0.0,0.0,0.0,6922.0
2021-01-23,0.0,0.0,0.0,0.0,0.0,6946.8
2021-01-22,34.15,45.54122,40.28931,19.2,5.14506,7652.3
2021-01-21,34.02,46.17664,40.85933,19.535,5.32966,4500.8
2021-01-20,32.82,46.32031,41.04237,19.85,5.36054,5072.0
2021-01-19,32.99,46.11831,41.01972,19.96,5.44922,5777.2
2021-01-18,31.53,45.34161,0.0,19.825,0.0,9393.2
2021-01-17,0.0,0.0,0.0,0.0,0.0,9191.2
2021-01-16,0.0,0.0,0.0,0.0,0.0,10420.2
2021-01-15,31.64,45.55978,41.02034,20.0,5.44692,11613.0
2021-01-14,33.42,46.37514,41.32007,20.51,5.39208,9953.3
2021-01-13,33.54,46.08303,41.12618,20.58,5.33909,6157.1
2021-01-12,34.54,46.47228,40.89528,20.5,5.38193,7406.5
2021-01-11,34.42,45.74669,40.32218,20.11,5.2478,7552.2
2021-01-10,0.0,0.0,0.0,0.0,0.0,8299.1
2021-01-09,0.0,0.0,0.0,0.0,0.0,10208.0
2021-01-08,34.8,45.78461,39.96238,20.2,5.25186,11887.8
2021-01-07,34.64,44.33393,39.15702,19.755,5.25029,11058.8
2021-01-06,33.51,44.14993,38.87308,19.395,5.25652,10107.9
2021-01-05,32.84,43.57724,38.86992,18.87,5.25407,9772.7
2021-01-04,33.55,41.69591,38.00702,19.165,5.20689,8946.6
2021-01-03,0.0,0.0,0.0,0.0,0.0,4929.4
2021-01-02,0.0,0.0,0.0,0.0,0.0,7434.8
2021-01-01,0.0,0.0,0.0,0.0,0.0,6805.1
2020-12-31,32.54,42.37219,38.44581,18.972,5.19632,6291.0
2020-12-30,32.02,41.7772,38.27813,19.056,5.16722,6432.9
2020-12-29,32.86,41.73338,38.37608,19.11,5.08291,6765.4
2020-12-28,33.29,41.66803,38.26806,19.175,5.06308,6089.5
2020-12-27,0.0,0.0,0.0,0.0,0.0,2934.1
2020-12-26,0.0,0.0,0.0,0.0,0.0,3563.3
2020-12-25,0.0,0.0,0.0,0.0,0.0,4520.3
2020-12-24,32.04,42.09965,38.64401,18.812,5.126,3875.8
2020-12-23,31.77,42.01198,38.55748,18.775,5.12431,6768.6
2020-12-22,30.99,41.13347,37.8809,18.32,5.0924,5324.5
2020-12-21,30.73,41.60673,38.23962,18.37,5.05884,6259.9
2020-12-20,0.0,0.0,0.0,0.0,0.0,5695.8
2020-12-19,0.0,0.0,0.0,0.0,0.0,5014.3
2020-12-18,30.92,42.70655,38.9638,18.8,5.04413,7170.8
2020-12-17,31.78,42.00653,38.58075,19.17,5.02039,7681.6
2020-12-16,31.6,41.97551,38.35155,19.025,4.97987,9805.8
2020-12-15,31.99,41.73999,38.18765,19.005,4.99959,10037.4
2020-12-14,30.81,41.36371,37.85985,19.39,4.99054,8098.8
2020-12-13,0.0,0.0,0.0,0.0,0.0,8508.3
2020-12-12,0.0,0.0,0.0,0.0,0.0,9433.9
2020-12-11,30.52,41.23958,37.64133,18.985,5.08996,11548.3
2020-12-10,30.9,41.4604,37.78878,18.98,5.01856,13027.2
2020-12-09,29.7,40.47382,37.38403,18.945,4.9619,13161.8
2020-12-08,29.57,40.31366,37.2761,19.15,4.8865,12214.0
2020-12-07,29.62,40.21264,37.16311,19.185,4.93283,11507.3
2020-12-06,0.0,0.0,0.0,0.0,0.0,10415.8
2020-12-05,0.0,0.0,0.0,0.0,0.0,10854.4
2020-12-04,30.11,40.55501,37.11298,19.06,4.91601,10126.9
2020-12-03,29.0,40.10374,36.54701,18.995,4.97901,11700.7
2020-12-02,29.54,39.89912,36.85603,19.22,5.00289,12923.2
2020-12-01,28.85,39.36903,36.77044,19.22,4.95434,12156.1
2020-11-30,29.13,39.81094,37.67776,19.47,5.04015,11860.8
2020-11-29,0.0,0.0,0.0,0.0,0.0,10556.6
2020-11-28,0.0,0.0,0.0,0.0,0.0,11324.5
2020-11-27,28.13,40.29439,37.88576,19.8,5.15388,13063.6
2020-11-26,28.1,40.12423,0.0,19.77,0.0,13340.9
2020-11-25,27.62,40.79389,38.07486,19.82,5.09609,12045.0
2020-11-24,27.63,40.30995,37.65687,19.71,5.21983,10964.5
2020-11-23,27.25,38.89874,36.96478,19.3,5.16004,10656.4
2020-11-22,0.0,0.0,0.0,0.0,0.0,5107.1
2020-11-21,0.0,0.0,0.0,0.0,0.0,5059.4
2020-11-20,26.74,37.92813,36.68804,19.09,5.12696,9459.4
2020-11-19,26.35,37.31217,36.50177,19.15,5.15153,4547.9
2020-11-18,27.18,37.35468,36.65543,19.17,5.17902,6071.8
2020-11-17,26.63,36.87937,36.42418,19.37,5.17365,7034.8
2020-11-16,27.39,37.00388,36.47188,19.395,5.20182,5463.2
2020-11-15,0.0,0.0,0.0,0.0,0.0,3365.1
2020-11-14,0.0,0.0,0.0,0.0,0.0,5552.8
2020-11-13,26.27,36.17453,35.9885,19.645,5.18138,9133.9
2020-11-12,25.91,36.88983,36.69492,18.305,5.16314,8405.3
2020-11-11,26.12,37.20377,37.05088,18.57,5.22169,11569.1
2020-11-10,26.22,36.89509,36.69205,18.27,5.27496,11628.0
2020-11-09,26.54,35.87444,36.39902,17.865,5.18233,10251.7
2020-11-08,0.0,0.0,0.0,0.0,0.0,5235.3
2020-11-07,0.0,0.0,0.0,0.0,0.0,6213.8
2020-11-06,25.41,33.20428,34.47521,17.26,5.14898,8950.2
2020-11-05,25.97,34.67762,35.63501,17.115,5.183,8931.9
2020-11-04,25.11,35.1942,36.17584,17.14,5.20273,8654.0
2020-11-03,24.38,33.91119,35.29462,16.72,5.18147,6872.0
2020-11-02,23.67,33.51393,35.30272,16.385,5.19006,3546.6
2020-11-01,0.0,0.0,0.0,0.0,0.0,2640.9
2020-10-31,0.0,0.0,0.0,0.0,0.0,3740.3
2020-10-30,23.7,32.16555,34.09754,15.92,5.12622,4318.6
2020-10-29,23.66,32.29542,33.93378,15.91,5.12309,4882.8
2020-10-28,23.03,33.29078,34.43111,16.39,5.13148,4416.7
2020-10-27,24.06,34.84144,35.46723,17.33,5.16068,4937.6
2020-10-26,23.85,34.24171,34.90183,17.585,5.1773,6210.3
2020-10-25,0.0,0.0,0.0,0.0,0.0,2600.7
2020-10-24,0.0,0.0,0.0,0.0,0.0,2999.7
2020-10-23,25.49,35.26978,35.59909,17.78,5.22883,7850.9
2020-10-22,24.18,35.91609,36.25444,17.62,5.20005,5238.3
2020-10-21,23.57,35.14401,35.67458,17.62,5.21939,4582.9
2020-10-20,24.41,36.49277,36.90708,18.055,5.22745,5302.1
2020-10-19,24.98,36.17382,36.62366,17.445,5.2071,9263.6
2020-10-18,0.0,0.0,0.0,0.0,0.0,4099.5
2020-10-17,0.0,0.0,0.0,0.0,0.0,8417.6
2020-10-16,24.89,36.63282,36.80348,17.255,5.22229,10114.4
2020-10-15,24.96,36.89835,36.98384,17.435,5.22784,8588.9
2020-10-14,25.75,36.86495,36.9075,17.885,5.13361,5785.2
2020-10-13,25.21,36.17384,36.54026,17.655,5.11717,9017.1
2020-10-12,25.87,35.323,35.97494,17.795,5.09906,8842.3
2020-10-11,0.0,0.0,0.0,0.0,0.0,3943.3
2020-10-10,0.0,0.0,0.0,0.0,0.0,4004.2
2020-10-09,25.71,36.24292,36.53895,17.78,5.08331,8108.1
2020-10-08,26.33,36.86942,37.17567,18.01,5.12123,4796.7
2020-10-07,26.89,35.66938,36.51036,17.835,5.20515,6518.4
2020-10-06,26.78,36.20236,37.06816,17.68,5.1269,5876.0
2020-10-05,26.92,35.03012,36.31119,17.655,5.10096,7152.2
2020-10-04,0.0,0.0,0.0,0.0,0.0,3212.9
2020-10-03,0.0,0.0,0.0,0.0,0.0,3487.6
2020-10-02,27.01,33.51254,35.05718,17.225,5.08406,6504.9
2020-10-01,26.49,34.84887,36.12601,17.11,5.0596,8137.4
2020-09-30,26.91,34.93431,36.99881,17.155,5.11645,7881.9
2020-09-29,26.76,34.95485,36.21571,17.27,4.9689,8378.4
2020-09-28,27.69,36.40185,37.41421,17.52,5.02531,7194.9
2020-09-27,0.0,0.0,0.0,0.0,0.0,4303.5
2020-09-26,0.0,0.0,0.0,0.0,0.0,4548.2
2020-09-25,26.15,36.07884,37.29237,16.995,4.97891,7138.6
2020-09-24,26.77,35.95987,37.32316,16.985,5.00086,6573.9
2020-09-23,26.48,35.75892,36.97457,16.975,4.98887,8451.1
2020-09-22,27.83,35.64593,36.84211,16.745,5.03247,8761.6
2020-09-21,26.38,35.29512,36.56418,16.725,5.00809,7956.3
2020-09-20,0.0,0.0,0.0,0.0,0.0,5674.3
2020-09-19,0.0,0.0,0.0,0.0,0.0,6071.3
2020-09-18,27.97,36.3644,37.34199,17.29,5.04804,6469.0
2020-09-17,28.41,36.62663,37.60785,17.75,4.97378,6568.7
2020-09-16,29.96,35.67988,37.27711,17.38,4.88887,7174.0
2020-09-15,29.76,34.19387,36.55615,17.29,4.8532,7625.6
2020-09-14,30.44,33.37828,35.91472,16.99,4.89804,7147.2
2020-09-13,0.0,0.0,0.0,0.0,0.0,4144.6
2020-09-12,0.0,0.0,0.0,0.0,0.0,4468.8
2020-09-11,28.24,33.64873,35.94661,16.945,4.89567,7750.8
2020-09-10,28.4,33.7831,36.00945,17.0,4.9144,7827.9
2020-09-09,27.18,34.55608,36.44527,17.025,4.91571,6803.3
2020-09-08,26.77,33.7233,35.79179,16.925,4.91056,5990.5
2020-09-07,27.03,35.55349,0.0,17.06,0.0,6451.3
2020-09-06,0.0,0.0,0.0,0.0,0.0,3594.6
2020-09-05,0.0,0.0,0.0,0.0,0.0,3143.9
2020-09-04,27.33,36.04563,37.50739,16.8,4.92184,6814.1
2020-09-03,28.71,37.2433,38.21516,16.79,4.93112,7261.4
2020-09-02,28.2,37.5,38.04862,16.635,4.97552,7798.3
2020-09-01,27.71,38.1934,38.37774,16.22,4.96062,7996.4
2020-08-31,28.62,37.91025,38.05258,16.25,4.89367,7198.7
2020-08-30,0.0,0.0,0.0,0.0,0.0,5679.3
2020-08-29,0.0,0.0,0.0,0.0,0.0,5432.9
2020-08-28,29.48,37.89217,38.64917,16.0,4.90159,6625.5
2020-08-27,28.34,38.22158,38.6539,16.115,4.94829,6160.1
2020-08-26,28.59,38.57336,38.91988,16.11,4.86604,2217.2
2020-08-25,28.58,38.82492,39.04504,16.29,4.8256,6949.6
2020-08-24,27.45,38.24576,38.76271,16.475,4.79661,7054.5
2020-08-23,0.0,0.0,0.0,0.0,0.0,3001.8
2020-08-22,0.0,0.0,0.0,0.0,0.0,3545.6
2020-08-21,25.62,37.67094,38.42691,15.995,4.84159,6204.4
2020-08-20,25.88,37.87751,38.45116,16.295,4.77687,7321.9
2020-08-19,26.2,38.19667,38.49975,16.205,4.73354,7912.8
2020-08-18,26.51,38.08646,38.24564,16.145,4.70216,7976.8
2020-08-17,26.25,38.22885,38.49006,16.16,4.77123,7698.2
2020-08-16,0.0,0.0,0.0,0.0,0.0,5774.7
2020-08-15,0.0,0.0,0.0,0.0,0.0,7049.2
2020-08-14,25.42,37.82187,38.05825,16.295,4.65597,7916.5
2020-08-13,25.37,38.04688,38.24152,16.665,4.65854,7476.4
2020-08-12,25.91,38.52612,38.50068,16.695,4.60482,7299.8
2020-08-11,26.13,37.80477,37.98318,16.69,4.63639,7919.9
2020-08-10,26.65,38.27959,38.29661,16.295,4.61372,7682.6
2020-08-09,0.0,0.0,0.0,0.0,0.0,5901.3
2020-08-08,0.0,0.0,0.0,0.0,0.0,7556.5
2020-08-07,26.36,37.72623,37.95565,16.065,4.64993,8928.3
2020-08-06,26.33,37.95455,38.16498,16.055,4.62542,8966.2
2020-08-05,26.7,38.0443,38.09484,16.06,4.69553,8623.2
2020-08-04,26.76,37.72287,38.18985,15.68,4.73977,9871.0
2020-08-03,26.06,37.57767,38.07984,15.715,4.78764,9670.1
2020-08-02,0.0,0.0,0.0,0.0,0.0,7504.0
2020-08-01,0.0,0.0,0.0,0.0,0.0,7110.3
2020-07-31,26.21,36.72292,37.17242,15.775,4.81935,8676.6
2020-07-30,25.47,36.3775,36.8265,15.9,4.78863,9404.8
2020-07-29,26.12,37.15815,37.55733,16.02,4.81782,6785.0
2020-07-28,25.66,36.83,37.5032,16.05,4.79761,6995.2
2020-07-27,24.93,36.96041,37.64155,16.08,4.82546,8921.1
2020-07-26,0.0,0.0,0.0,0.0,0.0,5496.8
2020-07-25,0.0,0.0,0.0,0.0,0.0,7651.9
2020-07-24,26.29,37.24968,37.67082,16.705,4.90546,8994.4
2020-07-23,27.25,37.27194,37.26334,16.735,4.82143,9330.8
2020-07-22,26.55,38.25689,37.72134,16.615,4.889,9462.4
2020-07-21,26.52,38.48559,37.86905,17.355,4.88668,9308.3
2020-07-20,26.08,37.83548,37.80051,17.11,4.88898,8530.1
2020-07-19,0.0,0.0,0.0,0.0,0.0,7284.8
2020-07-18,0.0,0.0,0.0,0.0,0.0,7851.2
2020-07-17,27.73,37.72628,37.6913,16.855,4.95846,8935.5
2020-07-16,26.51,38.01385,37.73337,16.61,4.98948,8623.3
2020-07-15,28.75,38.38871,37.88902,16.59,5.06049,9572.0
2020-07-14,29.56,37.62168,37.60414,16.78,4.94826,9369.8
2020-07-13,29.27,37.57917,37.57037,16.94,4.9569,8908.9
2020-07-12,0.0,0.0,0.0,0.0,0.0,6855.4
2020-07-11,0.0,0.0,0.0,0.0,0.0,8031.9
2020-07-10,28.95,38.26549,38.14159,16.72,4.99558,8881.1
2020-07-09,28.53,37.50775,37.67603,16.685,4.99956,9100.0
2020-07-08,29.24,38.18807,37.95872,16.925,4.93119,9306.2
2020-07-07,29.31,38.15766,37.63508,16.99,4.81621,8291.3
2020-07-06,29.62,38.11798,37.48121,17.03,4.80012,3784.0
2020-07-05,0.0,0.0,0.0,0.0,0.0,2035.7
2020-07-04,0.0,0.0,0.0,0.0,0.0,2893.3
2020-07-03,27.84,38.07152,0.0,16.855,0.0,8739.7
2020-07-02,27.3,38.41838,37.62579,17.05,4.83124,9097.3
2020-07-01,27.64,37.31357,36.9407,16.53,4.8584,8227.6
2020-06-30,26.9,36.60055,36.58276,16.48,4.82967,5879.0
2020-06-29,26.55,37.15151,37.24058,16.29,4.79202,7510.0
2020-06-28,0.0,0.0,0.0,0.0,0.0,4176.6
2020-06-27,0.0,0.0,0.0,0.0,0.0,6909.6
2020-06-26,24.66,36.52716,36.42921,16.455,4.72841,8849.5
2020-06-25,25.11,36.56364,36.59927,16.15,4.78979,9359.3
2020-06-24,25.33,35.74215,35.93722,16.33,4.77035,9265.3
2020-06-23,25.34,37.69564,36.99708,16.95,4.79264,8742.7
2020-06-22,24.46,38.25593,37.41231,16.61,4.80419,7892.9
2020-06-21,0.0,0.0,0.0,0.0,0.0,4403.1
2020-06-20,0.0,0.0,0.0,0.0,0.0,6026.4
2020-06-19,24.09,37.6932,37.07674,16.925,4.80881,9616.0
2020-06-18,24.4,37.08237,36.88583,16.955,4.83518,9942.4
2020-06-17,22.69,36.24789,36.55062,17.01,4.85487,10067.0
2020-06-16,22.72,36.35073,37.06958,17.125,4.86777,9284.4
2020-06-15,22.1,35.19716,36.46433,16.565,4.89366,8633.2
2020-06-14,0.0,0.0,0.0,0.0,0.0,4788.8
2020-06-13,0.0,0.0,0.0,0.0,0.0,4626.9
2020-06-12,21.93,34.46956,35.75116,16.47,4.91723,6211.3
2020-06-11,22.21,33.92889,35.3899,16.41,4.8561,7842.3
2020-06-10,22.84,36.76328,37.15972,17.185,4.88723,10019.5
2020-06-09,22.41,36.30433,36.97435,17.415,4.91493,9873.0
2020-06-08,22.64,36.13497,36.53352,17.75,4.98406,8557.3
2020-06-07,0.0,0.0,0.0,0.0,0.0,3555.4
2020-06-06,0.0,0.0,0.0,0.0,0.0,2658.0
2020-06-05,23.16,37.46347,37.52546,17.395,4.98627,6775.5
2020-06-04,22.13,35.29879,36.64931,17.095,4.98941,8380.9
2020-06-03,22.0,35.40981,36.68239,17.53,4.94572,8269.0
2020-06-02,21.99,35.41256,36.45069,16.945,4.94899,7139.6
2020-06-01,20.89,34.42947,36.24438,16.659,5.0,2774.6
2020-05-31,0.0,0.0,0.0,0.0,0.0,2412.5
2020-05-30,0.0,0.0,0.0,0.0,0.0,3099.4
2020-05-29,21.32,31.83456,36.42098,16.745,5.01442,7588.7
2020-05-28,21.18,31.84443,35.66143,16.57,5.00361,7691.8
2020-05-27,21.25,31.65376,35.50797,16.315,4.96583,8236.7
2020-05-26,21.52,32.95372,36.02405,16.23,4.9426,8999.3
2020-05-25,21.51,32.61728,0.0,15.85,0.0,5718.1
2020-05-24,0.0,0.0,0.0,0.0,0.0,1925.1
2020-05-23,0.0,0.0,0.0,0.0,0.0,2782.1
2020-05-22,21.32,32.26488,35.30492,15.665,4.98714,4845.9
2020-05-21,21.11,32.91648,35.33546,15.855,4.99087,5407.4
2020-05-20,21.18,32.57106,35.2223,15.805,4.94944,8715.6
2020-05-19,19.89,31.70464,34.74243,15.54,4.9021,7249.3
2020-05-18,20.26,31.90943,34.89779,16.375,4.89962,5167.8
2020-05-17,0.0,0.0,0.0,0.0,0.0,2836.9
2020-05-16,0.0,0.0,0.0,0.0,0.0,3739.3
2020-05-15,19.09,30.0731,33.70038,15.965,4.95975,6148.4
2020-05-14,18.76,28.87219,33.48173,16.485,4.9898,7880.4
2020-05-13,18.59,26.97283,32.76659,16.635,5.00139,8509.8
2020-05-12,18.44,27.62879,32.61451,16.29,5.06635,6484.5
2020-05-11,18.98,27.41488,33.00333,16.6,5.07494,3587.3
2020-05-10,0.0,0.0,0.0,0.0,0.0,2886.4
2020-05-09,0.0,0.0,0.0,0.0,0.0,6046.7
2020-05-08,19.27,28.55167,34.01862,16.545,5.07744,7303.5
2020-05-07,19.46,27.24498,32.67363,16.12,5.07029,7607.9
2020-05-06,18.92,27.50069,32.67327,16.025,5.03377,6274.4
2020-05-05,19.01,28.57011,33.31181,15.7,5.03229,6545.6
2020-05-04,19.27,24.95413,32.00917,15.59,4.99312,6741.9
2020-05-03,0.0,0.0,0.0,0.0,0.0,3242.2
2020-05-02,0.0,0.0,0.0,0.0,0.0,2537.8
2020-05-01,18.9,24.06261,31.73462,0.0,4.919,2669.6
2020-04-30,19.49,23.10506,32.90665,16.025,4.97623,4404.6
2020-04-29,20.11,20.77802,31.96903,15.925,5.00323,7173.6
2020-04-28,20.13,18.88848,31.86854,15.46,5.03831,7621.6
2020-04-27,20.2,18.47334,31.72535,15.665,5.00878,7209.6
2020-04-26,0.0,0.0,0.0,0.0,0.0,4397.6
2020-04-25,0.0,0.0,0.0,0.0,0.0,3659.6
2020-04-24,20.66,19.87393,32.10048,15.205,5.03801,4570.4
2020-04-23,20.94,19.72443,32.17126,14.955,5.10681,6671.7
2020-04-22,20.57,18.83321,32.66457,15.095,5.13591,2727.3
2020-04-21,19.77,17.82553,31.1232,15.025,5.13879,2440.6
2020-04-20,21.29,23.52346,34.33303,15.23,5.16559,2870.2
2020-04-19,0.0,0.0,0.0,0.0,0.0,2515.8
2020-04-18,0.0,0.0,0.0,0.0,0.0,3583.4
2020-04-17,21.61,25.8397,34.7658,15.405,5.0796,6858.4
2020-04-16,20.85,25.67842,34.72402,15.525,5.09046,6073.9
2020-04-15,19.16,25.36411,34.45086,15.74,5.13877,4566.3
2020-04-14,19.72,26.99498,35.90515,15.885,5.17556,4407.4
2020-04-13,0.0,29.07392,35.44014,0.0,5.20976,2195.5
2020-04-12,0.0,0.0,0.0,0.0,0.0,2654.0
2020-04-11,0.0,0.0,0.0,0.0,0.0,3437.0
2020-04-10,0.0,0.0,0.0,0.0,0.0,4251.2
2020-04-09,20.98,28.78566,34.58303,16.07,5.20757,6084.2
2020-04-08,21.04,30.22828,34.86745,15.985,5.17535,5955.0
2020-04-07,20.41,29.24927,34.96696,15.965,5.1418,5557.4
2020-04-06,20.3,30.59619,34.93797,16.08,5.19811,4090.2
2020-04-05,0.0,0.0,0.0,0.0,0.0,3080.2
2020-04-04,0.0,0.0,0.0,0.0,0.0,4972.1
2020-04-03,17.86,31.6214,34.41179,15.795,5.14276,4663.1
2020-04-02,17.95,27.61483,34.5416,15.79,5.09362,4982.9
2020-04-01,16.95,22.64531,34.31579,15.46,5.13272,6460.3
2020-03-31,17.55,20.72737,35.31128,15.97,5.23653,7153.4
2020-03-30,16.93,20.65336,35.15426,15.85,5.16561,6254.2
2020-03-29,0.0,0.0,0.0,0.0,0.0,2482.6
2020-03-28,0.0,0.0,0.0,0.0,0.0,3568.0
2020-03-27,16.26,22.46351,34.54677,16.59,5.02568,4288.4
2020-03-26,17.22,23.89332,34.17997,16.79,5.07075,4541.7
2020-03-25,17.41,25.21867,35.26379,16.235,5.19289,4698.8
2020-03-24,16.69,25.23938,34.47058,16.435,5.24077,4327.3
2020-03-23,15.45,25.14185,33.7736,16.145,5.2437,4064.6
2020-03-22,0.0,0.0,0.0,0.0,0.0,2853.0
2020-03-21,0.0,0.0,0.0,0.0,0.0,3146.9
2020-03-20,16.02,25.29296,32.92397,16.725,5.21937,5798.5
2020-03-19,16.3,26.64732,34.26619,17.32,5.12449,7757.0
2020-03-18,15.23,22.9351,32.22714,16.235,4.97557,4776.8
2020-03-17,18.25,26.14671,35.22024,15.75,4.8735,7489.3
2020-03-16,19.42,26.92894,34.84183,14.365,4.79658,7240.5
2020-03-15,0.0,0.0,0.0,0.0,0.0,3601.1
2020-03-14,0.0,0.0,0.0,0.0,0.0,5382.3
2020-03-13,21.89,30.54778,37.53271,16.15,4.90254,5057.1
2020-03-12,22.48,29.69784,38.00286,14.295,4.87887,4291.6
2020-03-11,23.89,31.71467,38.36952,17.17,4.90253,5568.2
2020-03-10,24.07,32.89148,38.5737,17.79,4.94433,5579.1
2020-03-09,23.25,29.9747,36.596,17.895,4.88528,8974.1
2020-03-08,0.0,0.0,0.0,0.0,0.0,3831.5
2020-03-07,0.0,0.0,0.0,0.0,0.0,6720.7
2020-03-06,23.4,40.04423,41.33569,20.05,4.93808,8507.8
2020-03-05,23.78,44.57821,42.89281,20.7,4.97815,9131.9
2020-03-04,23.8,45.96368,43.59942,21.63,5.03416,10441.9
2020-03-03,23.33,46.4737,43.4806,21.16,5.00493,10132.9
2020-03-02,23.49,46.42218,43.21109,21.42,4.95751,8248.2
2020-03-01,0.0,0.0,0.0,0.0,0.0,3279.7
2020-02-29,0.0,0.0,0.0,0.0,0.0,3575.4
2020-02-28,23.57,45.9231,42.87792,20.94,5.0609,8012.6
2020-02-27,23.56,47.52277,44.31694,21.65,5.07514,10120.7
2020-02-26,24.22,49.11297,45.07767,22.1,5.16592,8207.7
2020-02-25,24.14,50.49159,45.50216,22.32,5.1778,5124.1
2020-02-24,24.53,51.78916,46.9414,23.04,5.19961,5757.3
2020-02-23,0.0,0.0,0.0,0.0,0.0,2776.3
2020-02-22,0.0,0.0,0.0,0.0,0.0,2745.1
2020-02-21,25.56,53.87733,47.35679,24.13,5.29563,4833.1
2020-02-20,25.59,54.95228,47.90142,24.37,5.39238,6753.1
2020-02-19,25.66,54.78132,47.90586,24.64,5.42532,6314.5
2020-02-18,25.09,53.45243,47.52869,24.38,5.39846,4390.8
2020-02-17,25.0,53.2404,0.0,23.91,0.0,4253.5
2020-02-16,0.0,0.0,0.0,0.0,0.0,2725.1
2020-02-15,0.0,0.0,0.0,0.0,0.0,4006.6
2020-02-14,24.24,52.8636,47.04418,23.87,5.23149,9240.4
2020-02-13,24.35,51.96458,46.88249,23.43,5.27347,7386.7
2020-02-12,23.83,51.28229,46.8885,23.66,5.28771,4531.3
2020-02-11,23.25,49.45065,46.59403,23.61,5.23485,4078.5
2020-02-10,23.11,48.82676,46.7461,23.74,5.27727,4132.6
2020-02-09,0.0,0.0,0.0,0.0,0.0,2783.1
2020-02-08,0.0,0.0,0.0,0.0,0.0,6622.9
2020-02-07,23.26,49.77611,46.58686,23.96,5.25222,10757.4
2020-02-06,23.5,50.05011,46.33257,24.01,5.22096,10780.1
2020-02-05,23.71,50.24998,45.54131,24.12,5.23816,9659.2
2020-02-04,23.3,48.8901,44.95787,23.75,5.20069,6163.9
2020-02-03,23.15,49.23592,44.89556,23.57,5.15417,5558.4
2020-02-02,0.0,0.0,0.0,0.0,0.0,3688.8
2020-02-01,0.0,0.0,0.0,0.0,0.0,3107.9
2020-01-31,23.81,52.47677,44.75323,23.7,5.14076,4727.0
2020-01-30,23.67,52.80848,44.99909,23.93,5.20475,5874.3
2020-01-29,23.92,54.34802,45.20672,23.76,5.24761,7193.0
2020-01-28,24.58,54.05577,45.20847,23.57,5.28431,6514.0
2020-01-27,24.52,53.85384,44.95688,23.36,5.31775,8632.2
2020-01-26,0.0,0.0,0.0,0.0,0.0,7437.9
2020-01-25,0.0,0.0,0.0,0.0,0.0,9859.3
2020-01-24,24.31,55.03763,44.89888,23.4,5.29382,12545.5
2020-01-23,24.63,56.13972,45.66103,23.33,5.28911,12911.4
2020-01-22,24.94,57.01786,46.48205,22.88,5.27242,12335.0
2020-01-21,24.84,58.23116,47.10602,22.78,5.31915,12252.4
2020-01-20,25.1,58.82353,0.0,23.02,0.0,11576.1
2020-01-19,0.0,0.0,0.0,0.0,0.0,7265.9
2020-01-18,0.0,0.0,0.0,0.0,0.0,6540.6
2020-01-17,25.36,58.47083,46.88486,22.98,5.2768,8349.3
2020-01-16,24.76,58.03323,46.69062,22.73,5.24697,8295.8
2020-01-15,24.42,57.35795,46.37928,22.57,5.27648,4716.0
2020-01-14,23.77,57.93729,46.79723,22.53,5.30051,5225.0
2020-01-13,24.06,57.63016,46.62478,22.45,5.29399,8244.8
2020-01-12,0.0,0.0,0.0,0.0,0.0,4455.2
2020-01-11,0.0,0.0,0.0,0.0,0.0,6835.7
2020-01-10,24.12,58.42474,46.88905,22.14,5.29356,7198.6
2020-01-09,24.58,58.86538,47.0869,22.2,5.31517,7618.6
2020-01-08,23.98,58.8595,46.73502,22.23,5.27073,8648.4
2020-01-07,24.45,61.26716,47.72503,22.3,5.25442,8914.8
2020-01-06,24.11,61.55427,47.28004,22.69,5.24118,8188.1
2020-01-05,0.0,0.0,0.0,0.0,0.0,5708.1
2020-01-04,0.0,0.0,0.0,0.0,0.0,4371.7
2020-01-03,24.86,61.40351,47.26996,22.63,5.26987,4560.9
2020-01-02,24.24,59.31065,47.21576,22.7,5.30215,5532.5
2020-01-01,0.0,0.0,0.0,0.0,0.0,4816.5
2019-12-31,0.0,0.0,0.0,0.0,0.0,0.0
