,ICEDEU3,CO1COMDTY,GASEUEQUITY,WK2COMBCOMDTY
2022-03-09,70.12,110.19131,24.88,0.0
2022-03-08,68.12,116.95147,24.28,0.0
2022-03-07,57.93,113.29655,23.24,0.0
2022-03-06,0.0,0.0,0.0,0.0
2022-03-05,0.0,0.0,0.0,0.0
2022-03-04,64.77,108.09995,22.84,0.0
2022-03-03,67.06,99.95476,22.94,0.0
2022-03-02,68.24,101.71125,23.14,0.0
2022-03-01,68.52,94.49095,23.23,0.0
2022-02-28,81.81,90.12941,23.83,0.0
2022-02-27,0.0,0.0,0.0,0.0
2022-02-26,0.0,0.0,0.0,0.0
2022-02-25,87.71,87.11858,23.65,0.0
2022-02-24,86.63,88.7257,22.69,0.0
2022-02-23,94.67,85.6082,22.8,0.0
2022-02-22,89.37,85.44203,22.74,0.0
2022-02-21,89.26,84.14785,23.1,0.0
2022-02-20,0.0,0.0,0.0,0.0
2022-02-19,0.0,0.0,0.0,0.0
2022-02-18,89.02,82.61791,24.24,0.0
2022-02-17,85.94,81.84699,24.3,0.0
2022-02-16,89.31,83.34945,24.8,0.0
2022-02-15,90.63,82.1199,24.04,0.0
2022-02-14,91.27,85.30504,24.62,0.0
2022-02-13,0.0,0.0,0.0,0.0
2022-02-12,0.0,0.0,0.0,0.0
2022-02-11,92.43,82.8639,24.75,0.0
2022-02-10,90.34,79.72961,28.29,0.0
2022-02-09,90.31,80.04022,27.84,0.0
2022-02-08,96.38,79.48516,27.33,0.0
2022-02-07,96.18,81.17172,27.63,0.0
2022-02-06,0.0,0.0,0.0,0.0
2022-02-05,0.0,0.0,0.0,0.0
2022-02-04,95.93,81.43007,27.91,0.0
2022-02-03,94.29,79.61377,28.04,0.0
2022-02-02,93.67,79.09999,28.6,0.0
2022-02-01,89.1,79.28857,28.21,0.0
2022-01-31,88.8,81.29958,28.21,0.0
2022-01-30,0.0,0.0,0.0,0.0
2022-01-29,0.0,0.0,0.0,0.0
2022-01-28,88.82,80.73715,28.38,0.0
2022-01-27,89.39,80.20469,28.45,0.0
2022-01-26,88.29,79.69525,27.56,0.0
2022-01-25,87.09,78.13607,28.06,0.0
2022-01-24,83.66,76.15643,28.21,0.0
2022-01-23,0.0,0.0,0.0,0.0
2022-01-22,0.0,0.0,0.0,0.0
2022-01-21,84.11,77.46342,28.36,0.0
2022-01-20,85.24,78.02596,28.87,0.0
2022-01-19,81.74,77.96191,29.13,0.0
2022-01-18,82.31,77.28516,29.58,0.0
2022-01-17,80.23,75.77988,29.76,0.0
2022-01-16,0.0,0.0,0.0,0.0
2022-01-15,0.0,0.0,0.0,0.0
2022-01-14,81.73,75.47799,29.12,0.0
2022-01-13,80.22,73.70212,28.54,0.0
2022-01-12,79.69,73.98637,28.39,0.0
2022-01-11,80.97,73.73613,29.11,0.0
2022-01-10,79.74,71.38318,28.68,0.0
2022-01-09,0.0,0.0,0.0,0.0
2022-01-08,0.0,0.0,0.0,0.0
2022-01-07,85.0,71.98204,28.58,0.0
2022-01-06,86.31,72.58322,28.57,0.0
2022-01-05,87.15,71.24592,28.46,0.0
2022-01-04,84.46,70.83407,28.54,0.0
2022-01-03,83.52,69.99291,28.71,0.0
2022-01-02,0.0,0.0,0.0,0.0
2022-01-01,0.0,0.0,0.0,0.0
2021-12-31,79.96,68.31196,0.0,0.0
2021-12-30,79.47,70.10163,28.748,0.0
2021-12-29,79.66,69.88005,28.85,0.0
2021-12-28,78.67,69.79046,28.91,0.0
2021-12-27,76.37,69.39172,28.34,0.0
2021-12-26,0.0,0.0,0.0,0.0
2021-12-25,0.0,0.0,0.0,0.0
2021-12-24,75.61,67.28526,0.0,0.0
2021-12-23,73.74,67.78689,28.11,0.0
2021-12-22,76.15,66.45776,27.24,0.0
2021-12-21,80.29,65.66078,27.31,0.0
2021-12-20,79.38,63.38178,26.79,0.0
2021-12-19,0.0,0.0,0.0,0.0
2021-12-18,0.0,0.0,0.0,0.0
2021-12-17,73.28,65.24672,26.72,0.0
2021-12-16,84.78,66.2838,26.56,0.0
2021-12-15,80.5,65.61279,25.95,0.0
2021-12-14,79.48,65.38325,25.43,0.0
2021-12-13,82.12,65.87266,25.57,0.0
2021-12-12,0.0,0.0,0.0,0.0
2021-12-11,0.0,0.0,0.0,0.0
2021-12-10,83.73,66.39279,25.22,0.0
2021-12-09,80.2,65.91674,25.23,0.0
2021-12-08,88.87,66.80765,25.15,0.0
2021-12-07,84.91,67.09355,25.24,0.0
2021-12-06,81.24,64.79298,25.06,0.0
2021-12-05,0.0,0.0,0.0,0.0
2021-12-04,0.0,0.0,0.0,0.0
2021-12-03,78.23,61.78057,24.39,0.0
2021-12-02,79.84,61.6385,24.49,0.0
2021-12-01,76.78,60.81773,24.38,0.0
2021-11-30,75.35,62.39059,24.44,0.0
2021-11-29,74.18,65.17571,24.68,0.0
2021-11-28,0.0,0.0,0.0,0.0
2021-11-27,0.0,0.0,0.0,0.0
2021-11-26,72.76,64.33121,24.08,0.0
2021-11-25,74.44,73.34523,24.35,0.0
2021-11-24,72.89,73.46374,23.94,0.0
2021-11-23,69.15,73.13844,23.98,0.0
2021-11-22,69.89,70.85704,23.82,0.0
2021-11-21,0.0,0.0,0.0,0.0
2021-11-20,0.0,0.0,0.0,0.0
2021-11-19,69.34,69.82652,22.99,0.0
2021-11-18,69.09,71.45119,22.51,0.0
2021-11-17,67.15,70.92499,22.92,0.0
2021-11-16,67.54,72.7666,22.64,0.0
2021-11-15,65.92,72.06218,22.67,0.0
2021-11-14,0.0,0.0,0.0,0.0
2021-11-13,0.0,0.0,0.0,0.0
2021-11-12,63.27,71.77046,22.43,0.0
2021-11-11,63.7,72.36923,22.6,0.0
2021-11-10,63.16,71.78596,22.99,0.0
2021-11-09,60.41,73.13665,23.21,0.0
2021-11-08,60.62,72.00932,23.14,0.0
2021-11-07,0.0,0.0,0.0,0.0
2021-11-06,0.0,0.0,0.0,0.0
2021-11-05,59.39,71.59297,23.42,0.0
2021-11-04,59.86,69.74972,23.43,0.0
2021-11-03,59.82,70.77866,23.19,0.0
2021-11-02,59.45,73.14167,23.18,0.0
2021-11-01,56.93,73.06365,23.22,0.0
2021-10-31,0.0,0.0,0.0,0.0
2021-10-30,0.0,0.0,0.0,0.0
2021-10-29,58.69,73.12592,22.74,0.0
2021-10-28,58.56,72.20414,22.61,0.0
2021-10-27,59.88,72.85727,22.51,0.0
2021-10-26,59.78,74.56632,22.28,0.0
2021-10-25,58.96,74.09099,21.98,0.0
2021-10-24,0.0,0.0,0.0,0.0
2021-10-23,0.0,0.0,0.0,0.0
2021-10-22,58.24,73.52992,22.08,0.0
2021-10-21,57.95,72.71399,22.35,0.0
2021-10-20,57.76,73.62732,22.31,0.0
2021-10-19,54.52,73.11791,22.37,0.0
2021-10-18,58.53,72.56066,23.09,0.0
2021-10-17,0.0,0.0,0.0,0.0
2021-10-16,0.0,0.0,0.0,0.0
2021-10-15,59.42,73.18672,23.17,0.0
2021-10-14,61.41,72.48878,23.87,0.0
2021-10-13,59.04,71.84315,23.03,0.0
2021-10-12,58.9,72.36294,21.99,0.0
2021-10-11,59.1,72.34282,21.52,0.0
2021-10-10,0.0,0.0,0.0,0.0
2021-10-09,0.0,0.0,0.0,0.0
2021-10-08,58.28,71.24697,21.8,0.0
2021-10-07,60.3,70.91554,21.79,0.0
2021-10-06,59.03,70.2417,21.84,0.0
2021-10-05,64.63,71.14175,21.77,0.0
2021-10-04,63.32,69.93716,21.78,0.0
2021-10-03,0.0,0.0,0.0,0.0
2021-10-02,0.0,0.0,0.0,0.0
2021-10-01,61.96,68.36251,21.82,0.0
2021-09-30,61.66,67.8593,21.7,0.0
2021-09-29,62.81,67.78726,21.89,0.0
2021-09-28,61.86,67.70245,21.77,0.0
2021-09-27,64.31,67.96274,21.63,0.0
2021-09-26,0.0,0.0,0.0,0.0
2021-09-25,0.0,0.0,0.0,0.0
2021-09-24,62.88,66.65244,21.52,0.0
2021-09-23,60.48,65.77827,21.63,0.0
2021-09-22,60.54,64.92543,21.51,0.0
2021-09-21,60.11,63.40382,21.49,0.0
2021-09-20,60.63,63.06091,21.4,0.0
2021-09-19,0.0,0.0,0.0,0.0
2021-09-18,0.0,0.0,0.0,0.0
2021-09-17,59.43,64.25038,21.68,0.0
2021-09-16,59.26,64.34524,21.87,0.0
2021-09-15,59.8,63.92748,21.74,0.0
2021-09-14,59.8,62.25681,21.88,0.0
2021-09-13,61.01,62.25968,21.97,0.0
2021-09-12,0.0,0.0,0.0,0.0
2021-09-11,0.0,0.0,0.0,0.0
2021-09-10,60.86,61.69727,21.7,0.0
2021-09-09,62.69,60.38709,21.71,0.0
2021-09-08,62.39,61.42652,21.73,0.0
2021-09-07,61.93,60.52342,21.63,0.0
2021-09-06,62.25,60.83733,21.7,0.0
2021-09-05,0.0,0.0,0.0,0.0
2021-09-04,0.0,0.0,0.0,0.0
2021-09-03,61.26,61.06812,21.75,0.0
2021-09-02,61.46,61.55078,21.95,0.0
2021-09-01,60.05,60.4237,21.96,0.0
2021-08-31,60.7,61.81926,21.79,0.0
2021-08-30,60.69,62.22241,21.75,0.0
2021-08-29,0.0,0.0,0.0,0.0
2021-08-28,0.0,0.0,0.0,0.0
2021-08-27,58.94,61.60495,21.72,0.0
2021-08-26,56.81,60.46967,21.79,0.0
2021-08-25,56.49,61.43707,21.89,0.0
2021-08-24,56.58,60.47838,21.89,0.0
2021-08-23,55.29,58.56547,22.0,0.0
2021-08-22,0.0,0.0,0.0,0.0
2021-08-21,0.0,0.0,0.0,0.0
2021-08-20,54.32,55.69512,21.82,0.0
2021-08-19,53.44,56.85318,21.88,0.0
2021-08-18,57.07,58.32122,21.81,0.0
2021-08-17,57.17,58.95465,21.78,0.0
2021-08-16,58.09,59.03185,21.69,0.0
2021-08-15,0.0,0.0,0.0,0.0
2021-08-14,0.0,0.0,0.0,0.0
2021-08-13,55.31,59.82203,21.79,0.0
2021-08-12,56.19,60.75141,21.73,0.0
2021-08-11,57.7,60.81034,21.65,0.0
2021-08-10,57.34,60.28508,21.7,0.0
2021-08-09,56.55,58.79748,21.75,0.0
2021-08-08,0.0,0.0,0.0,0.0
2021-08-07,0.0,0.0,0.0,0.0
2021-08-06,56.59,60.1395,21.77,0.0
2021-08-05,55.91,60.21623,21.9,0.0
2021-08-04,55.39,59.45261,21.84,0.0
2021-08-03,54.12,61.01281,21.84,0.0
2021-08-02,54.36,61.40691,21.58,0.0
2021-08-01,0.0,0.0,0.0,0.0
2021-07-31,0.0,0.0,0.0,0.0
2021-07-30,53.26,64.36462,21.84,0.0
2021-07-29,53.98,63.98822,21.87,0.0
2021-07-28,53.76,63.26392,22.29,0.0
2021-07-27,52.83,62.92666,22.49,0.0
2021-07-26,53.12,63.07145,22.48,0.0
2021-07-25,0.0,0.0,0.0,0.0
2021-07-24,0.0,0.0,0.0,0.0
2021-07-23,50.82,62.96737,22.61,0.0
2021-07-22,50.72,62.7306,22.47,0.0
2021-07-21,52.06,61.2482,22.24,0.0
2021-07-20,51.13,58.88096,22.15,0.0
2021-07-19,52.32,58.15747,21.98,0.0
2021-07-18,0.0,0.0,0.0,0.0
2021-07-17,0.0,0.0,0.0,0.0
2021-07-16,52.79,62.30632,22.14,0.0
2021-07-15,52.89,62.24689,22.19,0.0
2021-07-14,53.27,63.17924,22.23,0.0
2021-07-13,52.76,64.80007,22.37,0.0
2021-07-12,51.62,63.38337,22.13,0.0
2021-07-11,0.0,0.0,0.0,0.0
2021-07-10,0.0,0.0,0.0,0.0
2021-07-09,54.17,63.65858,22.01,0.0
2021-07-08,52.26,62.57493,21.87,0.0
2021-07-07,52.52,62.22881,22.01,0.0
2021-07-06,53.92,63.08083,22.0,0.0
2021-07-05,57.77,65.01517,22.02,0.0
2021-07-04,0.0,0.0,0.0,0.0
2021-07-03,0.0,0.0,0.0,0.0
2021-07-02,57.24,64.31104,21.98,0.0
2021-07-01,57.52,64.0054,21.89,0.0
2021-06-30,56.25,63.40619,21.73,0.0
2021-06-29,55.53,62.84465,21.92,0.0
2021-06-28,55.4,62.63524,21.92,0.0
2021-06-27,0.0,0.0,0.0,0.0
2021-06-26,0.0,0.0,0.0,0.0
2021-06-25,54.95,63.81838,21.94,0.0
2021-06-24,54.98,63.35206,21.95,0.0
2021-06-23,54.56,62.99429,21.68,0.0
2021-06-22,53.31,62.68119,21.77,0.0
2021-06-21,52.33,62.84084,21.84,0.0
2021-06-20,0.0,0.0,0.0,0.0
2021-06-19,0.0,0.0,0.0,0.0
2021-06-18,51.8,61.90316,21.78,0.0
2021-06-17,50.81,61.43241,21.93,0.0
2021-06-16,51.24,61.38802,22.0,0.0
2021-06-15,51.3,61.02771,21.89,0.0
2021-06-14,52.8,60.10559,21.86,0.0
2021-06-13,0.0,0.0,0.0,0.0
2021-06-12,0.0,0.0,0.0,0.0
2021-06-11,52.58,60.08927,21.89,0.0
2021-06-10,53.69,59.5549,21.74,0.0
2021-06-09,53.42,59.3134,21.75,0.0
2021-06-08,52.08,59.30366,21.67,0.0
2021-06-07,51.38,58.62239,21.6,0.0
2021-06-06,0.0,0.0,0.0,0.0
2021-06-05,0.0,0.0,0.0,0.0
2021-06-04,49.9,59.1152,21.46,0.0
2021-06-03,50.17,58.83663,21.41,0.0
2021-06-02,51.32,58.42614,21.42,0.0
2021-06-01,52.32,57.42663,21.37,0.0
2021-05-31,51.62,56.68956,21.5,0.0
2021-05-30,0.0,0.0,0.0,0.0
2021-05-29,0.0,0.0,0.0,0.0
2021-05-28,50.95,57.06909,21.52,0.0
2021-05-27,51.76,56.99048,21.55,0.0
2021-05-26,53.59,56.45082,21.64,0.0
2021-05-25,53.24,56.0866,21.58,0.0
2021-05-24,52.68,56.04585,21.52,0.0
2021-05-23,0.0,0.0,0.0,0.0
2021-05-22,0.0,0.0,0.0,0.0
2021-05-21,51.65,54.62018,21.56,0.0
2021-05-20,52.58,53.29023,21.53,0.0
2021-05-19,49.55,54.59012,21.52,0.0
2021-05-18,52.9,56.2413,21.61,0.0
2021-05-17,56.15,57.14051,21.85,0.0
2021-05-16,0.0,0.0,0.0,0.0
2021-05-15,0.0,0.0,0.0,0.0
2021-05-14,56.49,56.61201,21.75,0.0
2021-05-13,54.35,55.50497,21.54,0.0
2021-05-12,55.17,57.45069,21.49,0.0
2021-05-11,52.91,56.35482,21.5,0.0
2021-05-10,52.1,56.18883,21.46,0.0
2021-05-09,0.0,0.0,0.0,0.0
2021-05-08,0.0,0.0,0.0,0.0
2021-05-07,50.33,56.19291,21.45,0.0
2021-05-06,49.82,56.50622,21.35,0.0
2021-05-05,49.33,57.49541,21.27,0.0
2021-05-04,48.5,57.31403,21.24,0.0
2021-05-03,49.31,56.05244,21.37,0.0
2021-05-02,0.0,0.0,0.0,0.0
2021-05-01,0.0,0.0,0.0,0.0
2021-04-30,48.73,55.91586,21.35,0.0
2021-04-29,47.91,56.57699,21.37,0.0
2021-04-28,47.69,55.64103,21.42,0.0
2021-04-27,47.2,55.02444,21.06,0.0
2021-04-26,47.11,54.30557,20.98,0.0
2021-04-25,0.0,0.0,0.0,0.0
2021-04-24,0.0,0.0,0.0,0.0
2021-04-23,46.86,54.74042,20.94,0.0
2021-04-22,47.0,54.45916,20.93,0.0
2021-04-21,45.82,54.30662,20.93,0.0
2021-04-20,44.81,55.33666,20.68,0.0
2021-04-19,44.27,55.69862,20.97,0.0
2021-04-18,0.0,0.0,0.0,0.0
2021-04-17,0.0,0.0,0.0,0.0
2021-04-16,44.33,55.72991,20.86,0.0
2021-04-15,44.08,55.91846,20.79,0.0
2021-04-14,43.73,55.55277,20.77,0.0
2021-04-13,43.76,53.33389,20.76,0.0
2021-04-12,44.39,53.10507,20.8,0.0
2021-04-11,0.0,0.0,0.0,0.0
2021-04-10,0.0,0.0,0.0,0.0
2021-04-09,43.56,52.89916,20.88,0.0
2021-04-08,43.39,53.01124,20.9,0.0
2021-04-07,43.77,53.15603,20.79,0.0
2021-04-06,44.14,52.91835,20.9,0.0
2021-04-05,0.0,52.59817,0.0,0.0
2021-04-04,0.0,0.0,0.0,0.0
2021-04-03,0.0,0.0,0.0,0.0
2021-04-02,0.0,0.0,0.0,0.0
2021-04-01,42.37,55.09216,20.79,0.0
2021-03-31,42.45,54.0766,20.97,0.0
2021-03-30,41.95,54.7363,20.97,0.0
2021-03-29,41.75,55.1894,21.1,0.0
2021-03-28,0.0,0.0,0.0,0.0
2021-03-27,0.0,0.0,0.0,0.0
2021-03-26,41.63,54.76675,20.97,0.0
2021-03-25,40.26,52.61146,21.01,0.0
2021-03-24,41.49,54.46013,20.88,0.0
2021-03-23,41.32,51.26929,20.84,0.0
2021-03-22,42.72,54.11154,20.75,0.0
2021-03-21,0.0,0.0,0.0,0.0
2021-03-20,0.0,0.0,0.0,0.0
2021-03-19,41.85,54.18591,20.82,0.0
2021-03-18,42.28,53.0472,20.86,0.0
2021-03-17,42.87,57.10447,21.15,0.0
2021-03-16,41.49,57.4561,20.81,0.0
2021-03-15,42.3,57.74648,20.84,0.0
2021-03-14,0.0,0.0,0.0,0.0
2021-03-13,0.0,0.0,0.0,0.0
2021-03-12,42.79,57.93438,21.41,0.0
2021-03-11,41.86,58.16071,21.34,0.0
2021-03-10,41.47,57.02049,21.37,0.0
2021-03-09,40.58,56.80633,21.2,0.0
2021-03-08,39.07,57.5525,21.47,0.0
2021-03-07,0.0,0.0,0.0,0.0
2021-03-06,0.0,0.0,0.0,0.0
2021-03-05,38.96,58.227,20.93,0.0
2021-03-04,38.11,55.64449,20.69,0.0
2021-03-03,37.42,53.08202,20.6,0.0
2021-03-02,38.3,51.90397,20.86,0.0
2021-03-01,37.08,52.89428,20.96,0.0
2021-02-28,0.0,0.0,0.0,0.0
2021-02-27,0.0,0.0,0.0,0.0
2021-02-26,37.23,54.74338,20.66,0.0
2021-02-25,38.21,54.76132,20.73,0.0
2021-02-24,39.1,55.21331,20.51,0.0
2021-02-23,38.62,53.82019,20.59,0.0
2021-02-22,37.92,53.62926,20.62,0.0
2021-02-21,0.0,0.0,0.0,0.0
2021-02-20,0.0,0.0,0.0,0.0
2021-02-19,37.37,51.87598,20.71,0.0
2021-02-18,38.28,52.91342,20.65,0.0
2021-02-17,38.05,53.41636,20.6,0.0
2021-02-16,38.82,52.31646,20.78,0.0
2021-02-15,39.47,52.18036,20.85,0.0
2021-02-14,0.0,0.0,0.0,0.0
2021-02-13,0.0,0.0,0.0,0.0
2021-02-12,39.97,51.49715,20.96,0.0
2021-02-11,38.71,50.41643,20.37,0.0
2021-02-10,39.28,50.64261,20.26,0.0
2021-02-09,38.21,50.46675,20.44,0.0
2021-02-08,38.56,50.26978,21.08,0.0
2021-02-07,0.0,0.0,0.0,0.0
2021-02-06,0.0,0.0,0.0,0.0
2021-02-05,38.15,49.2939,21.27,0.0
2021-02-04,37.22,49.19321,21.46,0.0
2021-02-03,37.38,48.6073,21.54,0.0
2021-02-02,34.93,47.80764,21.34,0.0
2021-02-01,32.81,46.686,21.35,0.0
2021-01-31,0.0,0.0,0.0,0.0
2021-01-30,0.0,0.0,0.0,0.0
2021-01-29,32.88,46.06001,21.27,0.0
2021-01-28,33.88,45.79794,21.98,0.0
2021-01-27,33.21,46.05545,22.19,0.0
2021-01-26,33.27,45.98996,22.17,0.0
2021-01-25,33.08,46.0107,19.055,0.0
2021-01-24,0.0,0.0,0.0,0.0
2021-01-23,0.0,0.0,0.0,0.0
2021-01-22,34.15,45.54122,19.2,0.0
2021-01-21,34.02,46.17664,19.535,0.0
2021-01-20,32.82,46.32031,19.85,0.0
2021-01-19,32.99,46.11831,19.96,0.0
2021-01-18,31.53,45.34161,19.825,0.0
2021-01-17,0.0,0.0,0.0,0.0
2021-01-16,0.0,0.0,0.0,0.0
2021-01-15,31.64,45.55978,20.0,0.0
2021-01-14,33.42,46.37514,20.51,0.0
2021-01-13,33.54,46.08303,20.58,0.0
2021-01-12,34.54,46.47228,20.5,0.0
2021-01-11,34.42,45.74669,20.11,0.0
2021-01-10,0.0,0.0,0.0,0.0
2021-01-09,0.0,0.0,0.0,0.0
2021-01-08,34.8,45.78461,20.2,0.0
2021-01-07,34.64,44.33393,19.755,0.0
2021-01-06,33.51,44.14993,19.395,0.0
2021-01-05,32.84,43.57724,18.87,0.0
2021-01-04,33.55,41.69591,19.165,0.0
2021-01-03,0.0,0.0,0.0,0.0
2021-01-02,0.0,0.0,0.0,0.0
2021-01-01,0.0,0.0,0.0,0.0
2020-12-31,32.54,42.37219,18.972,0.0
2020-12-30,32.02,41.7772,19.056,0.0
2020-12-29,32.86,41.73338,19.11,0.0
2020-12-28,33.29,41.66803,19.175,0.0
2020-12-27,0.0,0.0,0.0,0.0
2020-12-26,0.0,0.0,0.0,0.0
2020-12-25,0.0,0.0,0.0,0.0
2020-12-24,32.04,42.09965,18.812,0.0
2020-12-23,31.77,42.01198,18.775,0.0
2020-12-22,30.99,41.13347,18.32,0.0
2020-12-21,30.73,41.60673,18.37,0.0
2020-12-20,0.0,0.0,0.0,0.0
2020-12-19,0.0,0.0,0.0,0.0
2020-12-18,30.92,42.70655,18.8,0.0
2020-12-17,31.78,42.00653,19.17,0.0
2020-12-16,31.6,41.97551,19.025,0.0
2020-12-15,31.99,41.73999,19.005,0.0
2020-12-14,30.81,41.36371,19.39,0.0
2020-12-13,0.0,0.0,0.0,0.0
2020-12-12,0.0,0.0,0.0,0.0
2020-12-11,30.52,41.23958,18.985,0.0
2020-12-10,30.9,41.4604,18.98,0.0
2020-12-09,29.7,40.47382,18.945,0.0
2020-12-08,29.57,40.31366,19.15,0.0
2020-12-07,29.62,40.21264,19.185,0.0
2020-12-06,0.0,0.0,0.0,0.0
2020-12-05,0.0,0.0,0.0,0.0
2020-12-04,30.11,40.55501,19.06,0.0
2020-12-03,29.0,40.10374,18.995,0.0
2020-12-02,29.54,39.89912,19.22,0.0
2020-12-01,28.85,39.36903,19.22,0.0
2020-11-30,29.13,39.81094,19.47,0.0
2020-11-29,0.0,0.0,0.0,0.0
2020-11-28,0.0,0.0,0.0,0.0
2020-11-27,28.13,40.29439,19.8,0.0
2020-11-26,28.1,40.12423,19.77,0.0
2020-11-25,27.62,40.79389,19.82,0.0
2020-11-24,27.63,40.30995,19.71,0.0
2020-11-23,27.25,38.89874,19.3,0.0
2020-11-22,0.0,0.0,0.0,0.0
2020-11-21,0.0,0.0,0.0,0.0
2020-11-20,26.74,37.92813,19.09,0.0
2020-11-19,26.35,37.31217,19.15,0.0
2020-11-18,27.18,37.35468,19.17,0.0
2020-11-17,26.63,36.87937,19.37,0.0
2020-11-16,27.39,37.00388,19.395,0.0
2020-11-15,0.0,0.0,0.0,0.0
2020-11-14,0.0,0.0,0.0,0.0
2020-11-13,26.27,36.17453,19.645,0.0
2020-11-12,25.91,36.88983,18.305,0.0
2020-11-11,26.12,37.20377,18.57,0.0
2020-11-10,26.22,36.89509,18.27,0.0
2020-11-09,26.54,35.87444,17.865,0.0
2020-11-08,0.0,0.0,0.0,0.0
2020-11-07,0.0,0.0,0.0,0.0
2020-11-06,25.41,33.20428,17.26,0.0
2020-11-05,25.97,34.67762,17.115,0.0
2020-11-04,25.11,35.1942,17.14,0.0
2020-11-03,24.38,33.91119,16.72,0.0
2020-11-02,23.67,33.51393,16.385,0.0
2020-11-01,0.0,0.0,0.0,0.0
2020-10-31,0.0,0.0,0.0,0.0
2020-10-30,23.7,32.16555,15.92,0.0
2020-10-29,23.66,32.29542,15.91,0.0
2020-10-28,23.03,33.29078,16.39,0.0
2020-10-27,24.06,34.84144,17.33,0.0
2020-10-26,23.85,34.24171,17.585,0.0
2020-10-25,0.0,0.0,0.0,0.0
2020-10-24,0.0,0.0,0.0,0.0
2020-10-23,25.49,35.26978,17.78,0.0
2020-10-22,24.18,35.91609,17.62,0.0
2020-10-21,23.57,35.14401,17.62,0.0
2020-10-20,24.41,36.49277,18.055,0.0
2020-10-19,24.98,36.17382,17.445,0.0
2020-10-18,0.0,0.0,0.0,0.0
2020-10-17,0.0,0.0,0.0,0.0
2020-10-16,24.89,36.63282,17.255,0.0
2020-10-15,24.96,36.89835,17.435,0.0
2020-10-14,25.75,36.86495,17.885,0.0
2020-10-13,25.21,36.17384,17.655,0.0
2020-10-12,25.87,35.323,17.795,0.0
2020-10-11,0.0,0.0,0.0,0.0
2020-10-10,0.0,0.0,0.0,0.0
2020-10-09,25.71,36.24292,17.78,0.0
2020-10-08,26.33,36.86942,18.01,0.0
2020-10-07,26.89,35.66938,17.835,0.0
2020-10-06,26.78,36.20236,17.68,0.0
2020-10-05,26.92,35.03012,17.655,0.0
2020-10-04,0.0,0.0,0.0,0.0
2020-10-03,0.0,0.0,0.0,0.0
2020-10-02,27.01,33.51254,17.225,0.0
2020-10-01,26.49,34.84887,17.11,0.0
2020-09-30,26.91,34.93431,17.155,0.0
2020-09-29,26.76,34.95485,17.27,0.0
2020-09-28,27.69,36.40185,17.52,0.0
2020-09-27,0.0,0.0,0.0,0.0
2020-09-26,0.0,0.0,0.0,0.0
2020-09-25,26.15,36.07884,16.995,0.0
2020-09-24,26.77,35.95987,16.985,0.0
2020-09-23,26.48,35.75892,16.975,0.0
2020-09-22,27.83,35.64593,16.745,0.0
2020-09-21,26.38,35.29512,16.725,0.0
2020-09-20,0.0,0.0,0.0,0.0
2020-09-19,0.0,0.0,0.0,0.0
2020-09-18,27.97,36.3644,17.29,0.0
2020-09-17,28.41,36.62663,17.75,0.0
2020-09-16,29.96,35.67988,17.38,0.0
2020-09-15,29.76,34.19387,17.29,0.0
2020-09-14,30.44,33.37828,16.99,0.0
2020-09-13,0.0,0.0,0.0,0.0
2020-09-12,0.0,0.0,0.0,0.0
2020-09-11,28.24,33.64873,16.945,0.0
2020-09-10,28.4,33.7831,17.0,0.0
2020-09-09,27.18,34.55608,17.025,0.0
2020-09-08,26.77,33.7233,16.925,0.0
2020-09-07,27.03,35.55349,17.06,0.0
2020-09-06,0.0,0.0,0.0,0.0
2020-09-05,0.0,0.0,0.0,0.0
2020-09-04,27.33,36.04563,16.8,0.0
2020-09-03,28.71,37.2433,16.79,0.0
2020-09-02,28.2,37.5,16.635,0.0
2020-09-01,27.71,38.1934,16.22,0.0
2020-08-31,28.62,37.91025,16.25,0.0
2020-08-30,0.0,0.0,0.0,0.0
2020-08-29,0.0,0.0,0.0,0.0
2020-08-28,29.48,37.89217,16.0,0.0
2020-08-27,28.34,38.22158,16.115,0.0
2020-08-26,28.59,38.57336,16.11,0.0
2020-08-25,28.58,38.82492,16.29,0.0
2020-08-24,27.45,38.24576,16.475,0.0
2020-08-23,0.0,0.0,0.0,0.0
2020-08-22,0.0,0.0,0.0,0.0
2020-08-21,25.62,37.67094,15.995,0.0
2020-08-20,25.88,37.87751,16.295,0.0
2020-08-19,26.2,38.19667,16.205,0.0
2020-08-18,26.51,38.08646,16.145,0.0
2020-08-17,26.25,38.22885,16.16,0.0
2020-08-16,0.0,0.0,0.0,0.0
2020-08-15,0.0,0.0,0.0,0.0
2020-08-14,25.42,37.82187,16.295,0.0
2020-08-13,25.37,38.04688,16.665,0.0
2020-08-12,25.91,38.52612,16.695,0.0
2020-08-11,26.13,37.80477,16.69,0.0
2020-08-10,26.65,38.27959,16.295,0.0
2020-08-09,0.0,0.0,0.0,0.0
2020-08-08,0.0,0.0,0.0,0.0
2020-08-07,26.36,37.72623,16.065,0.0
2020-08-06,26.33,37.95455,16.055,0.0
2020-08-05,26.7,38.0443,16.06,0.0
2020-08-04,26.76,37.72287,15.68,0.0
2020-08-03,26.06,37.57767,15.715,0.0
2020-08-02,0.0,0.0,0.0,0.0
2020-08-01,0.0,0.0,0.0,0.0
2020-07-31,26.21,36.72292,15.775,0.0
2020-07-30,25.47,36.3775,15.9,0.0
2020-07-29,26.12,37.15815,16.02,0.0
2020-07-28,25.66,36.83,16.05,0.0
2020-07-27,24.93,36.96041,16.08,0.0
2020-07-26,0.0,0.0,0.0,0.0
2020-07-25,0.0,0.0,0.0,0.0
2020-07-24,26.29,37.24968,16.705,0.0
2020-07-23,27.25,37.27194,16.735,0.0
2020-07-22,26.55,38.25689,16.615,0.0
2020-07-21,26.52,38.48559,17.355,0.0
2020-07-20,26.08,37.83548,17.11,0.0
2020-07-19,0.0,0.0,0.0,0.0
2020-07-18,0.0,0.0,0.0,0.0
2020-07-17,27.73,37.72628,16.855,0.0
2020-07-16,26.51,38.01385,16.61,0.0
2020-07-15,28.75,38.38871,16.59,0.0
2020-07-14,29.56,37.62168,16.78,0.0
2020-07-13,29.27,37.57917,16.94,0.0
2020-07-12,0.0,0.0,0.0,0.0
2020-07-11,0.0,0.0,0.0,0.0
2020-07-10,28.95,38.26549,16.72,0.0
2020-07-09,28.53,37.50775,16.685,0.0
2020-07-08,29.24,38.18807,16.925,0.0
2020-07-07,29.31,38.15766,16.99,0.0
2020-07-06,29.62,38.11798,17.03,0.0
2020-07-05,0.0,0.0,0.0,0.0
2020-07-04,0.0,0.0,0.0,0.0
2020-07-03,27.84,38.07152,16.855,0.0
2020-07-02,27.3,38.41838,17.05,0.0
2020-07-01,27.64,37.31357,16.53,0.0
2020-06-30,26.9,36.60055,16.48,0.0
2020-06-29,26.55,37.15151,16.29,0.0
2020-06-28,0.0,0.0,0.0,0.0
2020-06-27,0.0,0.0,0.0,0.0
2020-06-26,24.66,36.52716,16.455,0.0
2020-06-25,25.11,36.56364,16.15,0.0
2020-06-24,25.33,35.74215,16.33,0.0
2020-06-23,25.34,37.69564,16.95,0.0
2020-06-22,24.46,38.25593,16.61,0.0
2020-06-21,0.0,0.0,0.0,0.0
2020-06-20,0.0,0.0,0.0,0.0
2020-06-19,24.09,37.6932,16.925,0.0
2020-06-18,24.4,37.08237,16.955,0.0
2020-06-17,22.69,36.24789,17.01,0.0
2020-06-16,22.72,36.35073,17.125,0.0
2020-06-15,22.1,35.19716,16.565,0.0
2020-06-14,0.0,0.0,0.0,0.0
2020-06-13,0.0,0.0,0.0,0.0
2020-06-12,21.93,34.46956,16.47,0.0
2020-06-11,22.21,33.92889,16.41,0.0
2020-06-10,22.84,36.76328,17.185,0.0
2020-06-09,22.41,36.30433,17.415,0.0
2020-06-08,22.64,36.13497,17.75,0.0
2020-06-07,0.0,0.0,0.0,0.0
2020-06-06,0.0,0.0,0.0,0.0
2020-06-05,23.16,37.46347,17.395,0.0
2020-06-04,22.13,35.29879,17.095,0.0
2020-06-03,22.0,35.40981,17.53,0.0
2020-06-02,21.99,35.41256,16.945,0.0
2020-06-01,20.89,34.42947,16.659,0.0
2020-05-31,0.0,0.0,0.0,0.0
2020-05-30,0.0,0.0,0.0,0.0
2020-05-29,21.32,31.83456,16.745,0.0
2020-05-28,21.18,31.84443,16.57,0.0
2020-05-27,21.25,31.65376,16.315,0.0
2020-05-26,21.52,32.95372,16.23,0.0
2020-05-25,21.51,32.61728,15.85,0.0
2020-05-24,0.0,0.0,0.0,0.0
2020-05-23,0.0,0.0,0.0,0.0
2020-05-22,21.32,32.26488,15.665,0.0
2020-05-21,21.11,32.91648,15.855,0.0
2020-05-20,21.18,32.57106,15.805,0.0
2020-05-19,19.89,31.70464,15.54,0.0
2020-05-18,20.26,31.90943,16.375,0.0
2020-05-17,0.0,0.0,0.0,0.0
2020-05-16,0.0,0.0,0.0,0.0
2020-05-15,19.09,30.0731,15.965,0.0
2020-05-14,18.76,28.87219,16.485,0.0
2020-05-13,18.59,26.97283,16.635,0.0
2020-05-12,18.44,27.62879,16.29,0.0
2020-05-11,18.98,27.41488,16.6,0.0
2020-05-10,0.0,0.0,0.0,0.0
2020-05-09,0.0,0.0,0.0,0.0
2020-05-08,19.27,28.55167,16.545,0.0
2020-05-07,19.46,27.24498,16.12,0.0
2020-05-06,18.92,27.50069,16.025,0.0
2020-05-05,19.01,28.57011,15.7,0.0
2020-05-04,19.27,24.95413,15.59,0.0
2020-05-03,0.0,0.0,0.0,0.0
2020-05-02,0.0,0.0,0.0,0.0
2020-05-01,18.9,24.06261,0.0,0.0
2020-04-30,19.49,23.10506,16.025,0.0
2020-04-29,20.11,20.77802,15.925,0.0
2020-04-28,20.13,18.88848,15.46,0.0
2020-04-27,20.2,18.47334,15.665,0.0
2020-04-26,0.0,0.0,0.0,0.0
2020-04-25,0.0,0.0,0.0,0.0
2020-04-24,20.66,19.87393,15.205,0.0
2020-04-23,20.94,19.72443,14.955,0.0
2020-04-22,20.57,18.83321,15.095,0.0
2020-04-21,19.77,17.82553,15.025,0.0
2020-04-20,21.29,23.52346,15.23,0.0
2020-04-19,0.0,0.0,0.0,0.0
2020-04-18,0.0,0.0,0.0,0.0
2020-04-17,21.61,25.8397,15.405,0.0
2020-04-16,20.85,25.67842,15.525,0.0
2020-04-15,19.16,25.36411,15.74,0.0
2020-04-14,19.72,26.99498,15.885,0.0
2020-04-13,0.0,29.07392,0.0,0.0
2020-04-12,0.0,0.0,0.0,0.0
2020-04-11,0.0,0.0,0.0,0.0
2020-04-10,0.0,0.0,0.0,0.0
2020-04-09,20.98,28.78566,16.07,0.0
2020-04-08,21.04,30.22828,15.985,0.0
2020-04-07,20.41,29.24927,15.965,0.0
2020-04-06,20.3,30.59619,16.08,0.0
2020-04-05,0.0,0.0,0.0,0.0
2020-04-04,0.0,0.0,0.0,0.0
2020-04-03,17.86,31.6214,15.795,0.0
2020-04-02,17.95,27.61483,15.79,0.0
2020-04-01,16.95,22.64531,15.46,0.0
2020-03-31,17.55,20.72737,15.97,0.0
2020-03-30,16.93,20.65336,15.85,0.0
2020-03-29,0.0,0.0,0.0,0.0
2020-03-28,0.0,0.0,0.0,0.0
2020-03-27,16.26,22.46351,16.59,0.0
2020-03-26,17.22,23.89332,16.79,0.0
2020-03-25,17.41,25.21867,16.235,0.0
2020-03-24,16.69,25.23938,16.435,0.0
2020-03-23,15.45,25.14185,16.145,0.0
2020-03-22,0.0,0.0,0.0,0.0
2020-03-21,0.0,0.0,0.0,0.0
2020-03-20,16.02,25.29296,16.725,0.0
2020-03-19,16.3,26.64732,17.32,0.0
2020-03-18,15.23,22.9351,16.235,0.0
2020-03-17,18.25,26.14671,15.75,0.0
2020-03-16,19.42,26.92894,14.365,0.0
2020-03-15,0.0,0.0,0.0,0.0
2020-03-14,0.0,0.0,0.0,0.0
2020-03-13,21.89,30.54778,16.15,0.0
2020-03-12,22.48,29.69784,14.295,0.0
2020-03-11,23.89,31.71467,17.17,0.0
2020-03-10,24.07,32.89148,17.79,0.0
2020-03-09,23.25,29.9747,17.895,0.0
2020-03-08,0.0,0.0,0.0,0.0
2020-03-07,0.0,0.0,0.0,0.0
2020-03-06,23.4,40.04423,20.05,0.0
2020-03-05,23.78,44.57821,20.7,0.0
2020-03-04,23.8,45.96368,21.63,0.0
2020-03-03,23.33,46.4737,21.16,0.0
2020-03-02,23.49,46.42218,21.42,0.0
2020-03-01,0.0,0.0,0.0,0.0
2020-02-29,0.0,0.0,0.0,0.0
2020-02-28,23.57,45.9231,20.94,0.0
2020-02-27,23.56,47.52277,21.65,0.0
2020-02-26,24.22,49.11297,22.1,0.0
2020-02-25,24.14,50.49159,22.32,0.0
2020-02-24,24.53,51.78916,23.04,0.0
2020-02-23,0.0,0.0,0.0,0.0
2020-02-22,0.0,0.0,0.0,0.0
2020-02-21,25.56,53.87733,24.13,0.0
2020-02-20,25.59,54.95228,24.37,0.0
2020-02-19,25.66,54.78132,24.64,0.0
2020-02-18,25.09,53.45243,24.38,0.0
2020-02-17,25.0,53.2404,23.91,0.0
2020-02-16,0.0,0.0,0.0,0.0
2020-02-15,0.0,0.0,0.0,0.0
2020-02-14,24.24,52.8636,23.87,0.0
2020-02-13,24.35,51.96458,23.43,0.0
2020-02-12,23.83,51.28229,23.66,0.0
2020-02-11,23.25,49.45065,23.61,0.0
2020-02-10,23.11,48.82676,23.74,0.0
2020-02-09,0.0,0.0,0.0,0.0
2020-02-08,0.0,0.0,0.0,0.0
2020-02-07,23.26,49.77611,23.96,0.0
2020-02-06,23.5,50.05011,24.01,0.0
2020-02-05,23.71,50.24998,24.12,0.0
2020-02-04,23.3,48.8901,23.75,0.0
2020-02-03,23.15,49.23592,23.57,0.0
2020-02-02,0.0,0.0,0.0,0.0
2020-02-01,0.0,0.0,0.0,0.0
2020-01-31,23.81,52.47677,23.7,0.0
2020-01-30,23.67,52.80848,23.93,0.0
2020-01-29,23.92,54.34802,23.76,0.0
2020-01-28,24.58,54.05577,23.57,0.0
2020-01-27,24.52,53.85384,23.36,0.0
2020-01-26,0.0,0.0,0.0,0.0
2020-01-25,0.0,0.0,0.0,0.0
2020-01-24,24.31,55.03763,23.4,0.0
2020-01-23,24.63,56.13972,23.33,0.0
2020-01-22,24.94,57.01786,22.88,0.0
2020-01-21,24.84,58.23116,22.78,0.0
2020-01-20,25.1,58.82353,23.02,0.0
2020-01-19,0.0,0.0,0.0,0.0
2020-01-18,0.0,0.0,0.0,0.0
2020-01-17,25.36,58.47083,22.98,0.0
2020-01-16,24.76,58.03323,22.73,0.0
2020-01-15,24.42,57.35795,22.57,0.0
2020-01-14,23.77,57.93729,22.53,0.0
2020-01-13,24.06,57.63016,22.45,0.0
2020-01-12,0.0,0.0,0.0,0.0
2020-01-11,0.0,0.0,0.0,0.0
2020-01-10,24.12,58.42474,22.14,0.0
2020-01-09,24.58,58.86538,22.2,0.0
2020-01-08,23.98,58.8595,22.23,0.0
2020-01-07,24.45,61.26716,22.3,0.0
2020-01-06,24.11,61.55427,22.69,0.0
2020-01-05,0.0,0.0,0.0,0.0
2020-01-04,0.0,0.0,0.0,0.0
2020-01-03,24.86,61.40351,22.63,0.0
2020-01-02,24.24,59.31065,22.7,0.0
2020-01-01,0.0,0.0,0.0,0.0
2019-12-31,24.48,58.77638,22.578,0.0
2019-12-30,24.93,61.04718,22.784,0.0
2019-12-29,0.0,0.0,0.0,0.0
2019-12-28,0.0,0.0,0.0,0.0
2019-12-27,26.54,60.94421,22.84,0.0
2019-12-26,0.0,61.17266,0.0,0.0
2019-12-25,0.0,0.0,0.0,0.0
2019-12-24,25.92,60.60606,22.887,0.0
2019-12-23,26.38,59.85935,22.95,0.0
2019-12-22,0.0,0.0,0.0,0.0
2019-12-21,0.0,0.0,0.0,0.0
2019-12-20,26.51,59.75246,22.94,0.0
2019-12-19,26.69,59.81124,22.68,0.0
2019-12-18,26.43,59.5161,22.67,0.0
2019-12-17,25.91,59.27188,22.97,0.0
2019-12-16,24.86,58.63771,22.77,0.0
2019-12-15,0.0,0.0,0.0,0.0
2019-12-14,0.0,0.0,0.0,0.0
2019-12-13,24.02,58.67218,22.87,0.0
2019-12-12,25.07,57.78578,22.66,0.0
2019-12-11,24.48,57.44681,22.84,0.0
2019-12-10,24.94,58.03193,22.72,0.0
2019-12-09,25.13,58.10799,22.9,0.0
2019-12-08,0.0,0.0,0.0,0.0
2019-12-07,0.0,0.0,0.0,0.0
2019-12-06,24.94,58.24514,22.97,0.0
2019-12-05,24.69,57.0824,22.87,0.0
2019-12-04,24.74,56.86947,23.09,0.0
2019-12-03,24.0,54.85209,22.92,0.0
2019-12-02,24.33,55.00677,22.99,0.0
2019-12-01,0.0,0.0,0.0,0.0
2019-11-30,0.0,0.0,0.0,0.0
2019-11-29,25.22,56.67211,23.64,0.0
2019-11-28,25.0,58.02144,23.48,0.0
2019-11-27,25.1,58.23636,23.69,0.0
2019-11-26,24.37,58.32123,23.56,0.0
2019-11-25,24.43,57.83209,23.79,0.0
2019-11-24,0.0,0.0,0.0,0.0
2019-11-23,0.0,0.0,0.0,0.0
2019-11-22,24.57,57.50181,23.6,0.0
2019-11-21,23.93,57.82338,23.76,0.0
2019-11-20,24.02,56.38384,23.72,0.0
2019-11-19,23.43,54.96796,23.79,0.0
2019-11-18,23.38,56.34362,24.03,0.0
2019-11-17,0.0,0.0,0.0,0.0
2019-11-16,0.0,0.0,0.0,0.0
2019-11-15,23.85,57.26434,23.75,0.0
2019-11-14,23.96,56.52569,23.72,0.0
2019-11-13,24.39,56.70516,23.85,0.0
2019-11-12,24.11,56.36182,23.82,0.0
2019-11-11,24.92,56.32757,24.06,0.0
2019-11-10,0.0,0.0,0.0,0.0
2019-11-09,0.0,0.0,0.0,0.0
2019-11-08,24.83,56.72414,23.92,0.0
2019-11-07,24.93,56.41699,24.36,0.0
2019-11-06,24.78,55.79252,24.4,0.0
2019-11-05,25.5,56.88471,23.98,0.0
2019-11-04,25.62,55.76699,23.95,0.0
2019-11-03,0.0,0.0,0.0,0.0
2019-11-02,0.0,0.0,0.0,0.0
2019-11-01,25.28,55.26787,24.1,0.0
2019-10-31,25.59,54.03732,24.37,0.0
2019-10-30,25.99,54.5201,23.92,0.0
2019-10-29,25.44,55.44653,23.72,0.0
2019-10-28,25.11,55.45848,23.63,0.0
2019-10-27,0.0,0.0,0.0,0.0
2019-10-26,0.0,0.0,0.0,0.0
2019-10-25,24.96,56.00506,23.7,0.0
2019-10-24,25.43,55.52354,23.97,0.0
2019-10-23,24.75,55.00405,23.95,0.0
2019-10-22,25.65,53.58585,24.12,0.0
2019-10-21,25.92,52.86944,23.92,0.0
2019-10-20,0.0,0.0,0.0,0.0
2019-10-19,0.0,0.0,0.0,0.0
2019-10-18,25.87,53.25327,24.19,0.0
2019-10-17,26.06,53.84685,24.1,0.0
2019-10-16,26.3,53.62332,23.99,0.0
2019-10-15,25.71,53.28858,24.3,0.0
2019-10-14,24.15,53.8078,24.09,0.0
2019-10-13,0.0,0.0,0.0,0.0
2019-10-12,0.0,0.0,0.0,0.0
2019-10-11,24.44,54.75523,23.83,0.0
2019-10-10,23.26,53.64437,23.61,0.0
2019-10-09,22.65,53.14864,23.72,0.0
2019-10-08,22.53,53.17265,23.78,0.0
2019-10-07,23.41,53.12756,23.91,0.0
2019-10-06,0.0,0.0,0.0,0.0
2019-10-05,0.0,0.0,0.0,0.0
2019-10-04,22.94,53.14093,23.65,0.0
2019-10-03,23.24,52.54484,23.586,0.0
2019-10-02,24.2,52.64647,23.63,0.0
2019-10-01,25.04,53.83982,24.28,0.0
2019-09-30,24.72,55.74612,24.3,0.0
2019-09-29,0.0,0.0,0.0,0.0
2019-09-28,0.0,0.0,0.0,0.0
2019-09-27,25.29,56.56981,24.05,0.0
2019-09-26,25.62,57.42266,24.11,0.0
2019-09-25,25.2,57.01362,23.8,0.0
2019-09-24,25.53,57.29072,24.3,0.0
2019-09-23,25.79,58.95149,24.28,0.0
2019-09-22,0.0,0.0,0.0,0.0
2019-09-21,0.0,0.0,0.0,0.0
2019-09-20,26.52,58.3992,24.29,0.0
2019-09-19,25.95,58.30693,24.26,0.0
2019-09-18,25.45,57.48893,24.3,0.0
2019-09-17,26.22,58.31075,23.72,0.0
2019-09-16,27.03,62.72835,23.26,0.0
2019-09-15,0.0,0.0,0.0,0.0
2019-09-14,0.0,0.0,0.0,0.0
2019-09-13,26.38,54.36981,23.03,0.0
2019-09-12,26.43,54.55367,23.49,0.0
2019-09-11,26.27,55.24666,23.34,0.0
2019-09-10,26.72,56.49851,23.11,0.0
2019-09-09,25.01,56.59132,22.88,0.0
2019-09-08,0.0,0.0,0.0,0.0
2019-09-07,0.0,0.0,0.0,0.0
2019-09-06,25.08,55.76801,23.2,0.0
2019-09-05,25.53,55.20333,23.71,0.0
2019-09-04,25.52,55.0517,23.79,0.0
2019-09-03,25.22,53.10848,23.84,0.0
2019-09-02,25.18,53.45362,23.94,0.0
2019-09-01,0.0,0.0,0.0,0.0
2019-08-31,0.0,0.0,0.0,0.0
2019-08-30,26.31,54.99636,23.79,0.0
2019-08-29,26.45,55.26102,23.88,0.0
2019-08-28,26.0,54.59879,23.92,0.0
2019-08-27,25.4,53.62711,23.97,0.0
2019-08-26,25.82,52.83528,23.65,0.0
2019-08-25,0.0,0.0,0.0,0.0
2019-08-24,0.0,0.0,0.0,0.0
2019-08-23,25.09,53.27229,23.47,0.0
2019-08-22,25.65,54.06966,23.57,0.0
2019-08-21,26.01,54.30965,23.78,0.0
2019-08-20,26.24,54.08595,23.67,0.0
2019-08-19,26.55,53.84893,23.86,0.0
2019-08-18,0.0,0.0,0.0,0.0
2019-08-17,0.0,0.0,0.0,0.0
2019-08-16,25.95,52.86217,23.67,0.0
2019-08-15,25.96,52.45946,23.32,0.0
2019-08-14,26.89,53.37401,23.34,0.0
2019-08-13,27.08,54.83005,23.45,0.0
2019-08-12,26.68,52.23867,23.45,0.0
2019-08-11,0.0,0.0,0.0,0.0
2019-08-10,0.0,0.0,0.0,0.0
2019-08-09,28.09,52.20765,23.54,0.0
2019-08-08,28.5,51.20928,23.51,0.0
2019-08-07,28.25,50.08462,23.54,0.0
2019-08-06,28.38,52.6344,23.33,0.0
2019-08-05,28.67,53.34939,23.28,0.0
2019-08-04,0.0,0.0,0.0,0.0
2019-08-03,0.0,0.0,0.0,0.0
2019-08-02,29.23,55.68652,23.34,0.0
2019-08-01,29.42,54.66209,23.04,0.0
2019-07-31,27.95,58.56398,22.85,0.0
2019-07-30,27.87,58.03443,22.72,0.0
2019-07-29,28.38,57.19031,23.05,0.0
2019-07-28,0.0,0.0,0.0,0.0
2019-07-27,0.0,0.0,0.0,0.0
2019-07-26,28.25,57.05808,23.03,0.0
2019-07-25,28.98,56.93372,23.19,0.0
2019-07-24,29.15,56.6891,23.11,0.0
2019-07-23,29.77,57.2415,22.89,0.0
2019-07-22,28.95,56.39151,22.6,0.0
2019-07-21,0.0,0.0,0.0,0.0
2019-07-20,0.0,0.0,0.0,0.0
2019-07-19,28.85,55.63274,22.6,0.0
2019-07-18,27.74,55.17641,22.62,0.0
2019-07-17,28.43,56.71269,22.84,0.0
2019-07-16,28.44,57.38875,22.58,0.0
2019-07-15,29.02,59.0461,22.93,0.0
2019-07-14,0.0,0.0,0.0,0.0
2019-07-13,0.0,0.0,0.0,0.0
2019-07-12,28.76,59.21193,22.65,0.0
2019-07-11,28.26,59.10787,22.56,0.0
2019-07-10,28.16,59.51683,22.68,0.0
2019-07-09,26.52,57.23972,22.78,0.0
2019-07-08,26.77,57.16451,22.66,0.0
2019-07-07,0.0,0.0,0.0,0.0
2019-07-06,0.0,0.0,0.0,0.0
2019-07-05,26.34,57.25109,23.22,0.0
2019-07-04,25.97,56.11205,24.03,0.0
2019-07-03,26.47,56.573,24.87,0.0
2019-07-02,26.68,55.18705,24.6,0.0
2019-07-01,26.87,57.60581,24.21,0.0
2019-06-30,0.0,0.0,0.0,0.0
2019-06-29,0.0,0.0,0.0,0.0
2019-06-28,26.23,58.5879,24.3,0.0
2019-06-27,26.84,58.55182,24.72,0.0
2019-06-26,27.34,58.41167,25.01,0.0
2019-06-25,26.36,57.24721,25.16,0.0
2019-06-24,26.31,56.94969,25.42,0.0
2019-06-23,0.0,0.0,0.0,0.0
2019-06-22,0.0,0.0,0.0,0.0
2019-06-21,25.24,57.49052,25.28,0.0
2019-06-20,25.04,57.07581,25.16,0.0
2019-06-19,24.9,55.1226,25.17,0.0
2019-06-18,25.06,55.47719,25.46,0.0
2019-06-17,24.96,54.2847,25.17,0.0
2019-06-16,0.0,0.0,0.0,0.0
2019-06-15,0.0,0.0,0.0,0.0
2019-06-14,24.99,55.32162,25.52,0.0
2019-06-13,24.9,54.37212,25.64,0.0
2019-06-12,24.75,53.08489,25.59,0.0
2019-06-11,24.91,54.98279,25.54,0.0
2019-06-10,25.13,55.04595,26.1,0.0
2019-06-09,0.0,0.0,0.0,0.0
2019-06-08,0.0,0.0,0.0,0.0
2019-06-07,24.44,55.81129,25.91,0.0
2019-06-06,23.91,54.60905,25.93,0.0
2019-06-05,24.18,53.96529,25.71,0.0
2019-06-04,24.49,55.10894,25.62,0.0
2019-06-03,23.67,54.63623,25.67,0.0
2019-06-02,0.0,0.0,0.0,0.0
2019-06-01,0.0,0.0,0.0,0.0
2019-05-31,24.39,57.77638,25.5,0.0
2019-05-30,25.22,60.04849,25.69,0.0
2019-05-29,25.45,62.3765,25.77,0.0
2019-05-28,25.4,62.79445,26.01,0.0
2019-05-27,25.51,62.64856,26.8,0.0
2019-05-26,0.0,0.0,0.0,0.0
2019-05-25,0.0,0.0,0.0,0.0
2019-05-24,25.4,61.30298,26.72,0.0
2019-05-23,25.98,60.59739,26.56,0.0
2019-05-22,26.29,63.62822,26.77,0.0
2019-05-21,25.3,64.67742,26.82,0.0
2019-05-20,25.12,64.44305,26.85,0.0
2019-05-19,0.0,0.0,0.0,0.0
2019-05-18,0.0,0.0,0.0,0.0
2019-05-17,24.92,64.68112,26.89,0.0
2019-05-16,25.49,64.97271,26.91,0.0
2019-05-15,25.89,64.04605,26.45,0.0
2019-05-14,25.81,63.5504,26.25,0.0
2019-05-13,24.95,62.51001,26.17,0.0
2019-05-12,0.0,0.0,0.0,0.0
2019-05-11,0.0,0.0,0.0,0.0
2019-05-10,25.54,62.84596,26.17,0.0
2019-05-09,26.42,62.75856,25.669,0.0
2019-05-08,26.82,62.89213,25.953,0.0
2019-05-07,26.32,62.53244,25.928,0.0
2019-05-06,25.25,63.59011,25.845,0.0
2019-05-05,0.0,0.0,0.0,0.0
2019-05-04,0.0,0.0,0.0,0.0
2019-05-03,25.12,63.28153,25.574,0.0
2019-05-02,24.62,63.29397,25.391,0.0
2019-05-01,25.69,64.20566,0.0,0.0
2019-04-30,26.2,64.90149,25.39,0.0
2019-04-29,26.3,64.43073,25.032,0.0
2019-04-28,0.0,0.0,0.0,0.0
2019-04-27,0.0,0.0,0.0,0.0
2019-04-26,25.78,64.63316,25.064,0.0
2019-04-25,27.21,66.75945,25.139,0.0
2019-04-24,27.33,66.82498,24.683,0.0
2019-04-23,27.45,66.44373,24.823,0.0
2019-04-22,0.0,65.76657,0.0,0.0
2019-04-21,0.0,0.0,0.0,0.0
2019-04-20,0.0,0.0,0.0,0.0
2019-04-19,0.0,0.0,0.0,0.0
2019-04-18,26.81,64.08727,24.73,0.0
2019-04-17,27.38,63.40297,24.586,0.0
2019-04-16,26.92,63.55902,24.76,0.0
2019-04-15,26.73,62.95215,25.101,0.0
2019-04-14,0.0,0.0,0.0,0.0
2019-04-13,0.0,0.0,0.0,0.0
2019-04-12,26.49,63.32419,25.248,0.0
2019-04-11,27.23,62.91526,25.39,0.0
2019-04-10,26.04,63.61298,25.509,0.0
2019-04-09,25.45,62.65306,25.3,0.0
2019-04-08,24.24,63.10464,25.33,0.0
2019-04-07,0.0,0.0,0.0,0.0
2019-04-06,0.0,0.0,0.0,0.0
2019-04-05,24.52,62.71957,25.469,0.0
2019-04-04,24.36,61.85935,25.332,0.0
2019-04-03,23.08,61.64176,25.205,0.0
2019-04-02,21.92,61.95409,25.162,0.0
2019-04-01,21.81,61.58308,24.986,0.0
2019-03-31,0.0,0.0,0.0,0.0
2019-03-30,0.0,0.0,0.0,0.0
2019-03-29,21.44,60.94822,25.047,0.0
2019-03-28,22.15,60.36493,25.06,0.0
2019-03-27,21.74,60.2719,24.95,0.0
2019-03-26,21.43,60.24107,24.922,0.0
2019-03-25,20.83,59.38853,24.82,0.0
2019-03-24,0.0,0.0,0.0,0.0
2019-03-23,0.0,0.0,0.0,0.0
2019-03-22,20.56,59.33434,24.693,0.0
2019-03-21,20.83,59.77275,24.776,0.0
2019-03-20,21.53,60.30991,24.6,0.0
2019-03-19,21.01,59.5473,24.54,0.0
2019-03-18,21.71,59.62218,24.35,0.0
2019-03-17,0.0,0.0,0.0,0.0
2019-03-16,0.0,0.0,0.0,0.0
2019-03-15,22.36,59.32862,24.66,0.0
2019-03-14,22.63,59.50084,24.48,0.0
2019-03-13,22.17,59.76289,24.51,0.0
2019-03-12,22.22,59.05226,24.54,0.0
2019-03-11,22.18,59.22434,24.32,0.0
2019-03-10,0.0,0.0,0.0,0.0
2019-03-09,0.0,0.0,0.0,0.0
2019-03-08,22.91,58.48754,24.51,0.0
2019-03-07,23.17,59.06459,24.57,0.0
2019-03-06,22.04,58.35692,23.9,0.0
2019-03-05,22.83,58.29866,23.77,0.0
2019-03-04,23.03,57.95094,23.72,0.0
2019-03-03,0.0,0.0,0.0,0.0
2019-03-02,0.0,0.0,0.0,0.0
2019-03-01,22.18,57.25473,23.78,0.0
2019-02-28,21.59,58.01265,23.87,0.0
2019-02-27,21.16,58.39564,23.79,0.0
2019-02-26,19.56,57.30228,23.88,0.0
2019-02-25,19.14,57.06732,23.89,0.0
2019-02-24,0.0,0.0,0.0,0.0
2019-02-23,0.0,0.0,0.0,0.0
2019-02-22,18.84,59.15741,23.91,0.0
2019-02-21,18.7,59.20205,23.82,0.0
2019-02-20,20.36,59.01812,23.8,0.0
2019-02-19,20.09,58.55657,23.84,0.0
2019-02-18,19.89,58.79233,23.75,0.0
2019-02-17,0.0,0.0,0.0,0.0
2019-02-16,0.0,0.0,0.0,0.0
2019-02-15,20.3,58.76874,23.64,0.0
2019-02-14,19.67,57.15677,23.63,0.0
2019-02-13,20.82,56.41185,23.68,0.0
2019-02-12,20.57,55.14134,24.26,0.0
2019-02-11,22.26,54.57368,24.03,0.0
2019-02-10,0.0,0.0,0.0,0.0
2019-02-09,0.0,0.0,0.0,0.0
2019-02-08,22.23,54.81024,23.94,0.0
2019-02-07,23.33,54.30434,24.05,0.0
2019-02-06,23.55,55.10724,24.36,0.0
2019-02-05,23.02,54.32553,24.37,0.0
2019-02-04,22.91,54.68463,24.21,0.0
2019-02-03,0.0,0.0,0.0,0.0
2019-02-02,0.0,0.0,0.0,0.0
2019-02-01,21.84,54.7127,24.19,0.0
2019-01-31,22.14,54.0524,24.35,0.0
2019-01-30,22.9,53.98897,24.02,0.0
2019-01-29,23.23,53.65768,23.75,0.0
2019-01-28,22.6,52.40927,23.4,0.0
2019-01-27,0.0,0.0,0.0,0.0
2019-01-26,0.0,0.0,0.0,0.0
2019-01-25,23.76,54.04173,23.51,0.0
2019-01-24,23.89,54.06673,23.85,0.0
2019-01-23,24.53,53.66453,23.63,0.0
2019-01-22,25.01,54.09447,23.45,0.0
2019-01-21,24.28,55.19001,23.35,0.0
2019-01-20,0.0,0.0,0.0,0.0
2019-01-19,0.0,0.0,0.0,0.0
2019-01-18,24.68,55.20338,23.4,0.0
2019-01-17,23.49,53.72794,23.26,0.0
2019-01-16,23.23,53.78947,23.09,0.0
2019-01-15,22.47,53.23968,23.11,0.0
2019-01-14,22.4,51.39845,22.73,0.0
2019-01-13,0.0,0.0,0.0,0.0
2019-01-12,0.0,0.0,0.0,0.0
2019-01-11,22.59,52.66916,22.7,0.0
2019-01-10,21.94,53.60681,22.85,0.0
2019-01-09,21.86,53.27322,22.52,0.0
2019-01-08,22.66,51.26593,22.67,0.0
2019-01-07,22.07,49.98692,22.59,0.0
2019-01-06,0.0,0.0,0.0,0.0
2019-01-05,0.0,0.0,0.0,0.0
2019-01-04,23.49,50.0263,22.53,0.0
2019-01-03,23.03,49.08325,22.35,0.0
2019-01-02,24.98,48.44288,22.53,0.0
2019-01-01,0.0,0.0,0.0,0.0
2018-12-31,24.64,46.97869,22.26,0.0
2018-12-30,0.0,0.0,0.0,0.0
2018-12-29,0.0,0.0,0.0,0.0
2018-12-28,24.61,45.62538,22.01,0.0
2018-12-27,24.64,45.61035,21.64,0.0
2018-12-26,24.81,47.96583,0.0,0.0
2018-12-25,0.0,0.0,0.0,0.0
2018-12-24,24.81,44.23313,22.82,0.0
2018-12-23,0.0,0.0,0.0,0.0
2018-12-22,0.0,0.0,0.0,0.0
2018-12-21,24.57,47.26858,22.42,0.0
2018-12-20,24.13,47.42997,22.74,0.0
2018-12-19,24.28,50.10066,22.91,0.0
2018-12-18,24.0,49.52465,22.62,0.0
2018-12-17,24.26,52.5152,23.29,0.0
2018-12-16,0.0,0.0,0.0,0.0
2018-12-15,0.0,0.0,0.0,0.0
2018-12-14,23.37,53.34041,23.24,0.0
2018-12-13,22.32,54.1076,23.25,0.0
2018-12-12,21.47,52.86983,23.15,0.0
2018-12-11,20.16,53.18491,22.61,0.0
2018-12-10,20.86,52.79049,22.17,0.0
2018-12-09,0.0,0.0,0.0,0.0
2018-12-08,0.0,0.0,0.0,0.0
2018-12-07,20.29,54.12023,22.28,0.0
2018-12-06,19.99,52.74436,21.85,0.0
2018-12-05,19.67,54.23789,22.34,0.0
2018-12-04,20.73,54.72979,22.25,0.0
2018-12-03,20.63,54.33806,22.19,0.0
2018-12-02,0.0,0.0,0.0,0.0
2018-12-01,0.0,0.0,0.0,0.0
2018-11-30,20.5,51.88688,21.785,0.0
2018-11-29,20.01,52.32568,21.853,0.0
2018-11-28,19.28,51.79831,22.26,0.0
2018-11-27,19.6,53.35401,22.132,0.0
2018-11-26,19.83,53.33804,22.15,0.0
2018-11-25,0.0,0.0,0.0,0.0
2018-11-24,0.0,0.0,0.0,0.0
2018-11-23,20.21,51.87472,21.911,0.0
2018-11-22,20.92,54.87377,22.544,0.0
2018-11-21,20.49,55.70376,22.58,0.0
2018-11-20,19.46,54.9666,23.146,0.0
2018-11-19,18.93,58.29115,23.043,0.0
2018-11-18,0.0,0.0,0.0,0.0
2018-11-17,0.0,0.0,0.0,0.0
2018-11-16,19.11,58.49982,22.949,0.0
2018-11-15,19.0,58.8776,23.005,0.0
2018-11-14,19.74,58.54954,23.009,0.0
2018-11-13,20.14,58.04593,23.094,0.0
2018-11-12,20.5,62.3566,23.12,0.0
2018-11-11,0.0,0.0,0.0,0.0
2018-11-10,0.0,0.0,0.0,0.0
2018-11-09,19.5,61.93082,23.11,0.0
2018-11-08,19.56,62.01176,23.02,0.0
2018-11-07,18.62,62.86636,23.17,0.0
2018-11-06,17.57,63.2054,22.181,0.0
2018-11-05,17.23,64.21237,22.016,0.0
2018-11-04,0.0,0.0,0.0,0.0
2018-11-03,0.0,0.0,0.0,0.0
2018-11-02,17.08,63.98138,21.594,0.0
2018-11-01,15.62,63.87696,21.68,0.0
2018-10-31,16.36,66.75217,21.917,0.0
2018-10-30,16.02,66.88695,21.891,0.0
2018-10-29,16.68,67.91359,22.009,0.0
2018-10-28,0.0,0.0,0.0,0.0
2018-10-27,0.0,0.0,0.0,0.0
2018-10-26,18.28,68.11162,21.899,0.0
2018-10-25,19.08,67.61344,21.994,0.0
2018-10-24,19.61,66.85684,21.956,0.0
2018-10-23,19.23,66.57376,21.734,0.0
2018-10-22,19.0,69.60502,22.465,0.0
2018-10-21,0.0,0.0,0.0,0.0
2018-10-20,0.0,0.0,0.0,0.0
2018-10-19,19.7,69.25347,22.411,0.0
2018-10-18,19.73,69.11611,22.173,0.0
2018-10-17,19.26,69.43963,22.176,0.0
2018-10-16,19.28,70.26584,22.0,0.0
2018-10-15,18.57,69.73412,21.581,0.0
2018-10-14,0.0,0.0,0.0,0.0
2018-10-13,0.0,0.0,0.0,0.0
2018-10-12,20.35,69.55807,21.703,0.0
2018-10-11,19.85,69.33908,22.32,0.0
2018-10-10,19.43,72.00797,22.52,0.0
2018-10-09,20.75,74.04181,23.834,0.0
2018-10-08,21.89,73.09233,23.79,0.0
2018-10-07,0.0,0.0,0.0,0.0
2018-10-06,0.0,0.0,0.0,0.0
2018-10-05,22.11,73.09997,23.523,0.0
2018-10-04,21.3,73.52225,23.683,0.0
2018-10-03,21.14,74.93704,24.178,0.0
2018-10-02,20.95,73.41356,23.93,0.0
2018-10-01,21.32,73.45492,23.634,0.0
2018-09-30,0.0,0.0,0.0,0.0
2018-09-29,0.0,0.0,0.0,0.0
2018-09-28,21.16,71.22438,23.559,0.0
2018-09-27,20.77,70.00771,23.411,0.0
2018-09-26,20.18,69.21375,23.523,0.0
2018-09-25,21.19,69.54047,23.51,0.0
2018-09-24,22.37,69.01827,23.663,0.0
2018-09-23,0.0,0.0,0.0,0.0
2018-09-22,0.0,0.0,0.0,0.0
2018-09-21,22.08,67.10952,23.734,0.0
2018-09-20,21.98,66.93315,23.8,0.0
2018-09-19,21.43,67.962,23.74,0.0
2018-09-18,20.19,67.78454,23.78,0.0
2018-09-17,20.9,66.73222,23.624,0.0
2018-09-16,0.0,0.0,0.0,0.0
2018-09-15,0.0,0.0,0.0,0.0
2018-09-14,19.94,67.09916,23.266,0.0
2018-09-13,18.87,66.94066,23.303,0.0
2018-09-12,22.9,68.56995,23.351,0.0
2018-09-11,24.12,68.22575,23.828,0.0
2018-09-10,25.18,66.69253,23.563,0.0
2018-09-09,0.0,0.0,0.0,0.0
2018-09-08,0.0,0.0,0.0,0.0
2018-09-07,23.18,66.45619,23.34,0.0
2018-09-06,21.43,65.80645,23.213,0.0
2018-09-05,20.33,66.4917,23.318,0.0
2018-09-04,20.14,67.50432,23.517,0.0
2018-09-03,20.11,67.2721,23.741,0.0
2018-09-02,0.0,0.0,0.0,0.0
2018-09-01,0.0,0.0,0.0,0.0
2018-08-31,21.05,66.77016,23.121,0.0
2018-08-30,21.12,66.71528,23.19,0.0
2018-08-29,21.02,65.90346,23.29,0.0
2018-08-28,20.65,64.81481,23.29,0.0
2018-08-27,21.26,65.20363,23.187,0.0
2018-08-26,0.0,0.0,0.0,0.0
2018-08-25,0.0,0.0,0.0,0.0
2018-08-24,20.65,65.22712,23.199,0.0
2018-08-23,20.34,64.6733,23.169,0.0
2018-08-22,19.76,64.52114,23.166,0.0
2018-08-21,19.27,62.83416,23.463,0.0
2018-08-20,18.45,63.01597,23.25,0.0
2018-08-19,0.0,0.0,0.0,0.0
2018-08-18,0.0,0.0,0.0,0.0
2018-08-17,18.1,62.95907,23.23,0.0
2018-08-16,17.95,62.85639,23.085,0.0
2018-08-15,18.04,62.37659,22.87,0.0
2018-08-14,18.11,63.88644,23.314,0.0
2018-08-13,18.01,63.72652,23.247,0.0
2018-08-12,0.0,0.0,0.0,0.0
2018-08-11,0.0,0.0,0.0,0.0
2018-08-10,17.84,63.85722,23.271,0.0
2018-08-09,17.55,62.36047,23.236,0.0
2018-08-08,17.35,62.33721,23.181,0.0
2018-08-07,17.46,64.39231,23.206,0.0
2018-08-06,17.52,63.78654,23.051,0.0
2018-08-05,0.0,0.0,0.0,0.0
2018-08-04,0.0,0.0,0.0,0.0
2018-08-03,17.63,63.13928,23.167,0.0
2018-08-02,17.59,63.26988,23.05,0.0
2018-08-01,17.74,62.04148,22.98,0.0
2018-07-31,17.36,63.43443,23.29,0.0
2018-07-30,17.0,63.98942,22.96,0.0
2018-07-29,0.0,0.0,0.0,0.0
2018-07-28,0.0,0.0,0.0,0.0
2018-07-27,17.08,63.72448,23.08,0.0
2018-07-26,17.25,63.91152,23.21,0.0
2018-07-25,17.3,63.30165,23.147,0.0
2018-07-24,17.06,62.86594,23.15,0.0
2018-07-23,17.35,62.44978,23.401,0.0
2018-07-22,0.0,0.0,0.0,0.0
2018-07-21,0.0,0.0,0.0,0.0
2018-07-20,17.03,62.40499,23.31,0.0
2018-07-19,16.82,62.53123,23.369,0.0
2018-07-18,16.37,62.559,23.512,0.0
2018-07-17,16.04,61.91865,23.471,0.0
2018-07-16,15.89,61.37024,23.42,0.0
2018-07-15,0.0,0.0,0.0,0.0
2018-07-14,0.0,0.0,0.0,0.0
2018-07-13,16.02,64.52801,23.44,0.0
2018-07-12,16.05,63.73053,23.447,0.0
2018-07-11,16.28,62.73504,23.42,0.0
2018-07-10,16.01,67.21214,23.379,0.0
2018-07-09,15.96,66.45952,23.357,0.0
2018-07-08,0.0,0.0,0.0,0.0
2018-07-07,0.0,0.0,0.0,0.0
2018-07-06,15.66,65.64788,22.931,0.0
2018-07-05,15.64,66.15661,22.662,0.0
2018-07-04,15.48,67.06094,22.742,0.0
2018-07-03,15.06,66.74677,22.17,0.0
2018-07-02,15.03,66.63793,22.9,0.0
2018-07-01,0.0,0.0,0.0,0.0
2018-06-30,0.0,0.0,0.0,0.0
2018-06-29,14.95,68.03116,22.709,0.0
2018-06-28,14.96,67.21057,22.535,0.0
2018-06-27,15.21,67.012,22.059,0.0
2018-06-26,14.99,65.4572,21.887,0.0
2018-06-25,14.99,63.9155,21.684,0.0
2018-06-24,0.0,0.0,0.0,0.0
2018-06-23,0.0,0.0,0.0,0.0
2018-06-22,15.09,64.86092,21.611,0.0
2018-06-21,14.78,62.93616,21.75,0.0
2018-06-20,14.47,64.49219,21.846,0.0
2018-06-19,14.21,64.89196,21.614,0.0
2018-06-18,14.57,64.92029,21.76,0.0
2018-06-17,0.0,0.0,0.0,0.0
2018-06-16,0.0,0.0,0.0,0.0
2018-06-15,14.5,63.28306,21.848,0.0
2018-06-14,14.88,65.27419,21.784,0.0
2018-06-13,15.28,65.08354,21.337,0.0
2018-06-12,15.12,64.44709,21.237,0.0
2018-06-11,15.46,64.86257,21.044,0.0
2018-06-10,0.0,0.0,0.0,0.0
2018-06-09,0.0,0.0,0.0,0.0
2018-06-08,15.79,64.94521,21.046,0.0
2018-06-07,15.97,65.48103,21.422,0.0
2018-06-06,15.9,63.98913,21.285,0.0
2018-06-05,15.74,64.34486,21.437,0.0
2018-06-04,16.1,64.42752,21.275,0.0
2018-06-03,0.0,0.0,0.0,0.0
2018-06-02,0.0,0.0,0.0,0.0
2018-06-01,15.26,65.8294,20.96,0.0
2018-05-31,14.88,66.48102,20.93,0.0
2018-05-30,15.81,66.44376,20.94,0.0
2018-05-29,16.27,65.29534,20.893,0.0
2018-05-28,16.28,64.75191,21.302,0.0
2018-05-27,0.0,0.0,0.0,0.0
2018-05-26,0.0,0.0,0.0,0.0
2018-05-25,15.97,65.55183,21.237,0.0
2018-05-24,16.26,67.1582,21.972,0.0
2018-05-23,15.98,68.24596,21.977,0.0
2018-05-22,15.92,67.52376,22.059,0.0
2018-05-21,15.53,67.30099,22.422,0.0
2018-05-20,0.0,0.0,0.0,0.0
2018-05-19,0.0,0.0,0.0,0.0
2018-05-18,15.22,66.62423,22.35,0.0
2018-05-17,15.27,67.17493,22.22,0.0
2018-05-16,15.15,67.1125,21.99,0.0
2018-05-15,14.29,66.09641,21.915,0.0
2018-05-14,14.6,65.32231,21.814,0.0
2018-05-13,0.0,0.0,0.0,0.0
2018-05-12,0.0,0.0,0.0,0.0
2018-05-11,14.6,64.49239,21.76,0.0
2018-05-10,14.57,65.04072,21.54,0.0
2018-05-09,13.96,65.12864,21.356,0.0
2018-05-08,13.56,63.00505,21.243,0.0
2018-05-07,13.58,63.83139,21.21,0.0
2018-05-06,0.0,0.0,0.0,0.0
2018-05-05,0.0,0.0,0.0,0.0
2018-05-04,12.98,62.58464,21.15,0.0
2018-05-03,12.92,61.41141,21.23,0.0
2018-05-02,13.02,61.30191,21.146,0.0
2018-05-01,13.34,60.85545,0.0,0.0
2018-04-30,13.54,62.11883,20.861,0.0
2018-04-29,0.0,0.0,0.0,0.0
2018-04-28,0.0,0.0,0.0,0.0
2018-04-27,13.51,61.62992,20.851,0.0
2018-04-26,13.44,61.63615,20.89,0.0
2018-04-25,13.21,60.73041,20.71,0.0
2018-04-24,13.18,60.33821,20.61,0.0
2018-04-23,12.84,61.14749,20.38,0.0
2018-04-22,0.0,0.0,0.0,0.0
2018-04-21,0.0,0.0,0.0,0.0
2018-04-20,13.01,60.22607,20.589,0.0
2018-04-19,13.42,59.76509,20.234,0.0
2018-04-18,13.85,59.30589,20.198,0.0
2018-04-17,13.7,57.93606,20.156,0.0
2018-04-16,13.95,57.67585,20.112,0.0
2018-04-15,0.0,0.0,0.0,0.0
2018-04-14,0.0,0.0,0.0,0.0
2018-04-13,13.9,58.80732,20.05,0.0
2018-04-12,13.55,58.39144,19.885,0.0
2018-04-11,13.39,58.2303,19.95,0.0
2018-04-10,13.34,57.56888,19.75,0.0
2018-04-09,13.3,55.73145,19.625,0.0
2018-04-08,0.0,0.0,0.0,0.0
2018-04-07,0.0,0.0,0.0,0.0
2018-04-06,12.96,54.66764,19.67,0.0
2018-04-05,12.61,55.84341,19.611,0.0
2018-04-04,13.02,55.3278,19.48,0.0
2018-04-03,13.27,55.5311,19.48,0.0
2018-04-02,13.26,55.01871,0.0,0.0
2018-04-01,0.0,0.0,0.0,0.0
2018-03-31,0.0,0.0,0.0,0.0
2018-03-30,0.0,0.0,0.0,0.0
2018-03-29,13.26,57.17191,19.39,0.0
2018-03-28,12.96,56.31784,19.67,0.0
2018-03-27,13.65,56.47656,19.1,0.0
2018-03-26,12.96,56.34844,18.727,0.0
2018-03-25,0.0,0.0,0.0,0.0
2018-03-24,0.0,0.0,0.0,0.0
2018-03-23,12.58,56.98916,18.661,0.0
2018-03-22,12.31,56.01073,18.751,0.0
2018-03-21,12.62,56.57166,18.82,0.0
2018-03-20,11.52,54.98287,18.89,0.0
2018-03-19,11.04,53.49044,18.91,0.0
2018-03-18,0.0,0.0,0.0,0.0
2018-03-17,0.0,0.0,0.0,0.0
2018-03-16,11.15,53.87745,18.807,0.0
2018-03-15,11.17,52.79287,18.775,0.0
2018-03-14,11.16,52.43636,18.82,0.0
2018-03-13,11.38,52.1669,19.03,0.0
2018-03-12,11.06,52.68067,19.085,0.0
2018-03-11,0.0,0.0,0.0,0.0
2018-03-10,0.0,0.0,0.0,0.0
2018-03-09,11.1,53.1661,18.711,0.0
2018-03-08,11.1,51.63568,18.555,0.0
2018-03-07,10.62,51.88291,18.565,0.0
2018-03-06,10.45,53.08642,18.49,0.0
2018-03-05,10.34,53.13767,18.636,0.0
2018-03-04,0.0,0.0,0.0,0.0
2018-03-03,0.0,0.0,0.0,0.0
2018-03-02,10.12,52.28233,18.385,0.0
2018-03-01,9.97,52.26826,18.525,0.0
2018-02-28,10.08,53.87829,18.86,0.0
2018-02-27,10.13,54.40072,19.1,0.0
2018-02-26,9.61,54.84238,19.15,0.0
2018-02-25,0.0,0.0,0.0,0.0
2018-02-24,0.0,0.0,0.0,0.0
2018-02-23,9.79,54.6969,18.97,0.0
2018-02-22,9.7,53.81809,18.615,0.0
2018-02-21,9.54,53.0705,18.28,0.0
2018-02-20,9.7,52.85969,18.235,0.0
2018-02-19,9.86,52.90421,18.325,0.0
2018-02-18,0.0,0.0,0.0,0.0
2018-02-17,0.0,0.0,0.0,0.0
2018-02-16,9.5,52.118,18.5,0.0
2018-02-15,9.52,51.57954,18.31,0.0
2018-02-14,9.58,51.82799,18.485,0.0
2018-02-13,9.87,50.77309,18.53,0.0
2018-02-12,9.46,50.98982,18.38,0.0
2018-02-11,0.0,0.0,0.0,0.0
2018-02-10,0.0,0.0,0.0,0.0
2018-02-09,9.21,51.40822,17.923,0.0
2018-02-08,9.1,52.90612,17.5,0.0
2018-02-07,8.97,53.39038,17.91,0.0
2018-02-06,8.78,53.95852,17.69,0.0
2018-02-05,9.05,54.40502,18.345,0.0
2018-02-04,0.0,0.0,0.0,0.0
2018-02-03,0.0,0.0,0.0,0.0
2018-02-02,8.93,55.0004,18.825,0.0
2018-02-01,9.24,55.81377,18.96,0.0
2018-01-31,9.25,55.6182,18.58,0.0
2018-01-30,8.85,55.63437,18.425,0.0
2018-01-29,8.97,56.1429,19.025,0.0
2018-01-28,0.0,0.0,0.0,0.0
2018-01-27,0.0,0.0,0.0,0.0
2018-01-26,9.06,56.69266,19.345,0.0
2018-01-25,9.21,56.37208,19.731,0.0
2018-01-24,9.42,56.91575,19.925,0.0
2018-01-23,8.98,56.97068,20.17,0.0
2018-01-22,8.72,56.37863,20.27,0.0
2018-01-21,0.0,0.0,0.0,0.0
2018-01-20,0.0,0.0,0.0,0.0
2018-01-19,8.73,56.086,20.34,0.0
2018-01-18,8.46,56.67675,20.57,0.0
2018-01-17,8.15,56.62749,20.63,0.0
2018-01-16,8.02,56.47664,20.7,0.0
2018-01-15,7.77,57.25695,20.56,0.0
2018-01-14,0.0,0.0,0.0,0.0
2018-01-13,0.0,0.0,0.0,0.0
2018-01-12,7.83,57.57726,20.41,0.0
2018-01-11,7.79,57.53447,20.569,0.0
2018-01-10,7.86,57.85953,20.508,0.0
2018-01-09,7.75,57.73006,20.5,0.0
2018-01-08,7.62,56.58708,20.625,0.0
2018-01-07,0.0,0.0,0.0,0.0
2018-01-06,0.0,0.0,0.0,0.0
2018-01-05,7.75,56.13016,20.76,0.0
2018-01-04,7.74,56.37267,20.73,0.0
2018-01-03,7.8,56.40642,20.22,0.0
2018-01-02,7.78,55.26775,19.92,0.0
2018-01-01,0.0,0.0,0.0,0.0
2017-12-31,0.0,0.0,0.0,0.0
2017-12-30,0.0,0.0,0.0,0.0
2017-12-29,8.14,55.62302,19.25,0.0
2017-12-28,8.17,55.81862,19.25,0.0
2017-12-27,8.13,55.83662,19.3,0.0
2017-12-26,0.0,56.45691,0.0,0.0
2017-12-25,0.0,0.0,0.0,0.0
2017-12-24,0.0,0.0,0.0,0.0
2017-12-23,0.0,0.0,0.0,0.0
2017-12-22,8.15,55.04935,19.24,0.0
2017-12-21,7.98,54.68487,19.3,0.0
2017-12-20,7.77,54.35716,18.905,0.0
2017-12-19,7.5,53.93524,19.29,0.0
2017-12-18,7.39,53.78287,19.21,0.0
2017-12-17,0.0,0.0,0.0,0.0
2017-12-16,0.0,0.0,0.0,0.0
2017-12-15,7.18,53.74416,19.16,0.0
2017-12-14,7.09,53.70716,19.065,0.0
2017-12-13,7.07,53.0817,19.31,0.0
2017-12-12,7.14,54.02593,19.615,0.0
2017-12-11,7.2,54.85922,19.49,0.0
2017-12-10,0.0,0.0,0.0,0.0
2017-12-09,0.0,0.0,0.0,0.0
2017-12-08,7.14,53.92991,19.575,0.0
2017-12-07,7.35,52.72527,19.475,0.0
2017-12-06,7.27,51.91215,19.27,0.0
2017-12-05,7.43,53.24411,19.185,0.0
2017-12-04,7.55,52.72712,18.6,0.0
2017-12-03,0.0,0.0,0.0,0.0
2017-12-02,0.0,0.0,0.0,0.0
2017-12-01,7.68,53.52763,18.635,0.0
2017-11-30,7.53,53.4606,18.805,0.0
2017-11-29,7.7,53.25289,18.875,0.0
2017-11-28,7.59,53.58888,18.74,0.0
2017-11-27,7.7,53.63804,18.425,0.0
2017-11-26,0.0,0.0,0.0,0.0
2017-11-25,0.0,0.0,0.0,0.0
2017-11-24,7.77,53.53789,18.225,0.0
2017-11-23,7.66,53.63322,18.245,0.0
2017-11-22,7.37,53.68376,18.23,0.0
2017-11-21,7.39,53.28281,17.955,0.0
2017-11-20,7.44,52.96671,17.98,0.0
2017-11-19,0.0,0.0,0.0,0.0
2017-11-18,0.0,0.0,0.0,0.0
2017-11-17,7.48,53.14353,17.92,0.0
2017-11-16,7.5,52.11926,18.08,0.0
2017-11-15,7.69,52.44109,18.075,0.0
2017-11-14,7.39,52.80088,18.205,0.0
2017-11-13,7.35,54.15416,18.3,0.0
2017-11-12,0.0,0.0,0.0,0.0
2017-11-11,0.0,0.0,0.0,0.0
2017-11-10,7.4,54.48152,18.205,0.0
2017-11-09,7.55,54.92268,18.07,0.0
2017-11-08,7.72,54.76108,18.19,0.0
2017-11-07,7.75,54.98575,17.985,0.0
2017-11-06,7.92,55.34792,18.105,0.0
2017-11-05,0.0,0.0,0.0,0.0
2017-11-04,0.0,0.0,0.0,0.0
2017-11-03,7.88,53.49479,18.15,0.0
2017-11-02,7.69,52.00755,18.425,0.0
2017-11-01,7.51,52.02098,18.38,0.0
2017-10-31,7.37,52.68716,18.37,0.0
2017-10-30,7.14,52.36457,18.3,0.0
2017-10-29,0.0,0.0,0.0,0.0
2017-10-28,0.0,0.0,0.0,0.0
2017-10-27,7.17,52.1484,18.2,0.0
2017-10-26,7.2,50.76186,18.39,0.0
2017-10-25,7.4,49.47092,18.26,0.0
2017-10-24,7.47,49.58348,18.355,0.0
2017-10-23,7.44,48.84632,18.43,0.0
2017-10-22,0.0,0.0,0.0,0.0
2017-10-21,0.0,0.0,0.0,0.0
2017-10-20,7.57,49.00713,18.385,0.0
2017-10-19,7.65,48.35657,18.49,0.0
2017-10-18,7.81,49.33401,18.545,0.0
2017-10-17,7.42,49.27635,18.57,0.0
2017-10-16,7.36,48.95436,18.585,0.0
2017-10-15,0.0,0.0,0.0,0.0
2017-10-14,0.0,0.0,0.0,0.0
2017-10-13,7.32,48.33855,18.795,0.0
2017-10-12,7.41,47.52852,18.54,0.0
2017-10-11,7.38,48.06686,18.695,0.0
2017-10-10,7.39,47.96645,18.41,0.0
2017-10-09,6.95,47.48085,18.535,0.0
2017-10-08,0.0,0.0,0.0,0.0
2017-10-07,0.0,0.0,0.0,0.0
2017-10-06,6.99,47.44115,18.27,0.0
2017-10-05,6.88,48.6805,18.405,0.0
2017-10-04,6.89,47.43688,17.99,0.0
2017-10-03,6.99,47.64741,18.42,0.0
2017-10-02,6.93,47.79017,18.555,0.0
2017-10-01,0.0,0.0,0.0,0.0
2017-09-30,0.0,0.0,0.0,0.0
2017-09-29,7.06,48.75032,18.74,0.0
2017-09-28,6.96,48.7186,18.68,0.0
2017-09-27,6.92,49.26821,18.735,0.0
2017-09-26,6.97,49.60109,18.745,0.0
2017-09-25,7.27,49.82693,18.75,0.0
2017-09-24,0.0,0.0,0.0,0.0
2017-09-23,0.0,0.0,0.0,0.0
2017-09-22,6.64,47.60151,19.045,0.0
2017-09-21,6.55,47.28903,19.055,0.0
2017-09-20,6.9,46.8927,19.205,0.0
2017-09-19,7.02,46.04977,19.295,0.0
2017-09-18,6.72,46.48902,19.26,0.0
2017-09-17,0.0,0.0,0.0,0.0
2017-09-16,0.0,0.0,0.0,0.0
2017-09-15,6.94,46.56342,19.345,0.0
2017-09-14,7.09,46.6762,19.355,0.0
2017-09-13,7.09,46.42707,20.045,0.0
2017-09-12,6.86,45.36488,20.24,0.0
2017-09-11,6.87,44.97911,20.285,0.0
2017-09-10,0.0,0.0,0.0,0.0
2017-09-09,0.0,0.0,0.0,0.0
2017-09-08,7.06,44.71977,19.985,0.0
2017-09-07,6.89,45.45,20.215,0.0
2017-09-06,6.69,45.44311,20.245,0.0
2017-09-05,6.49,44.84584,20.29,0.0
2017-09-04,5.91,44.02389,20.28,0.0
2017-09-03,0.0,0.0,0.0,0.0
2017-09-02,0.0,0.0,0.0,0.0
2017-09-01,5.82,44.48474,20.41,0.0
2017-08-31,5.93,44.0872,20.395,0.0
2017-08-30,6.02,42.72513,20.34,0.0
2017-08-29,6.03,43.27563,20.08,0.0
2017-08-28,6.09,43.32471,20.105,0.0
2017-08-27,0.0,0.0,0.0,0.0
2017-08-26,0.0,0.0,0.0,0.0
2017-08-25,6.08,44.09018,20.29,0.0
2017-08-24,5.94,44.08675,20.35,0.0
2017-08-23,5.94,44.54707,20.27,0.0
2017-08-22,5.77,44.09215,20.3,0.0
2017-08-21,5.74,43.6908,20.285,0.0
2017-08-20,0.0,0.0,0.0,0.0
2017-08-19,0.0,0.0,0.0,0.0
2017-08-18,5.81,44.8719,20.29,0.0
2017-08-17,5.8,43.46308,20.41,0.0
2017-08-16,5.79,42.95847,20.325,0.0
2017-08-15,5.52,43.28193,20.25,0.0
2017-08-14,5.51,43.01704,20.315,0.0
2017-08-13,0.0,0.0,0.0,0.0
2017-08-12,0.0,0.0,0.0,0.0
2017-08-11,5.38,44.07411,19.965,0.0
2017-08-10,5.36,44.14391,20.17,0.0
2017-08-09,5.36,44.87398,20.34,0.0
2017-08-08,5.26,44.36692,20.435,0.0
2017-08-07,5.26,44.42277,20.265,0.0
2017-08-06,0.0,0.0,0.0,0.0
2017-08-05,0.0,0.0,0.0,0.0
2017-08-04,5.34,44.59758,20.335,0.0
2017-08-03,5.42,43.82004,20.015,0.0
2017-08-02,5.42,44.11864,20.09,0.0
2017-08-01,5.29,43.86277,20.035,0.0
2017-07-31,5.22,44.57709,19.815,0.0
2017-07-30,0.0,0.0,0.0,0.0
2017-07-29,0.0,0.0,0.0,0.0
2017-07-28,5.17,44.73214,19.385,0.0
2017-07-27,5.13,44.14438,19.785,0.0
2017-07-26,5.24,43.83762,19.985,0.0
2017-07-25,5.15,43.07904,19.865,0.0
2017-07-24,5.13,41.75975,19.925,0.0
2017-07-23,0.0,0.0,0.0,0.0
2017-07-22,0.0,0.0,0.0,0.0
2017-07-21,5.08,41.19664,20.01,0.0
2017-07-20,5.29,42.37215,20.14,0.0
2017-07-19,5.38,43.13862,20.33,0.0
2017-07-18,5.45,42.24183,20.275,0.0
2017-07-17,5.43,42.20711,20.27,0.0
2017-07-16,0.0,0.0,0.0,0.0
2017-07-15,0.0,0.0,0.0,0.0
2017-07-14,5.41,42.68261,20.92,0.0
2017-07-13,5.35,42.50724,20.79,0.0
2017-07-12,5.47,41.80019,20.77,0.0
2017-07-11,5.32,41.53846,20.4,0.0
2017-07-10,5.39,41.13724,20.345,0.0
2017-07-09,0.0,0.0,0.0,0.0
2017-07-08,0.0,0.0,0.0,0.0
2017-07-07,5.33,40.94495,20.23,0.0
2017-07-06,5.23,42.12785,20.28,0.0
2017-07-05,5.04,42.15029,20.37,0.0
2017-07-04,5.11,43.7054,20.455,0.0
2017-07-03,5.13,43.74395,20.555,0.0
2017-07-02,0.0,0.0,0.0,0.0
2017-07-01,0.0,0.0,0.0,0.0
2017-06-30,5.02,41.98721,20.49,0.0
2017-06-29,5.06,41.48731,20.75,0.0
2017-06-28,4.93,41.58024,21.05,0.0
2017-06-27,4.93,41.23939,20.85,0.0
2017-06-26,4.77,40.96353,21.33,0.0
2017-06-25,0.0,0.0,0.0,0.0
2017-06-24,0.0,0.0,0.0,0.0
2017-06-23,4.86,40.67161,21.065,0.0
2017-06-22,4.86,40.53424,21.91,0.0
2017-06-21,4.87,40.20813,21.815,0.0
2017-06-20,4.94,41.36629,21.78,0.0
2017-06-19,4.92,42.03782,21.905,0.0
2017-06-18,0.0,0.0,0.0,0.0
2017-06-17,0.0,0.0,0.0,0.0
2017-06-16,4.87,42.33622,22.005,0.0
2017-06-15,4.95,42.08827,21.685,0.0
2017-06-14,4.93,41.69254,21.635,0.0
2017-06-13,5.0,43.49223,21.5,0.0
2017-06-12,4.91,43.12377,21.595,0.0
2017-06-11,0.0,0.0,0.0,0.0
2017-06-10,0.0,0.0,0.0,0.0
2017-06-09,5.04,42.99875,21.95,0.0
2017-06-08,5.04,42.68641,22.095,0.0
2017-06-07,4.87,42.66312,22.09,0.0
2017-06-06,4.97,44.47205,22.205,0.0
2017-06-05,5.17,43.96161,22.04,0.0
2017-06-04,0.0,0.0,0.0,0.0
2017-06-03,0.0,0.0,0.0,0.0
2017-06-02,5.16,44.32121,22.185,0.0
2017-06-01,5.08,45.16503,22.245,0.0
2017-05-31,4.98,44.77174,22.42,0.0
2017-05-30,5.14,46.38926,22.12,0.0
2017-05-29,5.17,46.79613,21.975,0.0
2017-05-28,0.0,0.0,0.0,0.0
2017-05-27,0.0,0.0,0.0,0.0
2017-05-26,5.19,46.65832,21.82,0.0
2017-05-25,4.98,45.8727,22.065,0.0
2017-05-24,4.91,48.27339,21.84,0.0
2017-05-23,4.75,48.38277,21.97,0.0
2017-05-22,4.9,47.95264,21.645,0.0
2017-05-21,0.0,0.0,0.0,0.0
2017-05-20,0.0,0.0,0.0,0.0
2017-05-19,4.85,47.90457,21.65,0.0
2017-05-18,4.76,47.19576,21.47,0.0
2017-05-17,4.57,46.87556,21.65,0.0
2017-05-16,4.53,46.63236,21.75,0.0
2017-05-15,4.38,47.2207,21.525,0.0
2017-05-14,0.0,0.0,0.0,0.0
2017-05-13,0.0,0.0,0.0,0.0
2017-05-12,4.45,46.56104,21.005,0.0
2017-05-11,4.34,46.71943,20.465,0.0
2017-05-10,4.45,46.20905,20.91,0.0
2017-05-09,4.51,44.72283,20.895,0.0
2017-05-08,4.42,45.13355,20.94,0.0
2017-05-07,0.0,0.0,0.0,0.0
2017-05-06,0.0,0.0,0.0,0.0
2017-05-05,4.57,44.67698,21.05,0.0
2017-05-04,4.51,44.08602,21.055,0.0
2017-05-03,4.39,46.52377,20.635,0.0
2017-05-02,4.44,46.26811,20.77,0.0
2017-05-01,4.56,47.24872,0.0,0.0
2017-04-30,0.0,0.0,0.0,0.0
2017-04-29,0.0,0.0,0.0,0.0
2017-04-28,4.56,47.45436,20.76,0.0
2017-04-27,4.54,47.2968,20.85,0.0
2017-04-26,4.6,47.65057,20.72,0.0
2017-04-25,4.49,47.58425,20.965,0.0
2017-04-24,4.63,47.5927,21.12,0.0
2017-04-23,0.0,0.0,0.0,0.0
2017-04-22,0.0,0.0,0.0,0.0
2017-04-21,4.56,48.59254,20.085,0.0
2017-04-20,4.74,49.31137,20.005,0.0
2017-04-19,4.82,49.4211,20.05,0.0
2017-04-18,4.85,51.26074,20.01,0.0
2017-04-17,4.94,51.9617,0.0,0.0
2017-04-16,0.0,0.0,0.0,0.0
2017-04-15,0.0,0.0,0.0,0.0
2017-04-14,0.0,0.0,0.0,0.0
2017-04-13,4.94,52.61721,20.15,0.0
2017-04-12,4.92,52.68817,20.22,0.0
2017-04-11,4.86,52.99717,20.225,0.0
2017-04-10,4.78,52.81132,20.27,0.0
2017-04-09,0.0,0.0,0.0,0.0
2017-04-08,0.0,0.0,0.0,0.0
2017-04-07,4.88,52.11812,20.43,0.0
2017-04-06,5.05,51.53991,20.575,0.0
2017-04-05,4.81,51.05664,20.39,0.0
2017-04-04,4.64,50.81137,20.255,0.0
2017-04-03,4.86,49.82647,20.3,0.0
2017-04-02,0.0,0.0,0.0,0.0
2017-04-01,0.0,0.0,0.0,0.0
2017-03-31,4.68,49.38768,20.54,0.0
2017-03-30,4.91,49.47683,20.215,0.0
2017-03-29,4.75,48.75826,20.145,0.0
2017-03-28,4.73,47.383,20.18,0.0
2017-03-27,4.62,46.71392,19.945,0.0
2017-03-26,0.0,0.0,0.0,0.0
2017-03-25,0.0,0.0,0.0,0.0
2017-03-24,4.76,47.01962,19.825,0.0
2017-03-23,4.97,46.89732,19.71,0.0
2017-03-22,4.96,46.84118,19.385,0.0
2017-03-21,4.93,47.1459,19.14,0.0
2017-03-20,4.99,48.11708,19.225,0.0
2017-03-19,0.0,0.0,0.0,0.0
2017-03-18,0.0,0.0,0.0,0.0
2017-03-17,5.13,48.16676,19.155,0.0
2017-03-16,5.14,48.28745,18.86,0.0
2017-03-15,5.19,48.75318,18.5,0.0
2017-03-14,5.1,47.94275,18.445,0.0
2017-03-13,5.15,48.17525,18.57,0.0
2017-03-12,0.0,0.0,0.0,0.0
2017-03-11,0.0,0.0,0.0,0.0
2017-03-10,5.16,48.14884,18.465,0.0
2017-03-09,5.12,49.32892,18.615,0.0
2017-03-08,5.23,50.40334,18.52,0.0
2017-03-07,5.37,52.87943,18.565,0.0
2017-03-06,5.48,52.94952,18.565,0.0
2017-03-05,0.0,0.0,0.0,0.0
2017-03-04,0.0,0.0,0.0,0.0
2017-03-03,5.59,52.92558,18.615,0.0
2017-03-02,5.46,52.42718,18.54,0.0
2017-03-01,5.9,53.351,18.38,0.0
2017-02-28,5.23,52.40385,18.375,0.0
2017-02-27,5.19,52.74425,18.105,0.0
2017-02-26,0.0,0.0,0.0,0.0
2017-02-25,0.0,0.0,0.0,0.0
2017-02-24,5.38,52.97568,18.18,0.0
2017-02-23,5.34,53.54405,18.195,0.0
2017-02-22,5.06,52.94397,18.155,0.0
2017-02-21,5.04,53.73672,18.34,0.0
2017-02-20,5.08,52.95005,18.135,0.0
2017-02-19,0.0,0.0,0.0,0.0
2017-02-18,0.0,0.0,0.0,0.0
2017-02-17,4.97,52.5815,18.2,0.0
2017-02-16,4.93,52.23881,18.065,0.0
2017-02-15,5.06,52.67385,18.055,0.0
2017-02-14,5.12,52.97681,18.1,0.0
2017-02-13,4.89,52.46319,18.195,0.0
2017-02-12,0.0,0.0,0.0,0.0
2017-02-11,0.0,0.0,0.0,0.0
2017-02-10,5.11,53.31954,18.055,0.0
2017-02-09,5.27,52.20043,18.24,0.0
2017-02-08,5.21,51.52847,18.09,0.0
2017-02-07,5.16,51.48709,18.345,0.0
2017-02-06,5.09,51.90498,18.2,0.0
2017-02-05,0.0,0.0,0.0,0.0
2017-02-04,0.0,0.0,0.0,0.0
2017-02-03,5.15,52.6799,18.315,0.0
2017-02-02,5.22,52.42862,18.065,0.0
2017-02-01,5.26,52.82247,17.605,0.0
2017-01-31,5.35,51.65059,17.82,0.0
2017-01-30,5.15,51.65061,17.83,0.0
2017-01-29,0.0,0.0,0.0,0.0
2017-01-28,0.0,0.0,0.0,0.0
2017-01-27,4.91,51.97042,17.88,0.0
2017-01-26,5.19,52.62468,17.67,0.0
2017-01-25,4.97,51.29447,17.525,0.0
2017-01-24,5.07,51.53853,17.415,0.0
2017-01-23,5.31,51.4869,17.44,0.0
2017-01-22,0.0,0.0,0.0,0.0
2017-01-21,0.0,0.0,0.0,0.0
2017-01-20,5.42,51.98126,17.61,0.0
2017-01-19,5.19,50.94056,17.68,0.0
2017-01-18,4.83,50.47271,17.76,0.0
2017-01-17,4.99,51.84597,17.79,0.0
2017-01-16,4.69,52.67823,17.735,0.0
2017-01-15,0.0,0.0,0.0,0.0
2017-01-14,0.0,0.0,0.0,0.0
2017-01-13,5.03,52.12936,17.6,0.0
2017-01-12,5.03,52.59649,17.425,0.0
2017-01-11,5.51,52.18297,17.245,0.0
2017-01-10,5.49,50.79064,17.305,0.0
2017-01-09,5.25,51.97238,17.55,0.0
2017-01-08,0.0,0.0,0.0,0.0
2017-01-07,0.0,0.0,0.0,0.0
2017-01-06,5.03,54.12322,17.695,0.0
2017-01-05,5.27,53.67994,17.605,0.0
2017-01-04,5.7,53.9152,17.64,0.0
2017-01-03,5.41,53.19843,17.855,0.0
2017-01-02,6.11,0.0,17.92,0.0
2017-01-01,0.0,0.0,0.0,0.0
2016-12-31,0.0,0.0,0.0,0.0
2016-12-30,6.54,53.87314,17.91,0.0
2016-12-29,6.34,53.60963,17.78,0.0
2016-12-28,6.32,54.14099,17.68,0.0
2016-12-27,6.32,53.64384,17.665,0.0
2016-12-26,0.0,0.0,0.0,0.0
2016-12-25,0.0,0.0,0.0,0.0
2016-12-24,0.0,0.0,0.0,0.0
2016-12-23,6.22,52.79479,17.595,0.0
2016-12-22,6.07,52.71979,17.47,0.0
2016-12-21,5.8,52.22979,17.69,0.0
2016-12-20,5.23,53.23139,17.635,0.0
2016-12-19,5.09,52.58522,17.53,0.0
2016-12-18,0.0,0.0,0.0,0.0
2016-12-17,0.0,0.0,0.0,0.0
2016-12-16,4.94,52.85277,17.48,0.0
2016-12-15,4.84,51.87746,17.41,0.0
2016-12-14,5.01,50.58658,17.1,0.0
2016-12-13,4.79,52.44729,17.13,0.0
2016-12-12,4.87,52.33039,16.925,0.0
2016-12-11,0.0,0.0,0.0,0.0
2016-12-10,0.0,0.0,0.0,0.0
2016-12-09,4.47,51.54649,16.715,0.0
2016-12-08,4.62,50.79649,16.51,0.0
2016-12-07,4.3,49.32986,16.515,0.0
2016-12-06,4.5,50.34541,16.665,0.0
2016-12-05,4.37,51.02628,16.13,0.0
2016-12-04,0.0,0.0,0.0,0.0
2016-12-03,0.0,0.0,0.0,0.0
2016-12-02,4.3,51.01639,16.205,0.0
2016-12-01,4.46,50.76706,16.045,0.0
2016-11-30,4.58,47.6177,16.15,0.0
2016-11-29,4.56,43.64355,16.28,0.0
2016-11-28,4.74,45.57393,16.365,0.0
2016-11-27,0.0,0.0,0.0,0.0
2016-11-26,0.0,0.0,0.0,0.0
2016-11-25,5.0,44.59549,16.32,0.0
2016-11-24,5.34,46.4235,16.1,0.0
2016-11-23,5.39,46.36734,16.175,0.0
2016-11-22,5.51,46.23059,16.375,0.0
2016-11-21,5.48,46.10598,16.205,0.0
2016-11-20,0.0,0.0,0.0,0.0
2016-11-19,0.0,0.0,0.0,0.0
2016-11-18,5.58,44.26601,16.145,0.0
2016-11-17,5.9,43.71004,16.365,0.0
2016-11-16,5.55,43.59574,16.27,0.0
2016-11-15,5.74,43.74359,16.12,0.0
2016-11-14,5.41,41.33408,16.095,0.0
2016-11-13,0.0,0.0,0.0,0.0
2016-11-12,0.0,0.0,0.0,0.0
2016-11-11,5.67,41.20626,16.36,0.0
2016-11-10,5.92,42.0898,16.51,0.0
2016-11-09,6.13,42.38047,17.055,0.0
2016-11-08,6.15,41.76721,17.14,0.0
2016-11-07,6.23,41.79118,17.2,0.0
2016-11-06,0.0,0.0,0.0,0.0
2016-11-05,0.0,0.0,0.0,0.0
2016-11-04,6.41,41.00765,17.2,0.0
2016-11-03,6.5,41.70791,17.135,0.0
2016-11-02,6.24,42.21622,17.42,0.0
2016-11-01,6.03,43.54197,17.87,0.0
2016-10-31,5.9,44.05728,18.02,0.0
2016-10-30,0.0,0.0,0.0,0.0
2016-10-29,0.0,0.0,0.0,0.0
2016-10-28,5.88,45.43876,17.99,0.0
2016-10-27,5.81,46.33676,17.99,0.0
2016-10-26,5.94,45.80279,18.0,0.0
2016-10-25,5.81,46.63484,17.74,0.0
2016-10-24,5.81,47.30649,17.97,0.0
2016-10-23,0.0,0.0,0.0,0.0
2016-10-22,0.0,0.0,0.0,0.0
2016-10-21,5.89,47.61817,18.0,0.0
2016-10-20,5.58,46.94381,18.01,0.0
2016-10-19,5.67,48.02152,17.89,0.0
2016-10-18,5.95,47.02457,17.87,0.0
2016-10-17,5.87,46.83211,17.73,0.0
2016-10-16,0.0,0.0,0.0,0.0
2016-10-15,0.0,0.0,0.0,0.0
2016-10-14,5.81,47.24875,17.84,0.0
2016-10-13,5.65,47.12862,17.48,0.0
2016-10-12,5.52,46.97189,17.6,0.0
2016-10-11,5.43,47.34845,17.54,0.0
2016-10-10,5.66,47.68485,17.89,0.0
2016-10-09,0.0,0.0,0.0,0.0
2016-10-08,0.0,0.0,0.0,0.0
2016-10-07,5.69,46.49893,17.57,0.0
2016-10-06,5.86,47.04776,17.74,0.0
2016-10-05,5.48,46.27878,17.93,0.0
2016-10-04,5.21,45.44399,18.12,0.0
2016-10-03,5.31,45.36459,18.18,0.0
2016-10-02,0.0,0.0,0.0,0.0
2016-10-01,0.0,0.0,0.0,0.0
2016-09-30,4.96,43.69434,18.25,0.0
2016-09-29,5.02,43.87419,18.23,0.0
2016-09-28,4.95,43.43831,18.07,0.0
2016-09-27,4.43,40.97513,17.92,0.0
2016-09-26,4.62,42.07767,17.93,0.0
2016-09-25,0.0,0.0,0.0,0.0
2016-09-24,0.0,0.0,0.0,0.0
2016-09-23,4.54,40.85648,17.95,0.0
2016-09-22,4.42,42.43855,18.07,0.0
2016-09-21,4.21,41.96613,17.99,0.0
2016-09-20,4.16,41.0927,18.05,0.0
2016-09-19,4.4,41.11121,18.13,0.0
2016-09-18,0.0,0.0,0.0,0.0
2016-09-17,0.0,0.0,0.0,0.0
2016-09-16,4.36,41.00152,18.1,0.0
2016-09-15,4.14,41.4428,18.28,0.0
2016-09-14,3.98,40.74107,18.38,0.0
2016-09-13,4.02,41.92256,18.3,0.0
2016-09-12,4.03,43.00463,18.51,0.0
2016-09-11,0.0,0.0,0.0,0.0
2016-09-10,0.0,0.0,0.0,0.0
2016-09-09,4.08,42.80874,19.03,0.0
2016-09-08,4.08,44.45531,19.26,0.0
2016-09-07,4.01,42.71724,19.18,0.0
2016-09-06,4.13,42.04252,19.32,0.0
2016-09-05,3.93,42.706,19.61,0.0
2016-09-04,0.0,0.0,0.0,0.0
2016-09-03,0.0,0.0,0.0,0.0
2016-09-02,4.08,41.95109,19.35,0.0
2016-09-01,4.37,40.5876,19.06,0.0
2016-08-31,4.46,42.15809,18.57,0.0
2016-08-30,4.54,43.37728,18.49,0.0
2016-08-29,4.69,44.07659,18.38,0.0
2016-08-28,0.0,0.0,0.0,0.0
2016-08-27,0.0,0.0,0.0,0.0
2016-08-26,4.69,44.43258,18.48,0.0
2016-08-25,4.7,44.0415,18.37,0.0
2016-08-24,4.6,43.52649,18.36,0.0
2016-08-23,4.7,44.14207,18.41,0.0
2016-08-22,4.89,43.42756,18.13,0.0
2016-08-21,0.0,0.0,0.0,0.0
2016-08-20,0.0,0.0,0.0,0.0
2016-08-19,4.76,44.947,18.29,0.0
2016-08-18,4.68,44.91615,18.51,0.0
2016-08-17,4.48,44.2207,18.33,0.0
2016-08-16,4.69,43.68622,18.65,0.0
2016-08-15,4.8,43.23913,18.885,0.0
2016-08-14,0.0,0.0,0.0,0.0
2016-08-13,0.0,0.0,0.0,0.0
2016-08-12,4.89,42.05766,18.78,0.0
2016-08-11,4.87,41.26187,18.86,0.0
2016-08-10,4.76,39.44658,18.55,0.0
2016-08-09,4.87,40.51157,18.57,0.0
2016-08-08,4.94,40.9768,18.4,0.0
2016-08-07,0.0,0.0,0.0,0.0
2016-08-06,0.0,0.0,0.0,0.0
2016-08-05,4.72,39.92605,18.41,0.0
2016-08-04,4.68,39.76477,18.26,0.0
2016-08-03,4.62,38.57168,18.07,0.0
2016-08-02,4.4,37.24494,18.05,0.0
2016-08-01,4.37,37.72267,18.37,0.0
2016-07-31,0.0,0.0,0.0,0.0
2016-07-30,0.0,0.0,0.0,0.0
2016-07-29,4.41,38.05683,18.45,0.0
2016-07-28,4.47,38.55182,18.55,0.0
2016-07-27,4.52,39.55054,18.4,0.0
2016-07-26,4.5,40.83546,18.35,0.0
2016-07-25,4.58,40.70265,18.13,0.0
2016-07-24,0.0,0.0,0.0,0.0
2016-07-23,0.0,0.0,0.0,0.0
2016-07-22,4.55,41.66135,18.17,0.0
2016-07-21,4.64,41.96948,18.13,0.0
2016-07-20,4.68,42.85844,18.13,0.0
2016-07-19,4.66,42.36426,18.08,0.0
2016-07-18,4.84,42.41713,17.87,0.0
2016-07-17,0.0,0.0,0.0,0.0
2016-07-16,0.0,0.0,0.0,0.0
2016-07-15,4.92,43.03923,17.93,0.0
2016-07-14,4.77,42.62575,18.09,0.0
2016-07-13,4.78,41.64191,18.09,0.0
2016-07-12,4.62,43.69816,17.81,0.0
2016-07-11,4.42,41.84384,17.89,0.0
2016-07-10,0.0,0.0,0.0,0.0
2016-07-09,0.0,0.0,0.0,0.0
2016-07-08,4.54,42.2976,17.85,0.0
2016-07-07,4.57,41.93782,17.79,0.0
2016-07-06,4.58,44.00758,17.28,0.0
2016-07-05,4.7,43.24617,17.5,0.0
2016-07-04,4.96,44.9408,17.78,0.0
2016-07-03,0.0,0.0,0.0,0.0
2016-07-02,0.0,0.0,0.0,0.0
2016-07-01,4.61,45.20966,17.68,0.0
2016-06-30,4.46,44.86589,17.61,0.0
2016-06-29,4.51,45.60281,17.07,0.0
2016-06-28,4.68,43.95187,16.27,0.0
2016-06-27,4.76,42.72513,15.8,0.0
2016-06-26,0.0,0.0,0.0,0.0
2016-06-25,0.0,0.0,0.0,0.0
2016-06-24,4.95,43.35483,16.08,0.0
2016-06-23,5.63,44.84277,17.65,0.0
2016-06-22,5.67,44.12988,17.63,0.0
2016-06-21,5.54,44.95959,17.63,0.0
2016-06-20,5.84,44.76359,17.76,0.0
2016-06-19,0.0,0.0,0.0,0.0
2016-06-18,0.0,0.0,0.0,0.0
2016-06-17,5.65,43.64072,17.23,0.0
2016-06-16,5.7,42.10761,17.0,0.0
2016-06-15,5.89,43.57537,17.08,0.0
2016-06-14,5.84,44.43949,16.99,0.0
2016-06-13,5.84,44.6207,17.35,0.0
2016-06-12,0.0,0.0,0.0,0.0
2016-06-11,0.0,0.0,0.0,0.0
2016-06-10,5.94,44.81291,17.55,0.0
2016-06-09,6.1,45.89628,18.05,0.0
2016-06-08,6.09,46.06544,17.94,0.0
2016-06-07,6.1,45.32558,18.02,0.0
2016-06-06,6.19,44.42784,17.6,0.0
2016-06-05,0.0,0.0,0.0,0.0
2016-06-04,0.0,0.0,0.0,0.0
2016-06-03,5.93,43.82836,17.36,0.0
2016-06-02,6.01,44.85479,17.44,0.0
2016-06-01,5.95,44.49615,17.39,0.0
2016-05-31,6.08,44.60903,17.8,0.0
2016-05-30,6.1,44.69193,17.94,0.0
2016-05-29,0.0,0.0,0.0,0.0
2016-05-28,0.0,0.0,0.0,0.0
2016-05-27,6.02,44.28482,17.82,0.0
2016-05-26,6.01,44.37187,17.69,0.0
2016-05-25,5.84,44.57389,17.58,0.0
2016-05-24,5.78,43.60032,17.42,0.0
2016-05-23,5.72,43.13113,17.13,0.0
2016-05-22,0.0,0.0,0.0,0.0
2016-05-21,0.0,0.0,0.0,0.0
2016-05-20,5.94,43.44957,17.05,0.0
2016-05-19,5.97,43.54925,16.95,0.0
2016-05-18,6.03,43.37381,17.11,0.0
2016-05-17,6.03,43.48747,16.96,0.0
2016-05-16,6.09,43.22917,16.89,0.0
2016-05-15,0.0,0.0,0.0,0.0
2016-05-14,0.0,0.0,0.0,0.0
2016-05-13,5.83,42.34992,16.96,0.0
2016-05-12,5.79,42.2273,16.89,0.0
2016-05-11,6.0,41.63751,16.82,0.0
2016-05-10,5.88,39.99297,17.81,0.0
2016-05-09,5.68,38.30217,17.82,0.0
2016-05-08,0.0,0.0,0.0,0.0
2016-05-07,0.0,0.0,0.0,0.0
2016-05-06,5.85,39.71116,17.66,0.0
2016-05-05,6.19,39.44094,17.49,0.0
2016-05-04,6.11,38.81012,17.43,0.0
2016-05-03,5.97,39.01275,17.74,0.0
2016-05-02,6.09,39.76918,18.12,0.0
2016-05-01,0.0,0.0,0.0,0.0
2016-04-30,0.0,0.0,0.0,0.0
2016-04-29,6.16,42.07168,18.23,0.0
2016-04-28,6.32,42.46273,18.5,0.0
2016-04-27,6.82,41.66372,18.45,0.0
2016-04-26,6.61,40.49579,18.55,0.0
2016-04-25,5.89,39.48163,18.34,0.0
2016-04-24,0.0,0.0,0.0,0.0
2016-04-23,0.0,0.0,0.0,0.0
2016-04-22,5.96,40.19424,18.29,0.0
2016-04-21,5.74,39.41406,18.22,0.0
2016-04-20,5.54,40.43436,18.21,0.0
2016-04-19,5.56,38.70429,17.95,0.0
2016-04-18,5.46,37.88962,17.57,0.0
2016-04-17,0.0,0.0,0.0,0.0
2016-04-16,0.0,0.0,0.0,0.0
2016-04-15,5.47,38.14834,17.49,0.0
2016-04-14,5.6,38.917,17.66,0.0
2016-04-13,5.53,39.14238,17.68,0.0
2016-04-12,5.58,39.28446,17.65,0.0
2016-04-11,5.57,37.52409,17.47,0.0
2016-04-10,0.0,0.0,0.0,0.0
2016-04-09,0.0,0.0,0.0,0.0
2016-04-08,5.41,36.7669,17.2,0.0
2016-04-07,5.27,34.66069,16.88,0.0
2016-04-06,5.3,34.90145,17.2,0.0
2016-04-05,5.23,33.23096,17.19,0.0
2016-04-04,5.32,33.07591,17.34,0.0
2016-04-03,0.0,0.0,0.0,0.0
2016-04-02,0.0,0.0,0.0,0.0
2016-04-01,5.16,33.94487,17.39,0.0
2016-03-31,5.2,34.79483,17.72,0.0
2016-03-30,4.95,34.68504,17.88,0.0
2016-03-29,4.77,34.74478,17.91,0.0
2016-03-28,4.84,35.97784,0.0,0.0
2016-03-27,0.0,0.0,0.0,0.0
2016-03-26,0.0,0.0,0.0,0.0
2016-03-25,0.0,0.0,0.0,0.0
2016-03-24,4.84,36.15233,17.78,0.0
2016-03-23,4.78,36.18562,17.76,0.0
2016-03-22,4.81,37.24267,17.62,0.0
2016-03-21,4.86,36.92773,17.55,0.0
2016-03-20,0.0,0.0,0.0,0.0
2016-03-19,0.0,0.0,0.0,0.0
2016-03-18,4.93,36.54102,17.33,0.0
2016-03-17,4.99,36.7026,17.07,0.0
2016-03-16,4.95,36.38906,16.99,0.0
2016-03-15,4.85,34.86635,17.06,0.0
2016-03-14,4.85,35.6608,17.24,0.0
2016-03-13,0.0,0.0,0.0,0.0
2016-03-12,0.0,0.0,0.0,0.0
2016-03-11,4.98,36.20473,17.18,0.0
2016-03-10,4.9,35.7781,16.65,0.0
2016-03-09,5.07,37.23819,16.62,0.0
2016-03-08,5.01,35.9833,16.45,0.0
2016-03-07,5.08,37.05653,16.54,0.0
2016-03-06,0.0,0.0,0.0,0.0
2016-03-05,0.0,0.0,0.0,0.0
2016-03-04,4.91,35.2064,16.68,0.0
2016-03-03,4.88,33.86625,16.59,0.0
2016-03-02,4.94,34.02746,16.4,0.0
2016-03-01,4.97,33.90127,16.25,0.0
2016-02-29,4.99,33.07586,16.06,0.0
2016-02-28,0.0,0.0,0.0,0.0
2016-02-27,0.0,0.0,0.0,0.0
2016-02-26,4.98,32.12815,16.06,0.0
2016-02-25,5.06,31.96268,15.68,0.0
2016-02-24,4.85,31.21372,15.61,0.0
2016-02-23,4.89,30.18782,16.08,0.0
2016-02-22,5.4,31.45629,16.3,0.0
2016-02-21,0.0,0.0,0.0,0.0
2016-02-20,0.0,0.0,0.0,0.0
2016-02-19,5.15,29.66125,16.06,0.0
2016-02-18,5.24,30.84121,16.28,0.0
2016-02-17,5.07,30.95559,15.78,0.0
2016-02-16,4.67,28.89468,15.62,0.0
2016-02-15,4.79,29.93008,15.76,0.0
2016-02-14,0.0,0.0,0.0,0.0
2016-02-13,0.0,0.0,0.0,0.0
2016-02-12,5.05,29.66388,15.25,0.0
2016-02-11,4.73,26.53133,15.17,0.0
2016-02-10,4.87,27.4646,15.64,0.0
2016-02-09,4.95,26.80576,15.6,0.0
2016-02-08,5.23,29.44917,15.96,0.0
2016-02-07,0.0,0.0,0.0,0.0
2016-02-06,0.0,0.0,0.0,0.0
2016-02-05,5.54,30.57725,16.47,0.0
2016-02-04,5.6,30.7761,16.49,0.0
2016-02-03,5.61,31.66456,16.81,0.0
2016-02-02,5.81,29.99083,17.79,0.0
2016-02-01,5.68,31.4388,18.13,0.0
2016-01-31,0.0,0.0,0.0,0.0
2016-01-30,0.0,0.0,0.0,0.0
2016-01-29,6.04,32.0391,18.04,0.0
2016-01-28,6.06,30.96391,17.81,0.0
2016-01-27,5.9,30.44518,17.76,0.0
2016-01-26,6.07,29.32497,17.79,0.0
2016-01-25,5.87,28.15991,17.6,0.0
2016-01-24,0.0,0.0,0.0,0.0
2016-01-23,0.0,0.0,0.0,0.0
2016-01-22,6.31,29.76047,17.76,0.0
2016-01-21,6.17,26.97344,17.15,0.0
2016-01-20,6.31,25.52412,16.93,0.0
2016-01-19,6.81,26.31772,17.36,0.0
2016-01-18,6.71,26.2119,16.97,0.0
2016-01-17,0.0,0.0,0.0,0.0
2016-01-16,0.0,0.0,0.0,0.0
2016-01-15,6.67,26.42681,17.04,0.0
2016-01-14,7.08,28.57011,17.55,0.0
2016-01-13,7.24,27.93548,17.9,0.0
2016-01-12,7.1,28.47126,18.06,0.0
2016-01-11,7.12,28.9955,18.07,0.0
2016-01-10,0.0,0.0,0.0,0.0
2016-01-09,0.0,0.0,0.0,0.0
2016-01-08,7.41,30.81374,17.72,0.0
2016-01-07,7.54,31.07163,18.33,0.0
2016-01-06,7.74,31.82706,18.46,0.0
2016-01-05,7.99,33.89168,18.61,0.0
2016-01-04,8.04,34.40562,18.38,0.0
2016-01-03,0.0,0.0,0.0,0.0
2016-01-02,0.0,0.0,0.0,0.0
2016-01-01,0.0,0.0,0.0,0.0
2015-12-31,8.22,34.30885,18.815,0.0
2015-12-30,8.21,33.41582,18.97,0.0
2015-12-29,8.27,34.56824,18.97,0.0
2015-12-28,8.31,33.36674,18.68,0.0
2015-12-27,0.0,0.0,0.0,0.0
2015-12-26,0.0,0.0,0.0,0.0
2015-12-25,0.0,0.0,0.0,0.0
2015-12-24,8.19,34.59642,19.05,0.0
2015-12-23,8.22,34.33192,18.84,0.0
2015-12-22,8.25,32.91405,18.26,0.0
2015-12-21,8.18,33.31195,18.45,0.0
2015-12-20,0.0,0.0,0.0,0.0
2015-12-19,0.0,0.0,0.0,0.0
2015-12-18,8.06,34.03156,18.94,0.0
2015-12-17,8.07,34.25455,19.43,0.0
2015-12-16,8.13,34.03807,19.2,0.0
2015-12-15,8.19,35.19773,19.31,0.0
2015-12-14,8.07,34.42578,19.1,0.0
2015-12-13,0.0,0.0,0.0,0.0
2015-12-12,0.0,0.0,0.0,0.0
2015-12-11,8.07,34.50064,19.35,0.0
2015-12-10,8.36,36.29305,19.81,0.0
2015-12-09,8.4,36.45369,19.73,0.0
2015-12-08,8.41,36.97309,19.34,0.0
2015-12-07,8.41,37.53571,19.99,0.0
2015-12-06,0.0,0.0,0.0,0.0
2015-12-05,0.0,0.0,0.0,0.0
2015-12-04,8.52,39.56206,19.87,0.0
2015-12-03,8.59,40.2128,19.96,0.0
2015-12-02,8.48,40.14171,20.31,0.0
2015-12-01,8.55,41.86134,20.37,0.0
2015-11-30,8.58,42.24432,20.42,0.0
2015-11-29,0.0,0.0,0.0,0.0
2015-11-28,0.0,0.0,0.0,0.0
2015-11-27,8.58,42.32075,20.46,0.0
2015-11-26,8.58,42.83022,20.47,0.0
2015-11-25,8.62,43.4623,20.13,0.0
2015-11-24,8.65,43.31737,19.72,0.0
2015-11-23,8.56,42.21281,19.88,0.0
2015-11-22,0.0,0.0,0.0,0.0
2015-11-21,0.0,0.0,0.0,0.0
2015-11-20,8.51,41.93427,19.81,0.0
2015-11-19,8.63,41.18963,19.86,0.0
2015-11-18,8.58,41.48496,19.64,0.0
2015-11-17,8.61,40.92233,19.55,0.0
2015-11-16,8.53,41.66823,19.22,0.0
2015-11-15,0.0,0.0,0.0,0.0
2015-11-14,0.0,0.0,0.0,0.0
2015-11-13,8.39,40.65821,19.15,0.0
2015-11-12,8.37,40.87578,19.09,0.0
2015-11-11,8.44,42.69736,19.48,0.0
2015-11-10,8.44,44.31574,19.8,0.0
2015-11-09,8.31,43.86911,19.88,0.0
2015-11-08,0.0,0.0,0.0,0.0
2015-11-07,0.0,0.0,0.0,0.0
2015-11-06,8.4,44.16504,20.0,0.0
2015-11-05,8.46,44.16015,20.19,0.0
2015-11-04,8.39,44.74945,20.14,0.0
2015-11-03,8.44,46.11735,20.11,0.0
2015-11-02,8.59,44.27003,19.96,0.0
2015-11-01,0.0,0.0,0.0,0.0
2015-10-31,0.0,0.0,0.0,0.0
2015-10-30,8.63,44.98094,19.75,0.0
2015-10-29,8.67,44.49713,19.64,0.0
2015-10-28,8.56,44.32897,19.81,0.0
2015-10-27,8.6,42.40804,19.71,0.0
2015-10-26,8.65,43.00706,19.97,0.0
2015-10-25,0.0,0.0,0.0,0.0
2015-10-24,0.0,0.0,0.0,0.0
2015-10-23,8.62,43.56391,19.91,0.0
2015-10-22,8.47,43.17141,19.84,0.0
2015-10-21,8.44,42.17345,19.55,0.0
2015-10-20,8.46,42.90874,19.32,0.0
2015-10-19,8.34,42.93411,19.32,0.0
2015-10-18,0.0,0.0,0.0,0.0
2015-10-17,0.0,0.0,0.0,0.0
2015-10-16,8.38,44.33705,19.4,0.0
2015-10-15,8.41,42.72432,19.3,0.0
2015-10-14,8.42,42.94452,19.22,0.0
2015-10-13,8.32,43.2309,18.99,0.0
2015-10-12,8.28,43.81756,19.31,0.0
2015-10-11,0.0,0.0,0.0,0.0
2015-10-10,0.0,0.0,0.0,0.0
2015-10-09,8.33,46.26538,19.44,0.0
2015-10-08,8.11,47.0218,19.02,0.0
2015-10-07,8.09,45.65507,18.91,0.0
2015-10-06,8.2,46.09784,18.7,0.0
2015-10-05,8.19,44.02431,18.51,0.0
2015-10-04,0.0,0.0,0.0,0.0
2015-10-03,0.0,0.0,0.0,0.0
2015-10-02,8.13,42.81267,18.04,0.0
2015-10-01,8.15,42.59557,17.68,0.0
2015-09-30,8.13,43.25702,17.44,0.0
2015-09-29,7.96,42.82923,17.16,0.0
2015-09-28,7.9,42.12493,17.4,0.0
2015-09-27,0.0,0.0,0.0,0.0
2015-09-26,0.0,0.0,0.0,0.0
2015-09-25,7.98,43.44717,17.8,0.0
2015-09-24,7.99,42.79876,17.23,0.0
2015-09-23,8.05,42.73313,17.65,0.0
2015-09-22,8.0,44.12082,17.45,0.0
2015-09-21,7.96,43.62793,18.16,0.0
2015-09-20,0.0,0.0,0.0,0.0
2015-09-19,0.0,0.0,0.0,0.0
2015-09-18,8.09,41.76124,18.41,0.0
2015-09-17,8.21,43.41826,18.6,0.0
2015-09-16,8.21,43.99151,18.42,0.0
2015-09-15,8.15,41.32766,17.4,0.0
2015-09-14,8.21,40.96652,17.1,0.0
2015-09-13,0.0,0.0,0.0,0.0
2015-09-12,0.0,0.0,0.0,0.0
2015-09-11,8.24,42.43279,17.22,0.0
2015-09-10,8.26,43.40762,17.54,0.0
2015-09-09,8.25,42.63441,17.95,0.0
2015-09-08,8.22,44.27754,17.55,0.0
2015-09-07,8.06,42.64482,17.55,0.0
2015-09-06,0.0,0.0,0.0,0.0
2015-09-05,0.0,0.0,0.0,0.0
2015-09-04,8.07,44.51723,17.4,0.0
2015-09-03,8.15,45.58784,17.96,0.0
2015-09-02,8.1,44.94882,17.76,0.0
2015-09-01,7.99,43.97125,17.78,0.0
2015-08-31,8.05,48.33095,18.12,0.0
2015-08-30,0.0,0.0,0.0,0.0
2015-08-29,0.0,0.0,0.0,0.0
2015-08-28,8.09,44.75143,18.41,0.0
2015-08-27,8.02,42.32823,18.12,0.0
2015-08-26,8.08,37.89196,17.99,0.0
2015-08-25,8.23,37.82719,18.19,0.0
2015-08-24,8.15,37.02836,17.97,0.0
2015-08-23,0.0,0.0,0.0,0.0
2015-08-22,0.0,0.0,0.0,0.0
2015-08-21,8.18,40.01056,18.97,0.0
2015-08-20,8.34,41.64731,19.62,0.0
2015-08-19,8.32,42.64786,19.77,0.0
2015-08-18,8.25,44.24803,19.86,0.0
2015-08-17,8.22,43.99314,19.96,0.0
2015-08-16,0.0,0.0,0.0,0.0
2015-08-15,0.0,0.0,0.0,0.0
2015-08-14,8.3,44.01652,19.84,0.0
2015-08-13,8.17,44.18709,19.93,0.0
2015-08-12,8.17,44.43848,19.85,0.0
2015-08-11,8.07,44.632,20.05,0.0
2015-08-10,7.9,45.72336,20.36,0.0
2015-08-09,0.0,0.0,0.0,0.0
2015-08-08,0.0,0.0,0.0,0.0
2015-08-07,7.76,44.35624,20.34,0.0
2015-08-06,7.82,45.32723,20.04,0.0
2015-08-05,7.81,45.60839,19.99,0.0
2015-08-04,7.88,45.60299,19.75,0.0
2015-08-03,7.93,45.17836,19.82,0.0
2015-08-02,0.0,0.0,0.0,0.0
2015-08-01,0.0,0.0,0.0,0.0
2015-07-31,7.85,47.4507,19.81,0.0
2015-07-30,7.86,48.85,19.83,0.0
2015-07-29,8.04,48.37336,20.19,0.0
2015-07-28,8.0,48.24403,20.55,0.0
2015-07-27,8.0,48.11482,20.37,0.0
2015-07-26,0.0,0.0,0.0,0.0
2015-07-25,0.0,0.0,0.0,0.0
2015-07-24,7.98,49.75405,20.55,0.0
2015-07-23,8.05,50.27745,20.74,0.0
2015-07-22,7.94,51.48124,20.84,0.0
2015-07-21,7.94,52.0438,20.98,0.0
2015-07-20,7.96,52.25533,21.03,0.0
2015-07-19,0.0,0.0,0.0,0.0
2015-07-18,0.0,0.0,0.0,0.0
2015-07-17,7.72,52.5928,20.93,0.0
2015-07-16,7.64,52.8779,21.04,0.0
2015-07-15,7.74,52.11473,20.76,0.0
2015-07-14,7.71,53.1426,20.44,0.0
2015-07-13,7.77,52.4907,20.4,0.0
2015-07-12,0.0,0.0,0.0,0.0
2015-07-11,0.0,0.0,0.0,0.0
2015-07-10,7.59,52.77204,20.29,0.0
2015-07-09,7.46,53.26729,19.82,0.0
2015-07-08,7.43,51.62896,19.42,0.0
2015-07-07,7.44,51.97002,19.26,0.0
2015-07-06,7.36,51.05192,19.5,0.0
2015-07-05,0.0,0.0,0.0,0.0
2015-07-04,0.0,0.0,0.0,0.0
2015-07-03,7.42,54.47977,19.93,0.0
2015-07-02,7.43,55.93908,20.02,0.0
2015-07-01,7.47,55.98592,19.71,0.0
2015-06-30,7.42,57.01605,20.41,0.0
2015-06-29,7.33,55.29695,20.57,0.0
2015-06-28,0.0,0.0,0.0,0.0
2015-06-27,0.0,0.0,0.0,0.0
2015-06-26,7.52,56.70491,21.15,0.0
2015-06-25,7.58,56.39836,21.23,0.0
2015-06-24,7.48,56.76352,21.34,0.0
2015-06-23,7.49,57.6837,21.6,0.0
2015-06-22,7.46,55.73742,21.72,0.0
2015-06-21,0.0,0.0,0.0,0.0
2015-06-20,0.0,0.0,0.0,0.0
2015-06-19,7.41,55.56339,21.17,0.0
2015-06-18,7.45,56.49727,21.21,0.0
2015-06-17,7.46,56.69774,21.09,0.0
2015-06-16,7.41,56.66252,21.16,0.0
2015-06-15,7.51,55.49548,21.19,0.0
2015-06-14,0.0,0.0,0.0,0.0
2015-06-13,0.0,0.0,0.0,0.0
2015-06-12,7.6,56.65247,21.46,0.0
2015-06-11,7.5,57.92705,21.89,0.0
2015-06-10,7.58,58.12102,21.88,0.0
2015-06-09,7.56,57.56877,21.53,0.0
2015-06-08,7.44,55.80878,21.48,0.0
2015-06-07,0.0,0.0,0.0,0.0
2015-06-06,0.0,0.0,0.0,0.0
2015-06-05,7.4,56.90275,21.64,0.0
2015-06-04,7.39,54.95216,21.79,0.0
2015-06-03,7.48,56.68592,22.1,0.0
2015-06-02,7.44,58.60403,22.19,0.0
2015-06-01,7.24,59.41936,22.3,0.0
2015-05-31,0.0,0.0,0.0,0.0
2015-05-30,0.0,0.0,0.0,0.0
2015-05-29,7.32,59.74665,22.34,0.0
2015-05-28,7.18,57.25526,22.53,0.0
2015-05-27,7.17,57.02996,22.59,0.0
2015-05-26,7.22,58.50702,22.23,0.0
2015-05-25,7.36,59.64497,22.3,0.0
2015-05-24,0.0,0.0,0.0,0.0
2015-05-23,0.0,0.0,0.0,0.0
2015-05-22,7.3,59.23342,22.71,0.0
2015-05-21,7.3,59.77363,22.79,0.0
2015-05-20,7.35,58.59614,22.69,0.0
2015-05-19,7.37,57.43249,22.52,0.0
2015-05-18,7.6,58.38252,22.18,0.0
2015-05-17,0.0,0.0,0.0,0.0
2015-05-16,0.0,0.0,0.0,0.0
2015-05-15,7.59,58.44122,22.19,0.0
2015-05-14,7.55,58.52008,22.26,0.0
2015-05-13,7.64,58.75473,21.91,0.0
2015-05-12,7.59,59.49987,21.87,0.0
2015-05-11,7.62,58.17351,21.95,0.0
2015-05-10,0.0,0.0,0.0,0.0
2015-05-09,0.0,0.0,0.0,0.0
2015-05-08,7.53,58.27466,21.79,0.0
2015-05-07,7.43,58.16988,21.55,0.0
2015-05-06,7.53,59.85163,21.19,0.0
2015-05-05,7.55,60.28033,21.47,0.0
2015-05-04,7.58,59.54835,22.03,0.0
2015-05-03,0.0,0.0,0.0,0.0
2015-05-02,0.0,0.0,0.0,0.0
2015-05-01,7.48,59.46139,0.0,0.0
2015-04-30,7.39,59.55056,21.98,0.0
2015-04-29,7.46,59.08112,22.08,0.0
2015-04-28,7.35,58.92971,22.46,0.0
2015-04-27,7.15,59.43889,22.28,0.0
2015-04-26,0.0,0.0,0.0,0.0
2015-04-25,0.0,0.0,0.0,0.0
2015-04-24,7.28,60.14927,22.16,0.0
2015-04-23,7.25,59.91316,21.69,0.0
2015-04-22,7.09,58.47315,21.64,0.0
2015-04-21,7.08,57.72736,21.74,0.0
2015-04-20,7.13,59.02875,21.75,0.0
2015-04-19,0.0,0.0,0.0,0.0
2015-04-18,0.0,0.0,0.0,0.0
2015-04-17,6.84,58.86446,21.8,0.0
2015-04-16,6.87,59.62721,22.04,0.0
2015-04-15,6.85,56.80384,22.24,0.0
2015-04-14,6.8,54.81753,22.26,0.0
2015-04-13,6.8,54.7439,22.51,0.0
2015-04-12,0.0,0.0,0.0,0.0
2015-04-11,0.0,0.0,0.0,0.0
2015-04-10,6.94,54.63557,22.13,0.0
2015-04-09,7.01,53.02775,22.2,0.0
2015-04-08,7.12,51.34486,21.92,0.0
2015-04-07,7.11,54.46503,21.69,0.0
2015-04-06,7.15,52.8652,0.0,0.0
2015-04-05,0.0,0.0,0.0,0.0
2015-04-04,0.0,0.0,0.0,0.0
2015-04-03,0.0,0.0,0.0,0.0
2015-04-02,7.15,50.50551,21.22,0.0
2015-04-01,7.15,52.96846,21.21,0.0
2015-03-31,6.93,51.37025,20.97,0.0
2015-03-30,6.88,52.02403,21.29,0.0
2015-03-29,0.0,0.0,0.0,0.0
2015-03-28,0.0,0.0,0.0,0.0
2015-03-27,6.76,51.7428,21.3,0.0
2015-03-26,6.94,54.46765,21.44,0.0
2015-03-25,6.96,51.49056,21.51,0.0
2015-03-24,7.03,50.46703,21.73,0.0
2015-03-23,7.04,51.15258,21.53,0.0
2015-03-22,0.0,0.0,0.0,0.0
2015-03-21,0.0,0.0,0.0,0.0
2015-03-20,7.04,51.00028,21.5,0.0
2015-03-19,6.67,51.18007,20.95,0.0
2015-03-18,6.74,52.48287,20.86,0.0
2015-03-17,6.73,50.50496,20.73,0.0
2015-03-16,6.49,50.4627,20.83,0.0
2015-03-15,0.0,0.0,0.0,0.0
2015-03-14,0.0,0.0,0.0,0.0
2015-03-13,6.46,52.10637,20.7,0.0
2015-03-12,6.41,53.80337,20.74,0.0
2015-03-11,6.76,54.6335,21.06,0.0
2015-03-10,6.82,52.60752,20.83,0.0
2015-03-09,6.68,53.89503,21.11,0.0
2015-03-08,0.0,0.0,0.0,0.0
2015-03-07,0.0,0.0,0.0,0.0
2015-03-06,6.8,55.02027,21.1,0.0
2015-03-05,6.75,54.89698,21.56,0.0
2015-03-04,7.02,54.68256,21.54,0.0
2015-03-03,6.73,54.47728,21.48,0.0
2015-03-02,6.94,53.26534,21.73,0.0
2015-03-01,0.0,0.0,0.0,0.0
2015-02-28,0.0,0.0,0.0,0.0
2015-02-27,7.09,55.89996,21.6,0.0
2015-02-26,7.06,53.64002,21.33,0.0
2015-02-25,7.39,54.23744,21.25,0.0
2015-02-24,7.46,51.74665,21.24,0.0
2015-02-23,7.7,51.9767,20.91,0.0
2015-02-22,0.0,0.0,0.0,0.0
2015-02-21,0.0,0.0,0.0,0.0
2015-02-20,7.32,52.85702,20.61,0.0
2015-02-19,7.34,52.94118,20.54,0.0
2015-02-18,7.49,53.36331,20.51,0.0
2015-02-17,7.47,54.76441,20.64,0.0
2015-02-16,7.65,54.06833,21.05,0.0
2015-02-15,0.0,0.0,0.0,0.0
2015-02-14,0.0,0.0,0.0,0.0
2015-02-13,7.63,53.92707,21.08,0.0
2015-02-12,7.39,50.09659,20.78,0.0
2015-02-11,7.23,48.39738,20.26,0.0
2015-02-10,7.1,49.88508,20.58,0.0
2015-02-09,6.91,51.49616,20.25,0.0
2015-02-08,0.0,0.0,0.0,0.0
2015-02-07,0.0,0.0,0.0,0.0
2015-02-06,6.95,51.05105,20.53,0.0
2015-02-05,6.99,49.4018,20.34,0.0
2015-02-04,6.92,47.44634,20.38,0.0
2015-02-03,7.05,50.48383,20.9,0.0
2015-02-02,7.13,48.31024,20.63,0.0
2015-02-01,0.0,0.0,0.0,0.0
2015-01-31,0.0,0.0,0.0,0.0
2015-01-30,7.07,46.94366,20.84,0.0
2015-01-29,7.04,43.45865,21.28,0.0
2015-01-28,6.94,42.6898,21.15,0.0
2015-01-27,6.83,43.68889,21.02,0.0
2015-01-26,6.85,42.69504,21.07,0.0
2015-01-25,0.0,0.0,0.0,0.0
2015-01-24,0.0,0.0,0.0,0.0
2015-01-23,6.8,43.34962,20.85,0.0
2015-01-22,6.76,42.62497,20.74,0.0
2015-01-21,7.32,42.35853,20.12,0.0
2015-01-20,7.16,41.55698,19.57,0.0
2015-01-19,7.21,42.07081,19.6,0.0
2015-01-18,0.0,0.0,0.0,0.0
2015-01-17,0.0,0.0,0.0,0.0
2015-01-16,7.13,43.44475,19.46,0.0
2015-01-15,7.12,41.09129,19.32,0.0
2015-01-14,7.16,41.30472,18.9,0.0
2015-01-13,7.29,39.53331,19.54,0.0
2015-01-12,6.71,40.10654,19.2,0.0
2015-01-11,0.0,0.0,0.0,0.0
2015-01-10,0.0,0.0,0.0,0.0
2015-01-09,6.71,42.35841,19.47,0.0
2015-01-08,6.81,43.12431,19.76,0.0
2015-01-07,6.78,43.23753,19.6,0.0
2015-01-06,6.76,42.86194,19.8,0.0
2015-01-05,6.89,44.54416,20.05,0.0
2015-01-04,0.0,0.0,0.0,0.0
2015-01-03,0.0,0.0,0.0,0.0
2015-01-02,6.99,46.97752,20.98,0.0
2015-01-01,0.0,0.0,0.0,0.0
2014-12-31,0.0,0.0,0.0,0.0
2014-12-30,0.0,0.0,0.0,0.0
2014-12-29,0.0,0.0,0.0,0.0
2014-12-28,0.0,0.0,0.0,0.0
2014-12-27,0.0,0.0,0.0,0.0
2014-12-26,0.0,0.0,0.0,0.0
2014-12-25,0.0,0.0,0.0,0.0
2014-12-24,0.0,0.0,0.0,0.0
2014-12-23,0.0,0.0,0.0,0.0
2014-12-22,0.0,0.0,0.0,0.0
2014-12-21,0.0,0.0,0.0,0.0
2014-12-20,0.0,0.0,0.0,0.0
2014-12-19,0.0,0.0,0.0,0.0
2014-12-18,0.0,0.0,0.0,0.0
2014-12-17,0.0,0.0,0.0,0.0
2014-12-16,0.0,0.0,0.0,0.0
2014-12-15,0.0,0.0,0.0,0.0
2014-12-14,0.0,0.0,0.0,0.0
2014-12-13,0.0,0.0,0.0,0.0
2014-12-12,0.0,0.0,0.0,0.0
2014-12-11,0.0,0.0,0.0,0.0
2014-12-10,0.0,0.0,0.0,0.0
2014-12-09,0.0,0.0,0.0,0.0
2014-12-08,0.0,0.0,0.0,0.0
2014-12-07,0.0,0.0,0.0,0.0
2014-12-06,0.0,0.0,0.0,0.0
2014-12-05,0.0,0.0,0.0,0.0
2014-12-04,0.0,0.0,0.0,0.0
2014-12-03,0.0,0.0,0.0,0.0
2014-12-02,0.0,0.0,0.0,0.0
2014-12-01,0.0,0.0,0.0,0.0
2014-11-30,0.0,0.0,0.0,0.0
2014-11-29,0.0,0.0,0.0,0.0
2014-11-28,0.0,0.0,0.0,0.0
2014-11-27,0.0,0.0,0.0,0.0
2014-11-26,0.0,0.0,0.0,0.0
2014-11-25,0.0,0.0,0.0,0.0
2014-11-24,0.0,0.0,0.0,0.0
2014-11-23,0.0,0.0,0.0,0.0
2014-11-22,0.0,0.0,0.0,0.0
2014-11-21,0.0,0.0,0.0,0.0
2014-11-20,0.0,0.0,0.0,0.0
2014-11-19,0.0,0.0,0.0,0.0
2014-11-18,0.0,0.0,0.0,0.0
2014-11-17,0.0,0.0,0.0,0.0
2014-11-16,0.0,0.0,0.0,0.0
2014-11-15,0.0,0.0,0.0,0.0
2014-11-14,0.0,0.0,0.0,0.0
2014-11-13,0.0,0.0,0.0,0.0
2014-11-12,0.0,0.0,0.0,0.0
2014-11-11,0.0,0.0,0.0,0.0
2014-11-10,0.0,0.0,0.0,0.0
2014-11-09,0.0,0.0,0.0,0.0
2014-11-08,0.0,0.0,0.0,0.0
2014-11-07,0.0,0.0,0.0,0.0
2014-11-06,0.0,0.0,0.0,0.0
2014-11-05,0.0,0.0,0.0,0.0
2014-11-04,0.0,0.0,0.0,0.0
2014-11-03,0.0,0.0,0.0,0.0
2014-11-02,0.0,0.0,0.0,0.0
2014-11-01,0.0,0.0,0.0,0.0
2014-10-31,0.0,0.0,0.0,0.0
2014-10-30,0.0,0.0,0.0,0.0
2014-10-29,0.0,0.0,0.0,0.0
2014-10-28,0.0,0.0,0.0,0.0
2014-10-27,0.0,0.0,0.0,0.0
2014-10-26,0.0,0.0,0.0,0.0
2014-10-25,0.0,0.0,0.0,0.0
2014-10-24,0.0,0.0,0.0,0.0
2014-10-23,0.0,0.0,0.0,0.0
2014-10-22,0.0,0.0,0.0,0.0
2014-10-21,0.0,0.0,0.0,0.0
2014-10-20,0.0,0.0,0.0,0.0
2014-10-19,0.0,0.0,0.0,0.0
2014-10-18,0.0,0.0,0.0,0.0
2014-10-17,0.0,0.0,0.0,0.0
2014-10-16,0.0,0.0,0.0,0.0
2014-10-15,0.0,0.0,0.0,0.0
2014-10-14,0.0,0.0,0.0,0.0
2014-10-13,0.0,0.0,0.0,0.0
2014-10-12,0.0,0.0,0.0,0.0
2014-10-11,0.0,0.0,0.0,0.0
2014-10-10,0.0,0.0,0.0,0.0
2014-10-09,0.0,0.0,0.0,0.0
2014-10-08,0.0,0.0,0.0,0.0
2014-10-07,0.0,0.0,0.0,0.0
2014-10-06,0.0,0.0,0.0,0.0
2014-10-05,0.0,0.0,0.0,0.0
2014-10-04,0.0,0.0,0.0,0.0
2014-10-03,0.0,0.0,0.0,0.0
2014-10-02,0.0,0.0,0.0,0.0
2014-10-01,0.0,0.0,0.0,0.0
2014-09-30,0.0,0.0,0.0,0.0
2014-09-29,0.0,0.0,0.0,0.0
2014-09-28,0.0,0.0,0.0,0.0
2014-09-27,0.0,0.0,0.0,0.0
2014-09-26,0.0,0.0,0.0,0.0
2014-09-25,0.0,0.0,0.0,0.0
2014-09-24,0.0,0.0,0.0,0.0
2014-09-23,0.0,0.0,0.0,0.0
2014-09-22,0.0,0.0,0.0,0.0
2014-09-21,0.0,0.0,0.0,0.0
2014-09-20,0.0,0.0,0.0,0.0
2014-09-19,0.0,0.0,0.0,0.0
2014-09-18,0.0,0.0,0.0,0.0
2014-09-17,0.0,0.0,0.0,0.0
2014-09-16,0.0,0.0,0.0,0.0
2014-09-15,0.0,0.0,0.0,0.0
2014-09-14,0.0,0.0,0.0,0.0
2014-09-13,0.0,0.0,0.0,0.0
2014-09-12,0.0,0.0,0.0,0.0
2014-09-11,0.0,0.0,0.0,0.0
2014-09-10,0.0,0.0,0.0,0.0
2014-09-09,0.0,0.0,0.0,0.0
2014-09-08,0.0,0.0,0.0,0.0
2014-09-07,0.0,0.0,0.0,0.0
2014-09-06,0.0,0.0,0.0,0.0
2014-09-05,0.0,0.0,0.0,0.0
2014-09-04,0.0,0.0,0.0,0.0
2014-09-03,0.0,0.0,0.0,0.0
2014-09-02,0.0,0.0,0.0,0.0
2014-09-01,0.0,0.0,0.0,0.0
2014-08-31,0.0,0.0,0.0,0.0
2014-08-30,0.0,0.0,0.0,0.0
2014-08-29,0.0,0.0,0.0,0.0
2014-08-28,0.0,0.0,0.0,0.0
2014-08-27,0.0,0.0,0.0,0.0
2014-08-26,0.0,0.0,0.0,0.0
2014-08-25,0.0,0.0,0.0,0.0
2014-08-24,0.0,0.0,0.0,0.0
2014-08-23,0.0,0.0,0.0,0.0
2014-08-22,0.0,0.0,0.0,0.0
2014-08-21,0.0,0.0,0.0,0.0
2014-08-20,0.0,0.0,0.0,0.0
2014-08-19,0.0,0.0,0.0,0.0
2014-08-18,0.0,0.0,0.0,0.0
2014-08-17,0.0,0.0,0.0,0.0
2014-08-16,0.0,0.0,0.0,0.0
2014-08-15,0.0,0.0,0.0,0.0
2014-08-14,0.0,0.0,0.0,0.0
2014-08-13,0.0,0.0,0.0,0.0
2014-08-12,0.0,0.0,0.0,0.0
2014-08-11,0.0,0.0,0.0,0.0
2014-08-10,0.0,0.0,0.0,0.0
2014-08-09,0.0,0.0,0.0,0.0
2014-08-08,0.0,0.0,0.0,0.0
2014-08-07,0.0,0.0,0.0,0.0
2014-08-06,0.0,0.0,0.0,0.0
2014-08-05,0.0,0.0,0.0,0.0
2014-08-04,0.0,0.0,0.0,0.0
2014-08-03,0.0,0.0,0.0,0.0
2014-08-02,0.0,0.0,0.0,0.0
2014-08-01,0.0,0.0,0.0,0.0
2014-07-31,0.0,0.0,0.0,0.0
2014-07-30,0.0,0.0,0.0,0.0
2014-07-29,0.0,0.0,0.0,0.0
2014-07-28,0.0,0.0,0.0,0.0
2014-07-27,0.0,0.0,0.0,0.0
2014-07-26,0.0,0.0,0.0,0.0
2014-07-25,0.0,0.0,0.0,0.0
2014-07-24,0.0,0.0,0.0,0.0
2014-07-23,0.0,0.0,0.0,0.0
2014-07-22,0.0,0.0,0.0,0.0
2014-07-21,0.0,0.0,0.0,0.0
2014-07-20,0.0,0.0,0.0,0.0
2014-07-19,0.0,0.0,0.0,0.0
2014-07-18,0.0,0.0,0.0,0.0
2014-07-17,0.0,0.0,0.0,0.0
2014-07-16,0.0,0.0,0.0,0.0
2014-07-15,0.0,0.0,0.0,0.0
2014-07-14,0.0,0.0,0.0,0.0
2014-07-13,0.0,0.0,0.0,0.0
2014-07-12,0.0,0.0,0.0,0.0
2014-07-11,0.0,0.0,0.0,0.0
2014-07-10,0.0,0.0,0.0,0.0
2014-07-09,0.0,0.0,0.0,0.0
2014-07-08,0.0,0.0,0.0,0.0
2014-07-07,0.0,0.0,0.0,0.0
2014-07-06,0.0,0.0,0.0,0.0
2014-07-05,0.0,0.0,0.0,0.0
2014-07-04,0.0,0.0,0.0,0.0
2014-07-03,0.0,0.0,0.0,0.0
2014-07-02,0.0,0.0,0.0,0.0
2014-07-01,0.0,0.0,0.0,0.0
2014-06-30,0.0,0.0,0.0,0.0
2014-06-29,0.0,0.0,0.0,0.0
2014-06-28,0.0,0.0,0.0,0.0
2014-06-27,0.0,0.0,0.0,0.0
2014-06-26,0.0,0.0,0.0,0.0
2014-06-25,0.0,0.0,0.0,0.0
2014-06-24,0.0,0.0,0.0,0.0
2014-06-23,0.0,0.0,0.0,0.0
2014-06-22,0.0,0.0,0.0,0.0
2014-06-21,0.0,0.0,0.0,0.0
2014-06-20,0.0,0.0,0.0,0.0
2014-06-19,0.0,0.0,0.0,0.0
2014-06-18,0.0,0.0,0.0,0.0
2014-06-17,0.0,0.0,0.0,0.0
2014-06-16,0.0,0.0,0.0,0.0
2014-06-15,0.0,0.0,0.0,0.0
2014-06-14,0.0,0.0,0.0,0.0
2014-06-13,0.0,0.0,0.0,0.0
2014-06-12,0.0,0.0,0.0,0.0
2014-06-11,0.0,0.0,0.0,0.0
2014-06-10,0.0,0.0,0.0,0.0
2014-06-09,0.0,0.0,0.0,0.0
2014-06-08,0.0,0.0,0.0,0.0
2014-06-07,0.0,0.0,0.0,0.0
2014-06-06,0.0,0.0,0.0,0.0
2014-06-05,0.0,0.0,0.0,0.0
2014-06-04,0.0,0.0,0.0,0.0
2014-06-03,0.0,0.0,0.0,0.0
2014-06-02,0.0,0.0,0.0,0.0
2014-06-01,0.0,0.0,0.0,0.0
2014-05-31,0.0,0.0,0.0,0.0
2014-05-30,0.0,0.0,0.0,0.0
2014-05-29,0.0,0.0,0.0,0.0
2014-05-28,0.0,0.0,0.0,0.0
2014-05-27,0.0,0.0,0.0,0.0
2014-05-26,0.0,0.0,0.0,0.0
2014-05-25,0.0,0.0,0.0,0.0
2014-05-24,0.0,0.0,0.0,0.0
2014-05-23,0.0,0.0,0.0,0.0
2014-05-22,0.0,0.0,0.0,0.0
2014-05-21,0.0,0.0,0.0,0.0
2014-05-20,0.0,0.0,0.0,0.0
2014-05-19,0.0,0.0,0.0,0.0
2014-05-18,0.0,0.0,0.0,0.0
2014-05-17,0.0,0.0,0.0,0.0
2014-05-16,0.0,0.0,0.0,0.0
2014-05-15,0.0,0.0,0.0,0.0
2014-05-14,0.0,0.0,0.0,0.0
2014-05-13,0.0,0.0,0.0,0.0
2014-05-12,0.0,0.0,0.0,0.0
2014-05-11,0.0,0.0,0.0,0.0
2014-05-10,0.0,0.0,0.0,0.0
2014-05-09,0.0,0.0,0.0,0.0
2014-05-08,0.0,0.0,0.0,0.0
2014-05-07,0.0,0.0,0.0,0.0
2014-05-06,0.0,0.0,0.0,0.0
2014-05-05,0.0,0.0,0.0,0.0
2014-05-04,0.0,0.0,0.0,0.0
2014-05-03,0.0,0.0,0.0,0.0
2014-05-02,0.0,0.0,0.0,0.0
2014-05-01,0.0,0.0,0.0,0.0
2014-04-30,0.0,0.0,0.0,0.0
2014-04-29,0.0,0.0,0.0,0.0
2014-04-28,0.0,0.0,0.0,0.0
2014-04-27,0.0,0.0,0.0,0.0
2014-04-26,0.0,0.0,0.0,0.0
2014-04-25,0.0,0.0,0.0,0.0
2014-04-24,0.0,0.0,0.0,0.0
2014-04-23,0.0,0.0,0.0,0.0
2014-04-22,0.0,0.0,0.0,0.0
2014-04-21,0.0,0.0,0.0,0.0
2014-04-20,0.0,0.0,0.0,0.0
2014-04-19,0.0,0.0,0.0,0.0
2014-04-18,0.0,0.0,0.0,0.0
2014-04-17,0.0,0.0,0.0,0.0
2014-04-16,0.0,0.0,0.0,0.0
2014-04-15,0.0,0.0,0.0,0.0
2014-04-14,0.0,0.0,0.0,0.0
2014-04-13,0.0,0.0,0.0,0.0
2014-04-12,0.0,0.0,0.0,0.0
2014-04-11,0.0,0.0,0.0,0.0
2014-04-10,0.0,0.0,0.0,0.0
2014-04-09,0.0,0.0,0.0,0.0
2014-04-08,0.0,0.0,0.0,0.0
2014-04-07,0.0,0.0,0.0,0.0
2014-04-06,0.0,0.0,0.0,0.0
2014-04-05,0.0,0.0,0.0,0.0
2014-04-04,0.0,0.0,0.0,0.0
2014-04-03,0.0,0.0,0.0,0.0
2014-04-02,0.0,0.0,0.0,0.0
2014-04-01,0.0,0.0,0.0,0.0
2014-03-31,0.0,0.0,0.0,0.0
2014-03-30,0.0,0.0,0.0,0.0
2014-03-29,0.0,0.0,0.0,0.0
2014-03-28,0.0,0.0,0.0,0.0
2014-03-27,0.0,0.0,0.0,0.0
2014-03-26,0.0,0.0,0.0,0.0
2014-03-25,0.0,0.0,0.0,0.0
2014-03-24,0.0,0.0,0.0,0.0
2014-03-23,0.0,0.0,0.0,0.0
2014-03-22,0.0,0.0,0.0,0.0
2014-03-21,0.0,0.0,0.0,0.0
2014-03-20,0.0,0.0,0.0,0.0
2014-03-19,0.0,0.0,0.0,0.0
2014-03-18,0.0,0.0,0.0,0.0
2014-03-17,0.0,0.0,0.0,0.0
2014-03-16,0.0,0.0,0.0,0.0
2014-03-15,0.0,0.0,0.0,0.0
2014-03-14,0.0,0.0,0.0,0.0
2014-03-13,0.0,0.0,0.0,0.0
2014-03-12,0.0,0.0,0.0,0.0
2014-03-11,0.0,0.0,0.0,0.0
2014-03-10,0.0,0.0,0.0,0.0
2014-03-09,0.0,0.0,0.0,0.0
2014-03-08,0.0,0.0,0.0,0.0
2014-03-07,0.0,0.0,0.0,0.0
2014-03-06,0.0,0.0,0.0,0.0
2014-03-05,0.0,0.0,0.0,0.0
2014-03-04,0.0,0.0,0.0,0.0
2014-03-03,0.0,0.0,0.0,0.0
2014-03-02,0.0,0.0,0.0,0.0
2014-03-01,0.0,0.0,0.0,0.0
2014-02-28,0.0,0.0,0.0,0.0
2014-02-27,0.0,0.0,0.0,0.0
2014-02-26,0.0,0.0,0.0,0.0
2014-02-25,0.0,0.0,0.0,0.0
2014-02-24,0.0,0.0,0.0,0.0
2014-02-23,0.0,0.0,0.0,0.0
2014-02-22,0.0,0.0,0.0,0.0
2014-02-21,0.0,0.0,0.0,0.0
2014-02-20,0.0,0.0,0.0,0.0
2014-02-19,0.0,0.0,0.0,0.0
2014-02-18,0.0,0.0,0.0,0.0
2014-02-17,0.0,0.0,0.0,0.0
2014-02-16,0.0,0.0,0.0,0.0
2014-02-15,0.0,0.0,0.0,0.0
2014-02-14,0.0,0.0,0.0,0.0
2014-02-13,0.0,0.0,0.0,0.0
2014-02-12,0.0,0.0,0.0,0.0
2014-02-11,0.0,0.0,0.0,0.0
2014-02-10,0.0,0.0,0.0,0.0
2014-02-09,0.0,0.0,0.0,0.0
2014-02-08,0.0,0.0,0.0,0.0
2014-02-07,0.0,0.0,0.0,0.0
2014-02-06,0.0,0.0,0.0,0.0
2014-02-05,0.0,0.0,0.0,0.0
2014-02-04,0.0,0.0,0.0,0.0
2014-02-03,0.0,0.0,0.0,0.0
2014-02-02,0.0,0.0,0.0,0.0
2014-02-01,0.0,0.0,0.0,0.0
2014-01-31,0.0,0.0,0.0,0.0
2014-01-30,0.0,0.0,0.0,0.0
2014-01-29,0.0,0.0,0.0,0.0
2014-01-28,0.0,0.0,0.0,0.0
2014-01-27,0.0,0.0,0.0,0.0
2014-01-26,0.0,0.0,0.0,0.0
2014-01-25,0.0,0.0,0.0,0.0
2014-01-24,0.0,0.0,0.0,0.0
2014-01-23,0.0,0.0,0.0,0.0
2014-01-22,0.0,0.0,0.0,0.0
2014-01-21,0.0,0.0,0.0,0.0
2014-01-20,0.0,0.0,0.0,0.0
2014-01-19,0.0,0.0,0.0,0.0
2014-01-18,0.0,0.0,0.0,0.0
2014-01-17,0.0,0.0,0.0,0.0
2014-01-16,0.0,0.0,0.0,0.0
2014-01-15,0.0,0.0,0.0,0.0
2014-01-14,0.0,0.0,0.0,0.0
2014-01-13,0.0,0.0,0.0,0.0
2014-01-12,0.0,0.0,0.0,0.0
2014-01-11,0.0,0.0,0.0,0.0
2014-01-10,0.0,0.0,0.0,0.0
2014-01-09,0.0,0.0,0.0,0.0
2014-01-08,0.0,0.0,0.0,0.0
2014-01-07,0.0,0.0,0.0,0.0
2014-01-06,0.0,0.0,0.0,0.0
2014-01-05,0.0,0.0,0.0,0.0
2014-01-04,0.0,0.0,0.0,0.0
2014-01-03,0.0,0.0,0.0,0.0
2014-01-02,0.0,0.0,0.0,0.0
2014-01-01,0.0,0.0,0.0,0.0
